name,tag,expected,outcome,wall_ms,verdict,detail
AssertionError1,THOROUGH,^VERIFICATION SUCCESSFUL$,PASS,53,SUCCESSFUL,^VERIFICATION SUCCESSFUL$
AssertionError1_fail,THOROUGH,^VERIFICATION FAILED$,PASS,54,FAILED,^VERIFICATION FAILED$
AssertionError2,THOROUGH,^VERIFICATION SUCCESSFUL$,PASS,95,SUCCESSFUL,^VERIFICATION SUCCESSFUL$
AssertionError2_fail,CORE,^VERIFICATION FAILED$,PASS,101,FAILED,^VERIFICATION FAILED$
abs,CORE,^VERIFICATION SUCCESSFUL$,PASS,55,SUCCESSFUL,^VERIFICATION SUCCESSFUL$
abs-fail,CORE,,UNKNOWN,52,FAILED,no expected regex
all,CORE,,UNKNOWN,69,SUCCESSFUL,no expected regex
all2,CORE,^VERIFICATION SUCCESSFUL$,PASS,52,SUCCESSFUL,^VERIFICATION SUCCESSFUL$
all3,CORE,^VERIFICATION SUCCESSFUL$,DIFF,55,FAILED,expected=^VERIFICATION SUCCESSFUL$
all4,CORE,^VERIFICATION SUCCESSFUL$,DIFF,60,FAILED,expected=^VERIFICATION SUCCESSFUL$
all5,CORE,^VERIFICATION SUCCESSFUL$,DIFF,79,FAILED,expected=^VERIFICATION SUCCESSFUL$
all6,CORE,^VERIFICATION SUCCESSFUL$,DIFF,140,FAILED,expected=^VERIFICATION SUCCESSFUL$
all6_fail,CORE,^VERIFICATION FAILED$,PASS,146,FAILED,^VERIFICATION FAILED$
annotate-else,THOROUGH,^VERIFICATION SUCCESSFUL$,PASS,62,SUCCESSFUL,^VERIFICATION SUCCESSFUL$
annotate-function,CORE,,UNKNOWN,63,SUCCESSFUL,no expected regex
annotate-method,CORE,^VERIFICATION SUCCESSFUL$,PASS,63,SUCCESSFUL,^VERIFICATION SUCCESSFUL$
any,CORE,^VERIFICATION SUCCESSFUL$,DIFF,3211,FAILED,expected=^VERIFICATION SUCCESSFUL$
any-example,CORE,^VERIFICATION SUCCESSFUL$,PASS,71,SUCCESSFUL,^VERIFICATION SUCCESSFUL$
any-example_fail,CORE,^VERIFICATION FAILED$,PASS,75,FAILED,^VERIFICATION FAILED$
any2,CORE,^VERIFICATION SUCCESSFUL$,PASS,55,SUCCESSFUL,^VERIFICATION SUCCESSFUL$
arith-ops,THOROUGH,^VERIFICATION SUCCESSFUL$,PASS,57,SUCCESSFUL,^VERIFICATION SUCCESSFUL$
arith-ops-fail,CORE,^VERIFICATION FAILED$,PASS,51,FAILED,^VERIFICATION FAILED$
assert,CORE,^VERIFICATION SUCCESSFUL$,PASS,52,SUCCESSFUL,^VERIFICATION SUCCESSFUL$
assert-always-true,CORE,^VERIFICATION SUCCESSFUL$,PASS,52,SUCCESSFUL,^VERIFICATION SUCCESSFUL$
assert-arith,CORE,^VERIFICATION SUCCESSFUL$,PASS,56,SUCCESSFUL,^VERIFICATION SUCCESSFUL$
assert-branch_fail,CORE,^VERIFICATION FAILED$,PASS,53,FAILED,^VERIFICATION FAILED$
assert-class,CORE,^VERIFICATION SUCCESSFUL$,PASS,61,SUCCESSFUL,^VERIFICATION SUCCESSFUL$
assert-fail,CORE,^VERIFICATION FAILED$,PASS,51,FAILED,^VERIFICATION FAILED$
assert-list_fail,CORE,^VERIFICATION FAILED$,PASS,61,FAILED,^VERIFICATION FAILED$
assert-logical_fail,CORE,^VERIFICATION FAILED$,PASS,52,FAILED,^VERIFICATION FAILED$
assert-loop,CORE,^VERIFICATION SUCCESSFUL$,PASS,52,SUCCESSFUL,^VERIFICATION SUCCESSFUL$
assert-message_fail,CORE,^  x is equal to y$,FAIL,51,FAILED,expected=^  x is equal to y$
assert-nested_fail,CORE,^VERIFICATION FAILED$,PASS,53,FAILED,^VERIFICATION FAILED$
assert-recursive_fail,CORE,^VERIFICATION FAILED$,PASS,55,FAILED,^VERIFICATION FAILED$
assert2,CORE,^VERIFICATION SUCCESSFUL$,PASS,51,SUCCESSFUL,^VERIFICATION SUCCESSFUL$
assert3,CORE,^VERIFICATION SUCCESSFUL$,PASS,57,SUCCESSFUL,^VERIFICATION SUCCESSFUL$
assert4-fail,CORE,^VERIFICATION FAILED$,PASS,58,FAILED,^VERIFICATION FAILED$
assert5_fail,CORE,^  assertion x != y$,FAIL,52,FAILED,expected=^  assertion x != y$
assign-fail,CORE,ERROR: Type inference failed at line 1. Variable q not found,FAIL,52,SUCCESSFUL,expected=ERROR: Type inference failed at line 1. Variable q not found
aug-assign,CORE,,UNKNOWN,106,SUCCESSFUL,no expected regex
binary-ops,CORE,^VERIFICATION SUCCESSFUL$,PASS,59,SUCCESSFUL,^VERIFICATION SUCCESSFUL$
binary-search,CORE,^VERIFICATION SUCCESSFUL$,PASS,113,SUCCESSFUL,^VERIFICATION SUCCESSFUL$
bitwise-fail,CORE,,UNKNOWN,56,FAILED,no expected regex
boolop-len-or,CORE,^VERIFICATION SUCCESSFUL$,PASS,60,SUCCESSFUL,^VERIFICATION SUCCESSFUL$
boolop-short-circuit,CORE,,UNKNOWN,93,FAILED,no expected regex
boolop-short-circuit-fail,CORE,,UNKNOWN,92,FAILED,no expected regex
bounds-checking_fail,THOROUGH,^\s*index\s*<\s*l->size\s*$,FAIL,64,FAILED,expected=^\s*index\s*<\s*l->size\s*$
branch_coverage-fail,THOROUGH,^VERIFICATION FAILED$,PASS,96,FAILED,^VERIFICATION FAILED$
built-in-functions,CORE,^VERIFICATION SUCCESSFUL$,PASS,53,SUCCESSFUL,^VERIFICATION SUCCESSFUL$
builtin1,THOROUGH,,UNKNOWN,51,SUCCESSFUL,no expected regex
builtin1_fail,THOROUGH,^VERIFICATION FAILED$,PASS,51,FAILED,^VERIFICATION FAILED$
builtin2,CORE,^VERIFICATION SUCCESSFUL$,DIFF,54,FAILED,expected=^VERIFICATION SUCCESSFUL$
builtin2_fail,CORE,^VERIFICATION FAILED$,PASS,61,FAILED,^VERIFICATION FAILED$
builtin_all,CORE,^VERIFICATION SUCCESSFUL$,DIFF,8324,FAILED,expected=^VERIFICATION SUCCESSFUL$
builtin_all_complex,CORE,^VERIFICATION SUCCESSFUL$,PASS,625,SUCCESSFUL,^VERIFICATION SUCCESSFUL$
builtin_all_complex_fail,CORE,^VERIFICATION FAILED$,PASS,331,FAILED,^VERIFICATION FAILED$
builtin_all_fail,CORE,^VERIFICATION FAILED$,PASS,60,FAILED,^VERIFICATION FAILED$
builtin_all_genexp,CORE,^VERIFICATION SUCCESSFUL$,DIFF,117,FAILED,expected=^VERIFICATION SUCCESSFUL$
builtin_all_genexp_assign,CORE,^VERIFICATION SUCCESSFUL$,PASS,66,SUCCESSFUL,^VERIFICATION SUCCESSFUL$
builtin_all_genexp_assign_fail,CORE,^VERIFICATION FAILED$,PASS,68,FAILED,^VERIFICATION FAILED$
builtin_all_genexp_fail,CORE,^VERIFICATION FAILED$,PASS,58,FAILED,^VERIFICATION FAILED$
builtin_all_genexp_inner_iter_shadow,CORE,^VERIFICATION SUCCESSFUL$,DIFF,64,FAILED,expected=^VERIFICATION SUCCESSFUL$
builtin_all_genexp_nested,CORE,^VERIFICATION SUCCESSFUL$,DIFF,87,FAILED,expected=^VERIFICATION SUCCESSFUL$
builtin_all_genexp_nested_fail,CORE,^VERIFICATION FAILED$,PASS,72,FAILED,^VERIFICATION FAILED$
builtin_all_genexp_scope,CORE,^VERIFICATION SUCCESSFUL$,PASS,51,SUCCESSFUL,^VERIFICATION SUCCESSFUL$
builtin_all_genexp_short_circuit,CORE,^VERIFICATION SUCCESSFUL$,DIFF,62,FAILED,expected=^VERIFICATION SUCCESSFUL$
builtin_all_genexp_wrapped,CORE,^VERIFICATION SUCCESSFUL$,PASS,84,SUCCESSFUL,^VERIFICATION SUCCESSFUL$
builtin_all_nonliteral,CORE,^VERIFICATION SUCCESSFUL$,PASS,142,SUCCESSFUL,^VERIFICATION SUCCESSFUL$
builtin_any_empty_container,CORE,^VERIFICATION SUCCESSFUL$,DIFF,884,FAILED,expected=^VERIFICATION SUCCESSFUL$
builtin_any_empty_container_fail,CORE,^VERIFICATION FAILED$,PASS,369,FAILED,^VERIFICATION FAILED$
bytes,CORE,^VERIFICATION SUCCESSFUL$,DIFF,55,FAILED,expected=^VERIFICATION SUCCESSFUL$
bytes-assert-fail,CORE,^VERIFICATION FAILED$,PASS,52,FAILED,^VERIFICATION FAILED$
bytes-bounds-fail,CORE,^VERIFICATION FAILED$,PASS,54,FAILED,^VERIFICATION FAILED$
bytes-neg-index,CORE,^VERIFICATION SUCCESSFUL$,PASS,58,SUCCESSFUL,^VERIFICATION SUCCESSFUL$
bytes2,CORE,^VERIFICATION SUCCESSFUL$,PASS,58,SUCCESSFUL,^VERIFICATION SUCCESSFUL$
bytes2-fail,CORE,^VERIFICATION FAILED$,PASS,55,FAILED,^VERIFICATION FAILED$
bytes3,CORE,^VERIFICATION SUCCESSFUL$,PASS,54,SUCCESSFUL,^VERIFICATION SUCCESSFUL$
bytes4,CORE,^VERIFICATION SUCCESSFUL$,PASS,54,SUCCESSFUL,^VERIFICATION SUCCESSFUL$
bytes4-fail,CORE,^VERIFICATION FAILED$,PASS,53,FAILED,^VERIFICATION FAILED$
bytes5,THOROUGH,,UNKNOWN,61,SUCCESSFUL,no expected regex
bytes5_fail,THOROUGH,^VERIFICATION FAILED$,PASS,61,FAILED,^VERIFICATION FAILED$
callable,CORE,^VERIFICATION SUCCESSFUL$,PASS,54,SUCCESSFUL,^VERIFICATION SUCCESSFUL$
callable2,CORE,^VERIFICATION SUCCESSFUL$,PASS,52,SUCCESSFUL,^VERIFICATION SUCCESSFUL$
callable2_fail,CORE,^VERIFICATION FAILED$,PASS,51,FAILED,^VERIFICATION FAILED$
callable3,CORE,^VERIFICATION SUCCESSFUL$,PASS,51,SUCCESSFUL,^VERIFICATION SUCCESSFUL$
callable3_fail,CORE,^VERIFICATION FAILED$,PASS,52,FAILED,^VERIFICATION FAILED$
callable4,CORE,^VERIFICATION SUCCESSFUL$,DIFF,54,FAILED,expected=^VERIFICATION SUCCESSFUL$
callable5,CORE,^VERIFICATION SUCCESSFUL$,PASS,51,SUCCESSFUL,^VERIFICATION SUCCESSFUL$
callable6_fail,CORE,^VERIFICATION FAILED$,PASS,51,FAILED,^VERIFICATION FAILED$
callable7,CORE,^VERIFICATION SUCCESSFUL$,PASS,52,SUCCESSFUL,^VERIFICATION SUCCESSFUL$
callable_fail,CORE,^VERIFICATION FAILED$,PASS,52,FAILED,^VERIFICATION FAILED$
cast,KNOWNBUG,^VERIFICATION SUCCESSFUL$,DIFF,52,FAILED,expected=^VERIFICATION SUCCESSFUL$
casting,CORE,^VERIFICATION SUCCESSFUL$,DIFF,52,FAILED,expected=^VERIFICATION SUCCESSFUL$
casting-chr-func,CORE,^VERIFICATION SUCCESSFUL$,DIFF,56,FAILED,expected=^VERIFICATION SUCCESSFUL$
casting-chr-multibyte,CORE,^VERIFICATION SUCCESSFUL$,PASS,55,SUCCESSFUL,^VERIFICATION SUCCESSFUL$
casting-chr-multibyte-fail,CORE,^VERIFICATION FAILED$,PASS,52,FAILED,^VERIFICATION FAILED$
casting-chr-multibyte-reassign,CORE,^VERIFICATION SUCCESSFUL$,PASS,53,SUCCESSFUL,^VERIFICATION SUCCESSFUL$
casting-chr-multibyte2,CORE,^VERIFICATION SUCCESSFUL$,PASS,52,SUCCESSFUL,^VERIFICATION SUCCESSFUL$
casting-chr-var-multibyte,CORE,^VERIFICATION SUCCESSFUL$,DIFF,60,FAILED,expected=^VERIFICATION SUCCESSFUL$
casting10,CORE,^VERIFICATION SUCCESSFUL$,PASS,51,SUCCESSFUL,^VERIFICATION SUCCESSFUL$
casting11,CORE,^VERIFICATION SUCCESSFUL$,PASS,52,SUCCESSFUL,^VERIFICATION SUCCESSFUL$
casting12-fail,CORE,^VERIFICATION FAILED$,PASS,51,FAILED,^VERIFICATION FAILED$
casting13-fail,CORE,^\s*Throwing an exception of type TypeError but there is not catch for it.$,FAIL,51,SUCCESSFUL,expected=^\s*Throwing an exception of type TypeError but there is not catch for it.$
casting14,CORE,^VERIFICATION SUCCESSFUL$,PASS,56,SUCCESSFUL,^VERIFICATION SUCCESSFUL$
casting14-fail,CORE,^VERIFICATION FAILED$,PASS,53,FAILED,^VERIFICATION FAILED$
casting15-fail,CORE,^\s*Throwing an exception of type ValueError but there is not catch for it.$,FAIL,51,FAILED,expected=^\s*Throwing an exception of type ValueError but there is not catch for it.$
casting18-fail,CORE,^VERIFICATION FAILED$,PASS,54,FAILED,^VERIFICATION FAILED$
casting2,CORE,^VERIFICATION SUCCESSFUL$,PASS,55,SUCCESSFUL,^VERIFICATION SUCCESSFUL$
casting20,CORE,^VERIFICATION SUCCESSFUL$,PASS,52,SUCCESSFUL,^VERIFICATION SUCCESSFUL$
casting21-fail,CORE,^VERIFICATION FAILED$,PASS,50,FAILED,^VERIFICATION FAILED$
casting22-fail,CORE,^\s*Throwing an exception of type TypeError but there is not catch for it.$,FAIL,55,FAILED,expected=^\s*Throwing an exception of type TypeError but there is not catch for it.$
casting23,CORE,^VERIFICATION SUCCESSFUL$,PASS,52,SUCCESSFUL,^VERIFICATION SUCCESSFUL$
casting24-fail,CORE,^\s*Throwing an exception of type TypeError but there is not catch for it.$,FAIL,52,FAILED,expected=^\s*Throwing an exception of type TypeError but there is not catch for it.$
casting25-fail,CORE,^\s*Throwing an exception of type TypeError but there is not catch for it.$,FAIL,55,FAILED,expected=^\s*Throwing an exception of type TypeError but there is not catch for it.$
casting26,CORE,^VERIFICATION SUCCESSFUL$,PASS,52,SUCCESSFUL,^VERIFICATION SUCCESSFUL$
casting26_fail,CORE,^VERIFICATION FAILED$,PASS,50,FAILED,^VERIFICATION FAILED$
casting27,CORE,^VERIFICATION SUCCESSFUL$,PASS,53,SUCCESSFUL,^VERIFICATION SUCCESSFUL$
casting27_fail,CORE,^VERIFICATION FAILED$,PASS,53,FAILED,^VERIFICATION FAILED$
casting28,CORE,^VERIFICATION SUCCESSFUL$,PASS,52,SUCCESSFUL,^VERIFICATION SUCCESSFUL$
casting28_fail,CORE,^VERIFICATION FAILED$,PASS,53,FAILED,^VERIFICATION FAILED$
casting29,CORE,^VERIFICATION SUCCESSFUL$,PASS,52,SUCCESSFUL,^VERIFICATION SUCCESSFUL$
casting29_fail,CORE,^VERIFICATION FAILED$,PASS,51,FAILED,^VERIFICATION FAILED$
casting3-fail,CORE,^VERIFICATION FAILED$,PASS,53,FAILED,^VERIFICATION FAILED$
casting30,CORE,^VERIFICATION SUCCESSFUL$,PASS,51,SUCCESSFUL,^VERIFICATION SUCCESSFUL$
casting30_fail,CORE,^VERIFICATION FAILED$,PASS,53,FAILED,^VERIFICATION FAILED$
casting31,CORE,^VERIFICATION SUCCESSFUL$,PASS,52,SUCCESSFUL,^VERIFICATION SUCCESSFUL$
casting31_fail,CORE,^VERIFICATION FAILED$,PASS,52,FAILED,^VERIFICATION FAILED$
casting4,CORE,^VERIFICATION SUCCESSFUL$,PASS,54,SUCCESSFUL,^VERIFICATION SUCCESSFUL$
casting5-fail,CORE,^VERIFICATION FAILED$,PASS,53,FAILED,^VERIFICATION FAILED$
casting6,CORE,^VERIFICATION SUCCESSFUL$,PASS,54,SUCCESSFUL,^VERIFICATION SUCCESSFUL$
casting7-fail,CORE,^ERROR: '<' not supported between instances of 'float' and 'str' at .*main\.py:4$,FAIL,57,FAILED,expected=^ERROR: '<' not supported between instances of 'float' and 'str' at .*main\.py:4$
casting8-fail,CORE,^ERROR: '<=' not supported between instances of 'float' and 'str' at .*main\.py:2$,FAIL,52,SUCCESSFUL,expected=^ERROR: '<=' not supported between instances of 'float' and 'str' at .*main\.py:2$
casting9-fail,CORE,^ERROR: '<' not supported between instances of 'float' and 'str' at .*main\.py:3$,FAIL,53,FAILED,expected=^ERROR: '<' not supported between instances of 'float' and 'str' at .*main\.py:3$
chained-comparison,CORE,^VERIFICATION SUCCESSFUL$,PASS,51,SUCCESSFUL,^VERIFICATION SUCCESSFUL$
chained-comparison-fail,CORE,^VERIFICATION FAILED$,PASS,50,FAILED,^VERIFICATION FAILED$
chained-comparison2,CORE,^VERIFICATION SUCCESSFUL$,PASS,52,SUCCESSFUL,^VERIFICATION SUCCESSFUL$
chained-comparison2_fail,CORE,^VERIFICATION FAILED$,PASS,57,FAILED,^VERIFICATION FAILED$
class-attributes,CORE,^VERIFICATION SUCCESSFUL$,DIFF,54,FAILED,expected=^VERIFICATION SUCCESSFUL$
class-attributes-scoped,CORE,^VERIFICATION SUCCESSFUL$,PASS,53,SUCCESSFUL,^VERIFICATION SUCCESSFUL$
class-attributes_fail,CORE,^VERIFICATION FAILED$,DIFF,67,SUCCESSFUL,expected=^VERIFICATION FAILED$
class-binding,CORE,^VERIFICATION SUCCESSFUL$,PASS,52,SUCCESSFUL,^VERIFICATION SUCCESSFUL$
class-func-fail,CORE,^VERIFICATION FAILED$,PASS,56,FAILED,^VERIFICATION FAILED$
class-methods,CORE,^VERIFICATION SUCCESSFUL$,PASS,56,SUCCESSFUL,^VERIFICATION SUCCESSFUL$
class-methods-fail,CORE,^VERIFICATION FAILED$,PASS,52,FAILED,^VERIFICATION FAILED$
class-nested-ctor,CORE,^VERIFICATION SUCCESSFUL$,PASS,53,SUCCESSFUL,^VERIFICATION SUCCESSFUL$
class-super,CORE,^VERIFICATION SUCCESSFUL$,PASS,51,SUCCESSFUL,^VERIFICATION SUCCESSFUL$
class-super-fail,CORE,^VERIFICATION FAILED$,PASS,52,FAILED,^VERIFICATION FAILED$
class1,CORE,^VERIFICATION SUCCESSFUL$,PASS,56,SUCCESSFUL,^VERIFICATION SUCCESSFUL$
class10,CORE,^VERIFICATION SUCCESSFUL$,DIFF,210,FAILED,expected=^VERIFICATION SUCCESSFUL$
class11,CORE,^VERIFICATION SUCCESSFUL$,DIFF,62,FAILED,expected=^VERIFICATION SUCCESSFUL$
class12,CORE,^VERIFICATION SUCCESSFUL$,DIFF,143,FAILED,expected=^VERIFICATION SUCCESSFUL$
class13,CORE,^VERIFICATION SUCCESSFUL$,PASS,70,SUCCESSFUL,^VERIFICATION SUCCESSFUL$
class14,CORE,^VERIFICATION SUCCESSFUL$,PASS,51,SUCCESSFUL,^VERIFICATION SUCCESSFUL$
class14_fail,CORE,^VERIFICATION FAILED$,PASS,53,FAILED,^VERIFICATION FAILED$
class15,CORE,^VERIFICATION SUCCESSFUL$,PASS,108,SUCCESSFUL,^VERIFICATION SUCCESSFUL$
class15_fail,CORE,^VERIFICATION FAILED$,PASS,102,FAILED,^VERIFICATION FAILED$
class2,CORE,^VERIFICATION SUCCESSFUL$,PASS,56,SUCCESSFUL,^VERIFICATION SUCCESSFUL$
class2_fail,CORE,^VERIFICATION FAILED$,PASS,56,FAILED,^VERIFICATION FAILED$
class3,CORE,^VERIFICATION SUCCESSFUL$,PASS,61,SUCCESSFUL,^VERIFICATION SUCCESSFUL$
class3_fail,CORE,^VERIFICATION FAILED$,PASS,65,FAILED,^VERIFICATION FAILED$
class4,CORE,^VERIFICATION SUCCESSFUL$,PASS,53,SUCCESSFUL,^VERIFICATION SUCCESSFUL$
class5,CORE,^VERIFICATION SUCCESSFUL$,PASS,75,SUCCESSFUL,^VERIFICATION SUCCESSFUL$
class5_fail,CORE,^VERIFICATION FAILED$,PASS,78,FAILED,^VERIFICATION FAILED$
class6,CORE,^VERIFICATION SUCCESSFUL$,PASS,100,SUCCESSFUL,^VERIFICATION SUCCESSFUL$
class6_fail,CORE,^VERIFICATION FAILED$,PASS,52,FAILED,^VERIFICATION FAILED$
class7,CORE,^VERIFICATION SUCCESSFUL$,PASS,65,SUCCESSFUL,^VERIFICATION SUCCESSFUL$
class7_fail,CORE,^VERIFICATION FAILED$,PASS,90,FAILED,^VERIFICATION FAILED$
class9,CORE,^VERIFICATION SUCCESSFUL$,PASS,55,SUCCESSFUL,^VERIFICATION SUCCESSFUL$
class9-fail,CORE,^VERIFICATION FAILED$,PASS,56,FAILED,^VERIFICATION FAILED$
class_attr_inheritance,CORE,^VERIFICATION SUCCESSFUL$,PASS,50,SUCCESSFUL,^VERIFICATION SUCCESSFUL$
classes,CORE,^VERIFICATION SUCCESSFUL$,PASS,55,SUCCESSFUL,^VERIFICATION SUCCESSFUL$
classes-fail,CORE,^VERIFICATION FAILED$,PASS,55,FAILED,^VERIFICATION FAILED$
combo1,CORE,^VERIFICATION SUCCESSFUL$,DIFF,107,FAILED,expected=^VERIFICATION SUCCESSFUL$
combo1_fail,CORE,^VERIFICATION FAILED$,DIFF,104,SUCCESSFUL,expected=^VERIFICATION FAILED$
combo2,CORE,^VERIFICATION SUCCESSFUL$,PASS,104,SUCCESSFUL,^VERIFICATION SUCCESSFUL$
combo3,CORE,^VERIFICATION SUCCESSFUL$,DIFF,105,FAILED,expected=^VERIFICATION SUCCESSFUL$
combo4,THOROUGH,^VERIFICATION SUCCESSFUL$,PASS,130,SUCCESSFUL,^VERIFICATION SUCCESSFUL$
complex_abs_handler,CORE,^VERIFICATION SUCCESSFUL$,DIFF,473,FAILED,expected=^VERIFICATION SUCCESSFUL$
complex_assign_promote,CORE,^VERIFICATION SUCCESSFUL$,PASS,53,SUCCESSFUL,^VERIFICATION SUCCESSFUL$
complex_assign_promote_fail,CORE,^VERIFICATION FAILED$,PASS,56,FAILED,^VERIFICATION FAILED$
complex_attr_after_ops,CORE,^VERIFICATION SUCCESSFUL$,PASS,56,SUCCESSFUL,^VERIFICATION SUCCESSFUL$
complex_attr_augassign,CORE,^VERIFICATION SUCCESSFUL$,DIFF,64,FAILED,expected=^VERIFICATION SUCCESSFUL$
complex_attr_chained,CORE,^VERIFICATION SUCCESSFUL$,PASS,55,SUCCESSFUL,^VERIFICATION SUCCESSFUL$
complex_attr_cross_var,CORE,^VERIFICATION SUCCESSFUL$,PASS,64,SUCCESSFUL,^VERIFICATION SUCCESSFUL$
complex_attr_div_pow,CORE,^VERIFICATION SUCCESSFUL$,DIFF,60,FAILED,expected=^VERIFICATION SUCCESSFUL$
complex_attr_edge_values,CORE,^VERIFICATION SUCCESSFUL$,TOERR,64,,exit=6; expected=^VERIFICATION SUCCESSFUL$
complex_attr_float_type,CORE,^VERIFICATION SUCCESSFUL$,PASS,56,SUCCESSFUL,^VERIFICATION SUCCESSFUL$
complex_attr_identities,CORE,^VERIFICATION SUCCESSFUL$,PASS,168,SUCCESSFUL,^VERIFICATION SUCCESSFUL$
complex_attr_imag_fail,CORE,^VERIFICATION FAILED$,PASS,53,FAILED,^VERIFICATION FAILED$
complex_attr_in_exprs,CORE,^VERIFICATION SUCCESSFUL$,PASS,54,SUCCESSFUL,^VERIFICATION SUCCESSFUL$
complex_attr_int_promotion,CORE,^VERIFICATION SUCCESSFUL$,DIFF,58,FAILED,expected=^VERIFICATION SUCCESSFUL$
complex_attr_mixed_arith,CORE,^VERIFICATION SUCCESSFUL$,PASS,54,SUCCESSFUL,^VERIFICATION SUCCESSFUL$
complex_attr_real_fail,CORE,^VERIFICATION FAILED$,PASS,51,FAILED,^VERIFICATION FAILED$
complex_attr_real_imag,CORE,^VERIFICATION SUCCESSFUL$,PASS,56,SUCCESSFUL,^VERIFICATION SUCCESSFUL$
complex_attr_reassign,CORE,^VERIFICATION SUCCESSFUL$,DIFF,57,FAILED,expected=^VERIFICATION SUCCESSFUL$
complex_attr_with_abs,CORE,^VERIFICATION SUCCESSFUL$,PASS,3231,SUCCESSFUL,^VERIFICATION SUCCESSFUL$
complex_augassign,CORE,^VERIFICATION SUCCESSFUL$,DIFF,64,FAILED,expected=^VERIFICATION SUCCESSFUL$
complex_augassign_fail,CORE,^VERIFICATION FAILED$,PASS,55,FAILED,^VERIFICATION FAILED$
complex_augassign_handler,CORE,^VERIFICATION SUCCESSFUL$,DIFF,65,FAILED,expected=^VERIFICATION SUCCESSFUL$
complex_binop_promotion,CORE,^VERIFICATION SUCCESSFUL$,TOERR,131,,exit=6; expected=^VERIFICATION SUCCESSFUL$
complex_bool_context,CORE,^VERIFICATION SUCCESSFUL$,PASS,57,SUCCESSFUL,^VERIFICATION SUCCESSFUL$
complex_builtins,CORE,^VERIFICATION SUCCESSFUL$,TOERR,116,,exit=6; expected=^VERIFICATION SUCCESSFUL$
complex_chained_ops,CORE,^VERIFICATION SUCCESSFUL$,DIFF,6326,FAILED,expected=^VERIFICATION SUCCESSFUL$
complex_cmath_log,CORE,^VERIFICATION SUCCESSFUL$,DIFF,429,FAILED,expected=^VERIFICATION SUCCESSFUL$
complex_cmath_log_base,CORE,^VERIFICATION SUCCESSFUL$,DIFF,272,FAILED,expected=^VERIFICATION SUCCESSFUL$
complex_cmath_log_edges,CORE,^VERIFICATION SUCCESSFUL$,DIFF,214,FAILED,expected=^VERIFICATION SUCCESSFUL$
complex_cmath_log_errors,CORE,^VERIFICATION SUCCESSFUL$,DIFF,173,FAILED,expected=^VERIFICATION SUCCESSFUL$
complex_conjugate_after_ops,CORE,^VERIFICATION SUCCESSFUL$,PASS,57,SUCCESSFUL,^VERIFICATION SUCCESSFUL$
complex_conjugate_extended,CORE,^VERIFICATION SUCCESSFUL$,PASS,60,SUCCESSFUL,^VERIFICATION SUCCESSFUL$
complex_conjugate_fail,CORE,^VERIFICATION FAILED$,PASS,52,FAILED,^VERIFICATION FAILED$
complex_conjugate_handler,CORE,^VERIFICATION SUCCESSFUL$,DIFF,639,FAILED,expected=^VERIFICATION SUCCESSFUL$
complex_conjugate_identities,CORE,^VERIFICATION SUCCESSFUL$,PASS,1449,SUCCESSFUL,^VERIFICATION SUCCESSFUL$
complex_constructor_extended,CORE,^VERIFICATION SUCCESSFUL$,TOERR,88,,exit=6; expected=^VERIFICATION SUCCESSFUL$
complex_div_handler,CORE,^VERIFICATION SUCCESSFUL$,PASS,56,SUCCESSFUL,^VERIFICATION SUCCESSFUL$
complex_equality_nan_inf,CORE,^VERIFICATION SUCCESSFUL$,DIFF,111,FAILED,expected=^VERIFICATION SUCCESSFUL$
complex_floordiv_mod_typeerror,CORE,^VERIFICATION SUCCESSFUL$,PASS,59,SUCCESSFUL,^VERIFICATION SUCCESSFUL$
complex_handler_normalize,CORE,^VERIFICATION SUCCESSFUL$,DIFF,68,FAILED,expected=^VERIFICATION SUCCESSFUL$
complex_handler_typeerror,CORE,^VERIFICATION SUCCESSFUL$,DIFF,62,FAILED,expected=^VERIFICATION SUCCESSFUL$
complex_isinstance,CORE,^VERIFICATION SUCCESSFUL$,PASS,54,SUCCESSFUL,^VERIFICATION SUCCESSFUL$
complex_isinstance_arith,CORE,^VERIFICATION SUCCESSFUL$,DIFF,53,FAILED,expected=^VERIFICATION SUCCESSFUL$
complex_isinstance_cond,CORE,^VERIFICATION SUCCESSFUL$,DIFF,55,FAILED,expected=^VERIFICATION SUCCESSFUL$
complex_isinstance_conj,CORE,^VERIFICATION SUCCESSFUL$,DIFF,56,FAILED,expected=^VERIFICATION SUCCESSFUL$
complex_isinstance_fail,CORE,^VERIFICATION FAILED$,PASS,52,FAILED,^VERIFICATION FAILED$
complex_isinstance_neg,CORE,^VERIFICATION SUCCESSFUL$,DIFF,52,FAILED,expected=^VERIFICATION SUCCESSFUL$
complex_keyword_args,CORE,^VERIFICATION SUCCESSFUL$,DIFF,58,FAILED,expected=^VERIFICATION SUCCESSFUL$
complex_math_typeerror,CORE,^VERIFICATION SUCCESSFUL$,DIFF,333,FAILED,expected=^VERIFICATION SUCCESSFUL$
complex_math_typeerror_edges,CORE,^VERIFICATION SUCCESSFUL$,DIFF,586,FAILED,expected=^VERIFICATION SUCCESSFUL$
complex_math_wrapper_and_int_edges,CORE,^VERIFICATION SUCCESSFUL$,DIFF,114,FAILED,expected=^VERIFICATION SUCCESSFUL$
complex_mul_special_values,CORE,^VERIFICATION SUCCESSFUL$,DIFF,112,FAILED,expected=^VERIFICATION SUCCESSFUL$
complex_nondet,CORE,^VERIFICATION SUCCESSFUL$,PASS,89,SUCCESSFUL,^VERIFICATION SUCCESSFUL$
complex_nondet_abs_conj,CORE,^VERIFICATION SUCCESSFUL$,PASS,327,SUCCESSFUL,^VERIFICATION SUCCESSFUL$
complex_nondet_arith,CORE,^VERIFICATION SUCCESSFUL$,PASS,102,SUCCESSFUL,^VERIFICATION SUCCESSFUL$
complex_nondet_assume,CORE,^VERIFICATION SUCCESSFUL$,PASS,66,SUCCESSFUL,^VERIFICATION SUCCESSFUL$
complex_nondet_fail,CORE,^VERIFICATION FAILED$,PASS,52,FAILED,^VERIFICATION FAILED$
complex_nondet_fail2,CORE,^VERIFICATION FAILED$,PASS,57,FAILED,^VERIFICATION FAILED$
complex_nondet_indep,CORE,^VERIFICATION SUCCESSFUL$,PASS,56,SUCCESSFUL,^VERIFICATION SUCCESSFUL$
complex_nondet_ops,CORE,^VERIFICATION SUCCESSFUL$,PASS,57,SUCCESSFUL,^VERIFICATION SUCCESSFUL$
complex_pow_budget,CORE,^VERIFICATION SUCCESSFUL$,DIFF,151,FAILED,expected=^VERIFICATION SUCCESSFUL$
complex_pow_budget_edges,CORE,^VERIFICATION SUCCESSFUL$,DIFF,68,FAILED,expected=^VERIFICATION SUCCESSFUL$
complex_pow_complex_exp,CORE,^VERIFICATION SUCCESSFUL$,DIFF,57,FAILED,expected=^VERIFICATION SUCCESSFUL$
complex_pow_float_exponent,CORE,^VERIFICATION SUCCESSFUL$,DIFF,108,FAILED,expected=^VERIFICATION SUCCESSFUL$
complex_pow_handler,CORE,^VERIFICATION SUCCESSFUL$,DIFF,127,FAILED,expected=^VERIFICATION SUCCESSFUL$
complex_pow_neg_budget,CORE,^VERIFICATION SUCCESSFUL$,DIFF,59,FAILED,expected=^VERIFICATION SUCCESSFUL$
complex_pow_neg_inline,CORE,^VERIFICATION SUCCESSFUL$,DIFF,67,FAILED,expected=^VERIFICATION SUCCESSFUL$
complex_pow_negative_exp,CORE,^VERIFICATION SUCCESSFUL$,DIFF,57,FAILED,expected=^VERIFICATION SUCCESSFUL$
complex_pow_one,CORE,^VERIFICATION SUCCESSFUL$,DIFF,64,FAILED,expected=^VERIFICATION SUCCESSFUL$
complex_pow_small,CORE,^VERIFICATION SUCCESSFUL$,DIFF,65,FAILED,expected=^VERIFICATION SUCCESSFUL$
complex_pow_special_cases,CORE,^VERIFICATION SUCCESSFUL$,DIFF,67,FAILED,expected=^VERIFICATION SUCCESSFUL$
complex_pow_zero,CORE,^VERIFICATION SUCCESSFUL$,DIFF,54,FAILED,expected=^VERIFICATION SUCCESSFUL$
complex_pow_zero_neg_fail,CORE,^VERIFICATION FAILED$,DIFF,52,SUCCESSFUL,expected=^VERIFICATION FAILED$
complex_pow_zerodiv_fail,CORE,^VERIFICATION FAILED$,DIFF,54,SUCCESSFUL,expected=^VERIFICATION FAILED$
complex_repr,CORE,^VERIFICATION SUCCESSFUL$,DIFF,58,FAILED,expected=^VERIFICATION SUCCESSFUL$
complex_repr_fail,CORE,^VERIFICATION FAILED$,PASS,53,FAILED,^VERIFICATION FAILED$
complex_repr_var,CORE,^VERIFICATION SUCCESSFUL$,DIFF,57,FAILED,expected=^VERIFICATION SUCCESSFUL$
complex_str_basic,CORE,^VERIFICATION SUCCESSFUL$,DIFF,59,FAILED,expected=^VERIFICATION SUCCESSFUL$
complex_str_edges,CORE,^VERIFICATION SUCCESSFUL$,DIFF,58,FAILED,expected=^VERIFICATION SUCCESSFUL$
complex_str_fail,CORE,^VERIFICATION FAILED$,PASS,52,FAILED,^VERIFICATION FAILED$
complex_str_floats,CORE,^VERIFICATION SUCCESSFUL$,DIFF,56,FAILED,expected=^VERIFICATION SUCCESSFUL$
complex_str_nonconstant,CORE,^VERIFICATION SUCCESSFUL$,DIFF,61,FAILED,expected=^VERIFICATION SUCCESSFUL$
complex_str_single_arg,CORE,^VERIFICATION SUCCESSFUL$,DIFF,56,FAILED,expected=^VERIFICATION SUCCESSFUL$
complex_str_var,CORE,^VERIFICATION SUCCESSFUL$,DIFF,54,FAILED,expected=^VERIFICATION SUCCESSFUL$
complex_string_parsing,CORE,^VERIFICATION SUCCESSFUL$,TOERR,61,,exit=6; expected=^VERIFICATION SUCCESSFUL$
complex_sub_handler,CORE,^VERIFICATION SUCCESSFUL$,DIFF,56,FAILED,expected=^VERIFICATION SUCCESSFUL$
complex_unary_handler,CORE,^VERIFICATION SUCCESSFUL$,PASS,6913,SUCCESSFUL,^VERIFICATION SUCCESSFUL$
complex_zerodiv,CORE,^VERIFICATION SUCCESSFUL$,DIFF,54,FAILED,expected=^VERIFICATION SUCCESSFUL$
complex_zerodiv_fail,CORE,^VERIFICATION FAILED$,PASS,54,FAILED,^VERIFICATION FAILED$
complex_zerodiv_mixed_fail,CORE,^VERIFICATION FAILED$,PASS,55,FAILED,^VERIFICATION FAILED$
compound-assign,CORE,^VERIFICATION SUCCESSFUL$,PASS,53,SUCCESSFUL,^VERIFICATION SUCCESSFUL$
compound-assign-fail,CORE,^VERIFICATION FAILED$,PASS,53,FAILED,^VERIFICATION FAILED$
compound-stmt,CORE,^VERIFICATION SUCCESSFUL$,PASS,54,SUCCESSFUL,^VERIFICATION SUCCESSFUL$
compound-stmt-fail,CORE,^VERIFICATION FAILED$,PASS,57,FAILED,^VERIFICATION FAILED$
compound-stmt-fail2,CORE,^VERIFICATION FAILED$,PASS,53,FAILED,^VERIFICATION FAILED$
compound-stmt3,CORE,^VERIFICATION SUCCESSFUL$,PASS,59,SUCCESSFUL,^VERIFICATION SUCCESSFUL$
compound-stmt4,CORE,^VERIFICATION SUCCESSFUL$,PASS,55,SUCCESSFUL,^VERIFICATION SUCCESSFUL$
compound-stmt5-fail,CORE,^VERIFICATION FAILED$,PASS,52,FAILED,^VERIFICATION FAILED$
compound-stmt6,CORE,^VERIFICATION SUCCESSFUL$,PASS,55,SUCCESSFUL,^VERIFICATION SUCCESSFUL$
compound-stmt7,CORE,^VERIFICATION SUCCESSFUL$,PASS,57,SUCCESSFUL,^VERIFICATION SUCCESSFUL$
concat1,THOROUGH,^VERIFICATION SUCCESSFUL$,PASS,55,SUCCESSFUL,^VERIFICATION SUCCESSFUL$
concat10,CORE,^VERIFICATION SUCCESSFUL$,PASS,53,SUCCESSFUL,^VERIFICATION SUCCESSFUL$
concat10_fail,CORE,^VERIFICATION FAILED$,PASS,54,FAILED,^VERIFICATION FAILED$
concat11,CORE,^VERIFICATION SUCCESSFUL$,PASS,52,SUCCESSFUL,^VERIFICATION SUCCESSFUL$
concat11_fail,CORE,^VERIFICATION FAILED$,PASS,52,FAILED,^VERIFICATION FAILED$
concat12,CORE,^VERIFICATION SUCCESSFUL$,PASS,52,SUCCESSFUL,^VERIFICATION SUCCESSFUL$
concat12_fail,THOROUGH,^VERIFICATION FAILED$,PASS,52,FAILED,^VERIFICATION FAILED$
concat13,CORE,^VERIFICATION SUCCESSFUL$,PASS,53,SUCCESSFUL,^VERIFICATION SUCCESSFUL$
concat14,THOROUGH,^VERIFICATION SUCCESSFUL$,PASS,54,SUCCESSFUL,^VERIFICATION SUCCESSFUL$
concat14_fail,THOROUGH,^VERIFICATION FAILED$,PASS,54,FAILED,^VERIFICATION FAILED$
concat15,CORE,^VERIFICATION SUCCESSFUL$,PASS,58,SUCCESSFUL,^VERIFICATION SUCCESSFUL$
concat1_fail,CORE,^VERIFICATION FAILED$,PASS,55,FAILED,^VERIFICATION FAILED$
concat2,CORE,^VERIFICATION SUCCESSFUL$,PASS,57,SUCCESSFUL,^VERIFICATION SUCCESSFUL$
concat3,CORE,^VERIFICATION SUCCESSFUL$,PASS,52,SUCCESSFUL,^VERIFICATION SUCCESSFUL$
concat3_fail,CORE,^VERIFICATION FAILED$,PASS,53,FAILED,^VERIFICATION FAILED$
concat4,CORE,^VERIFICATION SUCCESSFUL$,PASS,53,SUCCESSFUL,^VERIFICATION SUCCESSFUL$
concat4_fail,THOROUGH,^VERIFICATION FAILED$,PASS,54,FAILED,^VERIFICATION FAILED$
concat5,CORE,^VERIFICATION SUCCESSFUL$,PASS,56,SUCCESSFUL,^VERIFICATION SUCCESSFUL$
concat5_fail,CORE,^VERIFICATION FAILED$,PASS,53,FAILED,^VERIFICATION FAILED$
concat6,CORE,^VERIFICATION SUCCESSFUL$,PASS,53,SUCCESSFUL,^VERIFICATION SUCCESSFUL$
concat6_fail,CORE,^VERIFICATION FAILED$,PASS,54,FAILED,^VERIFICATION FAILED$
concat7,CORE,^VERIFICATION SUCCESSFUL$,PASS,57,SUCCESSFUL,^VERIFICATION SUCCESSFUL$
concat7_fail,CORE,^VERIFICATION FAILED$,PASS,53,FAILED,^VERIFICATION FAILED$
concat8,CORE,^VERIFICATION SUCCESSFUL$,PASS,55,SUCCESSFUL,^VERIFICATION SUCCESSFUL$
concat8_fail,CORE,^VERIFICATION FAILED$,PASS,54,FAILED,^VERIFICATION FAILED$
concat9,CORE,^VERIFICATION SUCCESSFUL$,PASS,52,SUCCESSFUL,^VERIFICATION SUCCESSFUL$
concat9_fail,CORE,^VERIFICATION FAILED$,PASS,54,FAILED,^VERIFICATION FAILED$
concurrency_fail,KNOWNBUG,^VERIFICATION FAILED$,PASS,13518,FAILED,^VERIFICATION FAILED$
constants,CORE,^VERIFICATION SUCCESSFUL$,DIFF,54,FAILED,expected=^VERIFICATION SUCCESSFUL$
constants-fail,CORE,,UNKNOWN,53,FAILED,no expected regex
convert-byte-update1,THOROUGH,^VERIFICATION SUCCESSFUL$,PASS,54,SUCCESSFUL,^VERIFICATION SUCCESSFUL$
convert-byte-update1_fail,THOROUGH,^VERIFICATION FAILED$,PASS,59,FAILED,^VERIFICATION FAILED$
convert-byte-update2,THOROUGH,^VERIFICATION SUCCESSFUL$,PASS,117,SUCCESSFUL,^VERIFICATION SUCCESSFUL$
convert-byte-update2_fail,THOROUGH,^VERIFICATION FAILED$,PASS,114,FAILED,^VERIFICATION FAILED$
counter,CORE,^VERIFICATION SUCCESSFUL$,DIFF,150,FAILED,expected=^VERIFICATION SUCCESSFUL$
counter_fail,CORE,^VERIFICATION FAILED$,PASS,149,FAILED,^VERIFICATION FAILED$
counter_values,CORE,^VERIFICATION SUCCESSFUL$,PASS,141,SUCCESSFUL,^VERIFICATION SUCCESSFUL$
counter_values_fail,CORE,^VERIFICATION FAILED$,DIFF,140,SUCCESSFUL,expected=^VERIFICATION FAILED$
cover1,CORE,"^Properties: 4 verified \✓ 1 passed, \✗ 3 failed$",FAIL,53,FAILED,"expected=^Properties: 4 verified \✓ 1 passed, \✗ 3 failed$"
cover2,CORE,"^Properties: 3 verified, \✗ 3 failed$",FAIL,54,FAILED,"expected=^Properties: 3 verified, \✗ 3 failed$"
cover3,CORE,"^Properties: 3 verified \✓ 1 passed, \✗ 2 failed$",FAIL,57,FAILED,"expected=^Properties: 3 verified \✓ 1 passed, \✗ 2 failed$"
cover4,CORE,,UNKNOWN,52,FAILED,no expected regex
cover5,CORE,^VERIFICATION FAILED$,PASS,62,FAILED,^VERIFICATION FAILED$
decimal,CORE,^VERIFICATION SUCCESSFUL$,DIFF,135,FAILED,expected=^VERIFICATION SUCCESSFUL$
decimal2,CORE,^VERIFICATION SUCCESSFUL$,DIFF,153,FAILED,expected=^VERIFICATION SUCCESSFUL$
decimal2_fail,CORE,^VERIFICATION FAILED$,PASS,108,FAILED,^VERIFICATION FAILED$
decimal3,CORE,^VERIFICATION SUCCESSFUL$,DIFF,163,FAILED,expected=^VERIFICATION SUCCESSFUL$
decimal3_fail,CORE,^VERIFICATION FAILED$,PASS,108,FAILED,^VERIFICATION FAILED$
decimal4,CORE,^VERIFICATION SUCCESSFUL$,DIFF,140,FAILED,expected=^VERIFICATION SUCCESSFUL$
decimal4_fail,CORE,^VERIFICATION FAILED$,PASS,105,FAILED,^VERIFICATION FAILED$
decimal_fail,CORE,^VERIFICATION FAILED$,PASS,107,FAILED,^VERIFICATION FAILED$
dict-attr-int-int,CORE,^VERIFICATION SUCCESSFUL$,DIFF,96,FAILED,expected=^VERIFICATION SUCCESSFUL$
dict-attr-int-int-fail,CORE,^VERIFICATION FAILED$,PASS,76,FAILED,^VERIFICATION FAILED$
dict-update-symbol,CORE,^VERIFICATION SUCCESSFUL$,PASS,80,SUCCESSFUL,^VERIFICATION SUCCESSFUL$
dict-update-symbol-fail,CORE,^VERIFICATION FAILED$,PASS,65,FAILED,^VERIFICATION FAILED$
dict1,CORE,^VERIFICATION SUCCESSFUL$,PASS,59,SUCCESSFUL,^VERIFICATION SUCCESSFUL$
dict10,THOROUGH,^VERIFICATION SUCCESSFUL$,PASS,58,SUCCESSFUL,^VERIFICATION SUCCESSFUL$
dict10_fail,CORE,^VERIFICATION FAILED$,PASS,72,FAILED,^VERIFICATION FAILED$
dict11,THOROUGH,^VERIFICATION SUCCESSFUL$,PASS,113,SUCCESSFUL,^VERIFICATION SUCCESSFUL$
dict11_fail,THOROUGH,^VERIFICATION FAILED$,PASS,61,FAILED,^VERIFICATION FAILED$
dict12,THOROUGH,^VERIFICATION SUCCESSFUL$,PASS,54,SUCCESSFUL,^VERIFICATION SUCCESSFUL$
dict12_fail,THOROUGH,^VERIFICATION FAILED$,PASS,59,FAILED,^VERIFICATION FAILED$
dict13,CORE,^VERIFICATION SUCCESSFUL$,PASS,54,SUCCESSFUL,^VERIFICATION SUCCESSFUL$
dict13_fail,CORE,^VERIFICATION FAILED$,PASS,60,FAILED,^VERIFICATION FAILED$
dict14,CORE,^VERIFICATION SUCCESSFUL$,PASS,112,SUCCESSFUL,^VERIFICATION SUCCESSFUL$
dict14_fail,CORE,^VERIFICATION FAILED$,PASS,120,FAILED,^VERIFICATION FAILED$
dict15,CORE,^VERIFICATION SUCCESSFUL$,PASS,99,SUCCESSFUL,^VERIFICATION SUCCESSFUL$
dict15_fail,CORE,^VERIFICATION FAILED$,PASS,117,FAILED,^VERIFICATION FAILED$
dict16,CORE,^VERIFICATION SUCCESSFUL$,PASS,58,SUCCESSFUL,^VERIFICATION SUCCESSFUL$
dict17,CORE,^VERIFICATION SUCCESSFUL$,PASS,53,SUCCESSFUL,^VERIFICATION SUCCESSFUL$
dict18,CORE,^VERIFICATION SUCCESSFUL$,TOERR,369,,exit=6; expected=^VERIFICATION SUCCESSFUL$
dict18_fail,CORE,^VERIFICATION FAILED$,TOERR,327,,exit=6; expected=^VERIFICATION FAILED$
dict19,CORE,^VERIFICATION SUCCESSFUL$,DIFF,59,FAILED,expected=^VERIFICATION SUCCESSFUL$
dict19_fail,CORE,^VERIFICATION FAILED$,PASS,57,FAILED,^VERIFICATION FAILED$
dict1_fail,THOROUGH,^VERIFICATION FAILED$,PASS,58,FAILED,^VERIFICATION FAILED$
dict2,THOROUGH,^VERIFICATION SUCCESSFUL$,PASS,61,SUCCESSFUL,^VERIFICATION SUCCESSFUL$
dict20,THOROUGH,^VERIFICATION SUCCESSFUL$,PASS,8451,SUCCESSFUL,^VERIFICATION SUCCESSFUL$
dict20_fail,THOROUGH,^VERIFICATION FAILED$,PASS,8461,FAILED,^VERIFICATION FAILED$
dict21,CORE,^VERIFICATION SUCCESSFUL$,PASS,8382,SUCCESSFUL,^VERIFICATION SUCCESSFUL$
dict22,CORE,^VERIFICATION SUCCESSFUL$,PASS,11178,SUCCESSFUL,^VERIFICATION SUCCESSFUL$
dict22_fail,CORE,^VERIFICATION FAILED$,PASS,11407,FAILED,^VERIFICATION FAILED$
dict23,THOROUGH,^VERIFICATION SUCCESSFUL$,TIMEOUT,30000,,killed after 30s
dict24,THOROUGH,^VERIFICATION SUCCESSFUL$,PASS,8390,SUCCESSFUL,^VERIFICATION SUCCESSFUL$
dict24_fail,THOROUGH,^VERIFICATION FAILED$,PASS,8508,FAILED,^VERIFICATION FAILED$
dict25,CORE,^VERIFICATION SUCCESSFUL$,PASS,57,SUCCESSFUL,^VERIFICATION SUCCESSFUL$
dict26,CORE,^VERIFICATION SUCCESSFUL$,PASS,53,SUCCESSFUL,^VERIFICATION SUCCESSFUL$
dict27,CORE,^VERIFICATION SUCCESSFUL$,PASS,56,SUCCESSFUL,^VERIFICATION SUCCESSFUL$
dict28,CORE,^VERIFICATION SUCCESSFUL$,PASS,52,SUCCESSFUL,^VERIFICATION SUCCESSFUL$
dict29,CORE,^VERIFICATION SUCCESSFUL$,PASS,56,SUCCESSFUL,^VERIFICATION SUCCESSFUL$
dict2_fail,THOROUGH,^VERIFICATION FAILED$,PASS,54,FAILED,^VERIFICATION FAILED$
dict3,THOROUGH,^VERIFICATION SUCCESSFUL$,PASS,66,SUCCESSFUL,^VERIFICATION SUCCESSFUL$
dict30,CORE,^VERIFICATION SUCCESSFUL$,PASS,54,SUCCESSFUL,^VERIFICATION SUCCESSFUL$
dict31,CORE,^VERIFICATION SUCCESSFUL$,PASS,58,SUCCESSFUL,^VERIFICATION SUCCESSFUL$
dict32,CORE,^VERIFICATION SUCCESSFUL$,CRASH,1211,,signal=6
dict32_fail,CORE,^VERIFICATION FAILED$,PASS,53,FAILED,^VERIFICATION FAILED$
dict33,CORE,^VERIFICATION SUCCESSFUL$,PASS,54,SUCCESSFUL,^VERIFICATION SUCCESSFUL$
dict33_fail,CORE,^VERIFICATION FAILED$,CRASH,2091,,signal=6
dict34,CORE,^VERIFICATION SUCCESSFUL$,PASS,59,SUCCESSFUL,^VERIFICATION SUCCESSFUL$
dict34_fail,CORE,^VERIFICATION FAILED$,PASS,60,FAILED,^VERIFICATION FAILED$
dict35,CORE,^VERIFICATION SUCCESSFUL$,PASS,56,SUCCESSFUL,^VERIFICATION SUCCESSFUL$
dict36,CORE,^VERIFICATION SUCCESSFUL$,DIFF,55,FAILED,expected=^VERIFICATION SUCCESSFUL$
dict37,CORE,^VERIFICATION SUCCESSFUL$,PASS,53,SUCCESSFUL,^VERIFICATION SUCCESSFUL$
dict38,CORE,^VERIFICATION SUCCESSFUL$,PASS,55,SUCCESSFUL,^VERIFICATION SUCCESSFUL$
dict39,CORE,^VERIFICATION SUCCESSFUL$,DIFF,57,FAILED,expected=^VERIFICATION SUCCESSFUL$
dict3_fail,THOROUGH,^VERIFICATION FAILED$,PASS,60,FAILED,^VERIFICATION FAILED$
dict4,THOROUGH,^VERIFICATION SUCCESSFUL$,PASS,55,SUCCESSFUL,^VERIFICATION SUCCESSFUL$
dict40,CORE,^VERIFICATION SUCCESSFUL$,PASS,55,SUCCESSFUL,^VERIFICATION SUCCESSFUL$
dict41,CORE,^VERIFICATION SUCCESSFUL$,DIFF,70,FAILED,expected=^VERIFICATION SUCCESSFUL$
dict42,CORE,^VERIFICATION SUCCESSFUL$,PASS,56,SUCCESSFUL,^VERIFICATION SUCCESSFUL$
dict43,CORE,^VERIFICATION SUCCESSFUL$,PASS,53,SUCCESSFUL,^VERIFICATION SUCCESSFUL$
dict43_fail,CORE,^VERIFICATION FAILED$,PASS,415,FAILED,^VERIFICATION FAILED$
dict44,CORE,^VERIFICATION SUCCESSFUL$,DIFF,60,FAILED,expected=^VERIFICATION SUCCESSFUL$
dict44_fail,CORE,^VERIFICATION FAILED$,PASS,54,FAILED,^VERIFICATION FAILED$
dict45_fail,CORE,^VERIFICATION FAILED$,DIFF,159,SUCCESSFUL,expected=^VERIFICATION FAILED$
dict46,THOROUGH,^VERIFICATION SUCCESSFUL$,DIFF,5114,FAILED,expected=^VERIFICATION SUCCESSFUL$
dict46_fail,THOROUGH,^VERIFICATION FAILED$,PASS,5029,FAILED,^VERIFICATION FAILED$
dict47,THOROUGH,^VERIFICATION SUCCESSFUL$,DIFF,1692,FAILED,expected=^VERIFICATION SUCCESSFUL$
dict47_fail,THOROUGH,^VERIFICATION FAILED$,PASS,2520,FAILED,^VERIFICATION FAILED$
dict48,CORE,^VERIFICATION SUCCESSFUL$,PASS,80,SUCCESSFUL,^VERIFICATION SUCCESSFUL$
dict48_fail,CORE,^VERIFICATION FAILED$,PASS,86,FAILED,^VERIFICATION FAILED$
dict49,CORE,^VERIFICATION SUCCESSFUL$,PASS,55,SUCCESSFUL,^VERIFICATION SUCCESSFUL$
dict49_fail,CORE,^VERIFICATION FAILED$,PASS,58,FAILED,^VERIFICATION FAILED$
dict4_fail,THOROUGH,^VERIFICATION FAILED$,PASS,53,FAILED,^VERIFICATION FAILED$
dict5,THOROUGH,^VERIFICATION SUCCESSFUL$,PASS,53,SUCCESSFUL,^VERIFICATION SUCCESSFUL$
dict50,CORE,^VERIFICATION SUCCESSFUL$,PASS,55,SUCCESSFUL,^VERIFICATION SUCCESSFUL$
dict50_fail,CORE,^VERIFICATION FAILED$,PASS,55,FAILED,^VERIFICATION FAILED$
dict51,CORE,^VERIFICATION SUCCESSFUL$,PASS,64,SUCCESSFUL,^VERIFICATION SUCCESSFUL$
dict51_fail,CORE,^VERIFICATION FAILED$,PASS,63,FAILED,^VERIFICATION FAILED$
dict52,THOROUGH,^VERIFICATION SUCCESSFUL$,DIFF,2854,FAILED,expected=^VERIFICATION SUCCESSFUL$
dict53,CORE,^VERIFICATION SUCCESSFUL$,PASS,58,SUCCESSFUL,^VERIFICATION SUCCESSFUL$
dict53_fail,CORE,^VERIFICATION FAILED$,PASS,56,FAILED,^VERIFICATION FAILED$
dict54,CORE,^VERIFICATION SUCCESSFUL$,PASS,82,SUCCESSFUL,^VERIFICATION SUCCESSFUL$
dict55,CORE,^VERIFICATION SUCCESSFUL$,PASS,82,SUCCESSFUL,^VERIFICATION SUCCESSFUL$
dict56,CORE,^VERIFICATION SUCCESSFUL$,PASS,458,SUCCESSFUL,^VERIFICATION SUCCESSFUL$
dict57,THOROUGH,^VERIFICATION SUCCESSFUL$,DIFF,69,FAILED,expected=^VERIFICATION SUCCESSFUL$
dict57_fail,THOROUGH,^VERIFICATION FAILED$,PASS,67,FAILED,^VERIFICATION FAILED$
dict58,THOROUGH,^VERIFICATION SUCCESSFUL$,PASS,63,SUCCESSFUL,^VERIFICATION SUCCESSFUL$
dict58_fail,THOROUGH,^VERIFICATION FAILED$,PASS,64,FAILED,^VERIFICATION FAILED$
dict59,CORE,^VERIFICATION SUCCESSFUL$,PASS,58,SUCCESSFUL,^VERIFICATION SUCCESSFUL$
dict59_fail,CORE,^VERIFICATION FAILED$,PASS,57,FAILED,^VERIFICATION FAILED$
dict5_fail,THOROUGH,^VERIFICATION FAILED$,PASS,55,FAILED,^VERIFICATION FAILED$
dict6,CORE,^VERIFICATION SUCCESSFUL$,PASS,57,SUCCESSFUL,^VERIFICATION SUCCESSFUL$
dict60,CORE,^VERIFICATION SUCCESSFUL$,PASS,55,SUCCESSFUL,^VERIFICATION SUCCESSFUL$
dict60_fail,CORE,^VERIFICATION FAILED$,PASS,59,FAILED,^VERIFICATION FAILED$
dict61,THOROUGH,^VERIFICATION SUCCESSFUL$,DIFF,74,FAILED,expected=^VERIFICATION SUCCESSFUL$
dict61_fail,THOROUGH,^VERIFICATION FAILED$,PASS,68,FAILED,^VERIFICATION FAILED$
dict62,CORE,^VERIFICATION SUCCESSFUL$,PASS,60,SUCCESSFUL,^VERIFICATION SUCCESSFUL$
dict62_fail,CORE,^VERIFICATION FAILED$,PASS,66,FAILED,^VERIFICATION FAILED$
dict63,CORE,^VERIFICATION SUCCESSFUL$,PASS,2386,SUCCESSFUL,^VERIFICATION SUCCESSFUL$
dict64,CORE,^VERIFICATION SUCCESSFUL$,PASS,60,SUCCESSFUL,^VERIFICATION SUCCESSFUL$
dict65,KNOWNBUG,^VERIFICATION SUCCESSFUL$,TIMEOUT,30000,,killed after 30s
dict6_fail,CORE,^VERIFICATION FAILED$,PASS,59,FAILED,^VERIFICATION FAILED$
dict7,THOROUGH,^VERIFICATION SUCCESSFUL$,PASS,57,SUCCESSFUL,^VERIFICATION SUCCESSFUL$
dict7_fail,THOROUGH,^VERIFICATION FAILED$,PASS,52,FAILED,^VERIFICATION FAILED$
dict8,CORE,^VERIFICATION SUCCESSFUL$,PASS,62,SUCCESSFUL,^VERIFICATION SUCCESSFUL$
dict8_fail,THOROUGH,^VERIFICATION FAILED$,PASS,60,FAILED,^VERIFICATION FAILED$
dict9,CORE,^VERIFICATION SUCCESSFUL$,PASS,112,SUCCESSFUL,^VERIFICATION SUCCESSFUL$
dict9_fail,CORE,^VERIFICATION FAILED$,PASS,51,FAILED,^VERIFICATION FAILED$
dict_del,THOROUGH,^VERIFICATION SUCCESSFUL$,PASS,108,SUCCESSFUL,^VERIFICATION SUCCESSFUL$
dict_del10,CORE,^VERIFICATION SUCCESSFUL$,PASS,80,SUCCESSFUL,^VERIFICATION SUCCESSFUL$
dict_del11,CORE,^VERIFICATION SUCCESSFUL$,PASS,101,SUCCESSFUL,^VERIFICATION SUCCESSFUL$
dict_del12,CORE,^VERIFICATION SUCCESSFUL$,PASS,111,SUCCESSFUL,^VERIFICATION SUCCESSFUL$
dict_del12_fail,THOROUGH,^VERIFICATION FAILED$,DIFF,118,SUCCESSFUL,expected=^VERIFICATION FAILED$
dict_del13,CORE,^VERIFICATION SUCCESSFUL$,PASS,115,SUCCESSFUL,^VERIFICATION SUCCESSFUL$
dict_del13_fail,CORE,^VERIFICATION FAILED$,PASS,139,FAILED,^VERIFICATION FAILED$
dict_del14,CORE,^VERIFICATION SUCCESSFUL$,DIFF,101,FAILED,expected=^VERIFICATION SUCCESSFUL$
dict_del14_fail,CORE,^  Should have raised KeyError$,FAIL,95,FAILED,expected=^  Should have raised KeyError$
dict_del15,CORE,^VERIFICATION SUCCESSFUL$,PASS,631,SUCCESSFUL,^VERIFICATION SUCCESSFUL$
dict_del15_fail,CORE,^VERIFICATION FAILED$,TOERR,1630,,exit=6; expected=^VERIFICATION FAILED$
dict_del16,CORE,^VERIFICATION SUCCESSFUL$,PASS,97,SUCCESSFUL,^VERIFICATION SUCCESSFUL$
dict_del16_fail,CORE,^VERIFICATION FAILED$,DIFF,102,SUCCESSFUL,expected=^VERIFICATION FAILED$
dict_del2,THOROUGH,^VERIFICATION SUCCESSFUL$,PASS,152,SUCCESSFUL,^VERIFICATION SUCCESSFUL$
dict_del3,THOROUGH,^VERIFICATION SUCCESSFUL$,PASS,20700,SUCCESSFUL,^VERIFICATION SUCCESSFUL$
dict_del4,CORE,^VERIFICATION SUCCESSFUL$,PASS,127,SUCCESSFUL,^VERIFICATION SUCCESSFUL$
dict_del5,CORE,^VERIFICATION SUCCESSFUL$,PASS,68,SUCCESSFUL,^VERIFICATION SUCCESSFUL$
dict_del6,CORE,^VERIFICATION SUCCESSFUL$,PASS,99,SUCCESSFUL,^VERIFICATION SUCCESSFUL$
dict_del7,CORE,^VERIFICATION SUCCESSFUL$,PASS,62,SUCCESSFUL,^VERIFICATION SUCCESSFUL$
dict_del8,CORE,^VERIFICATION SUCCESSFUL$,PASS,51,SUCCESSFUL,^VERIFICATION SUCCESSFUL$
dict_del9,CORE,^VERIFICATION SUCCESSFUL$,DIFF,69,FAILED,expected=^VERIFICATION SUCCESSFUL$
dict_del_fail,THOROUGH,^VERIFICATION FAILED$,TOERR,158,,exit=6; expected=^VERIFICATION FAILED$
dict_fromkeys,CORE,^VERIFICATION SUCCESSFUL$,DIFF,54,FAILED,expected=^VERIFICATION SUCCESSFUL$
dict_fromkeys_fail,CORE,^VERIFICATION FAILED$,PASS,51,FAILED,^VERIFICATION FAILED$
dict_items1,CORE,^VERIFICATION SUCCESSFUL$,DIFF,9868,FAILED,expected=^VERIFICATION SUCCESSFUL$
dict_items2,CORE,^VERIFICATION SUCCESSFUL$,CRASH,1194,,signal=6
dict_items3,CORE,^VERIFICATION SUCCESSFUL$,PASS,67,SUCCESSFUL,^VERIFICATION SUCCESSFUL$
dict_iteration_over_keys,THOROUGH,^VERIFICATION SUCCESSFUL$,DIFF,62,FAILED,expected=^VERIFICATION SUCCESSFUL$
dict_iteration_over_keys_fail,THOROUGH,^VERIFICATION FAILED$,PASS,58,FAILED,^VERIFICATION FAILED$
dict_setdefault_list,CORE,^VERIFICATION SUCCESSFUL$,DIFF,57,FAILED,expected=^VERIFICATION SUCCESSFUL$
dict_setdefault_list_fail,CORE,^VERIFICATION FAILED$,PASS,70,FAILED,^VERIFICATION FAILED$
dict_subscript_typed,CORE,^VERIFICATION SUCCESSFUL$,PASS,59,SUCCESSFUL,^VERIFICATION SUCCESSFUL$
dict_subscript_typed_assign,CORE,^VERIFICATION SUCCESSFUL$,PASS,76,SUCCESSFUL,^VERIFICATION SUCCESSFUL$
dict_subscript_typed_assign_fail,CORE,^VERIFICATION FAILED$,DIFF,62,SUCCESSFUL,expected=^VERIFICATION FAILED$
dict_subscript_typed_wrong_type_fail,CORE,^VERIFICATION FAILED$,PASS,65,FAILED,^VERIFICATION FAILED$
dict_update1,CORE,^VERIFICATION SUCCESSFUL$,PASS,119,SUCCESSFUL,^VERIFICATION SUCCESSFUL$
dict_update1_fail,CORE,^VERIFICATION FAILED$,PASS,74,FAILED,^VERIFICATION FAILED$
dict_update2,CORE,^VERIFICATION SUCCESSFUL$,PASS,109,SUCCESSFUL,^VERIFICATION SUCCESSFUL$
dict_update3,CORE,^VERIFICATION SUCCESSFUL$,PASS,137,SUCCESSFUL,^VERIFICATION SUCCESSFUL$
dictcomp,CORE,^VERIFICATION SUCCESSFUL$,PASS,59,SUCCESSFUL,^VERIFICATION SUCCESSFUL$
dictcomp_fail,CORE,^VERIFICATION FAILED$,PASS,60,FAILED,^VERIFICATION FAILED$
div1,CORE,^VERIFICATION SUCCESSFUL$,PASS,51,SUCCESSFUL,^VERIFICATION SUCCESSFUL$
div1_fail,CORE,^VERIFICATION FAILED$,PASS,49,FAILED,^VERIFICATION FAILED$
div2,CORE,^VERIFICATION SUCCESSFUL$,PASS,49,SUCCESSFUL,^VERIFICATION SUCCESSFUL$
div2_fail,CORE,^VERIFICATION FAILED$,PASS,50,FAILED,^VERIFICATION FAILED$
div3,CORE,^VERIFICATION SUCCESSFUL$,PASS,51,SUCCESSFUL,^VERIFICATION SUCCESSFUL$
div3_fail,CORE,^VERIFICATION FAILED$,PASS,51,FAILED,^VERIFICATION FAILED$
div4,CORE,^VERIFICATION SUCCESSFUL$,PASS,50,SUCCESSFUL,^VERIFICATION SUCCESSFUL$
div5,CORE,^VERIFICATION SUCCESSFUL$,PASS,51,SUCCESSFUL,^VERIFICATION SUCCESSFUL$
div6,THOROUGH,^VERIFICATION SUCCESSFUL$,PASS,93,SUCCESSFUL,^VERIFICATION SUCCESSFUL$
div6_fail,THOROUGH,^VERIFICATION FAILED$,PASS,94,FAILED,^VERIFICATION FAILED$
div7_fail,THOROUGH,^VERIFICATION FAILED$,PASS,95,FAILED,^VERIFICATION FAILED$
divmod_basic,CORE,^VERIFICATION SUCCESSFUL$,PASS,56,SUCCESSFUL,^VERIFICATION SUCCESSFUL$
divmod_chained,CORE,^VERIFICATION SUCCESSFUL$,PASS,51,SUCCESSFUL,^VERIFICATION SUCCESSFUL$
divmod_comprehensive,CORE,^VERIFICATION SUCCESSFUL$,DIFF,58,FAILED,expected=^VERIFICATION SUCCESSFUL$
divmod_computation,CORE,^VERIFICATION SUCCESSFUL$,PASS,51,SUCCESSFUL,^VERIFICATION SUCCESSFUL$
divmod_constant,CORE,^VERIFICATION SUCCESSFUL$,PASS,52,SUCCESSFUL,^VERIFICATION SUCCESSFUL$
divmod_exact,CORE,^VERIFICATION SUCCESSFUL$,PASS,50,SUCCESSFUL,^VERIFICATION SUCCESSFUL$
divmod_float,CORE,^VERIFICATION SUCCESSFUL$,DIFF,54,FAILED,expected=^VERIFICATION SUCCESSFUL$
divmod_large,CORE,^VERIFICATION SUCCESSFUL$,PASS,50,SUCCESSFUL,^VERIFICATION SUCCESSFUL$
divmod_mixed,CORE,^VERIFICATION SUCCESSFUL$,PASS,50,SUCCESSFUL,^VERIFICATION SUCCESSFUL$
divmod_negative_dividend,CORE,^VERIFICATION SUCCESSFUL$,PASS,50,SUCCESSFUL,^VERIFICATION SUCCESSFUL$
divmod_negative_divisor,CORE,^VERIFICATION SUCCESSFUL$,PASS,52,SUCCESSFUL,^VERIFICATION SUCCESSFUL$
divmod_negative_float,CORE,^VERIFICATION SUCCESSFUL$,DIFF,52,FAILED,expected=^VERIFICATION SUCCESSFUL$
divmod_reuse,CORE,^VERIFICATION SUCCESSFUL$,PASS,51,SUCCESSFUL,^VERIFICATION SUCCESSFUL$
divmod_small_dividend,CORE,^VERIFICATION SUCCESSFUL$,PASS,51,SUCCESSFUL,^VERIFICATION SUCCESSFUL$
divmod_zero_remainder,CORE,^VERIFICATION SUCCESSFUL$,PASS,51,SUCCESSFUL,^VERIFICATION SUCCESSFUL$
dunder-bool-condition,CORE,^VERIFICATION SUCCESSFUL$,PASS,55,SUCCESSFUL,^VERIFICATION SUCCESSFUL$
dunder-bool-condition-fail,CORE,^VERIFICATION FAILED$,PASS,50,FAILED,^VERIFICATION FAILED$
dunder-getsetitem,CORE,^VERIFICATION SUCCESSFUL$,PASS,55,SUCCESSFUL,^VERIFICATION SUCCESSFUL$
dunder-getsetitem-fail,CORE,^VERIFICATION FAILED$,PASS,53,FAILED,^VERIFICATION FAILED$
dunder-getsetitem-tuple,CORE,^VERIFICATION SUCCESSFUL$,PASS,54,SUCCESSFUL,^VERIFICATION SUCCESSFUL$
dunder-getsetitem-tuple-fail,CORE,^VERIFICATION FAILED$,PASS,55,FAILED,^VERIFICATION FAILED$
dynamic-typing,CORE,^VERIFICATION SUCCESSFUL$,PASS,52,SUCCESSFUL,^VERIFICATION SUCCESSFUL$
empty_difference,CORE,^VERIFICATION SUCCESSFUL$,DIFF,84,FAILED,expected=^VERIFICATION SUCCESSFUL$
empty_intersection,CORE,^VERIFICATION SUCCESSFUL$,DIFF,62,FAILED,expected=^VERIFICATION SUCCESSFUL$
empty_union,CORE,^VERIFICATION SUCCESSFUL$,DIFF,70,FAILED,expected=^VERIFICATION SUCCESSFUL$
enough-args,CORE,^VERIFICATION SUCCESSFUL$,PASS,61,SUCCESSFUL,^VERIFICATION SUCCESSFUL$
enough-args2,CORE,^VERIFICATION SUCCESSFUL$,PASS,53,SUCCESSFUL,^VERIFICATION SUCCESSFUL$
enough-args3,CORE,^VERIFICATION SUCCESSFUL$,PASS,57,SUCCESSFUL,^VERIFICATION SUCCESSFUL$
enough-args_fail,CORE,^VERIFICATION FAILED$,PASS,53,FAILED,^VERIFICATION FAILED$
enumerate1,THOROUGH,^VERIFICATION SUCCESSFUL$,PASS,96,SUCCESSFUL,^VERIFICATION SUCCESSFUL$
enumerate10,CORE,^VERIFICATION SUCCESSFUL$,PASS,64,SUCCESSFUL,^VERIFICATION SUCCESSFUL$
enumerate11,THOROUGH,^VERIFICATION SUCCESSFUL$,PASS,82,SUCCESSFUL,^VERIFICATION SUCCESSFUL$
enumerate11_fail,THOROUGH,^VERIFICATION FAILED$,PASS,64,FAILED,^VERIFICATION FAILED$
enumerate12,CORE,^VERIFICATION SUCCESSFUL$,PASS,58,SUCCESSFUL,^VERIFICATION SUCCESSFUL$
enumerate13,CORE,^VERIFICATION SUCCESSFUL$,PASS,71,SUCCESSFUL,^VERIFICATION SUCCESSFUL$
enumerate14_fail,CORE,^TypeError\: 'float' object cannot be interpreted as an integer$,FAIL,69,FAILED,expected=^TypeError\: 'float' object cannot be interpreted as an integer$
enumerate15,THOROUGH,^VERIFICATION SUCCESSFUL$,PASS,73,SUCCESSFUL,^VERIFICATION SUCCESSFUL$
enumerate15_fail,THOROUGH,^VERIFICATION FAILED$,PASS,77,FAILED,^VERIFICATION FAILED$
enumerate16,THOROUGH,^VERIFICATION SUCCESSFUL$,PASS,81,SUCCESSFUL,^VERIFICATION SUCCESSFUL$
enumerate16_fail,THOROUGH,^VERIFICATION FAILED$,PASS,66,FAILED,^VERIFICATION FAILED$
enumerate17,CORE,^VERIFICATION SUCCESSFUL$,PASS,130,SUCCESSFUL,^VERIFICATION SUCCESSFUL$
enumerate1_fail,THOROUGH,^VERIFICATION FAILED$,PASS,112,FAILED,^VERIFICATION FAILED$
enumerate2,THOROUGH,^VERIFICATION SUCCESSFUL$,PASS,75,SUCCESSFUL,^VERIFICATION SUCCESSFUL$
enumerate2_fail,THOROUGH,^VERIFICATION FAILED$,PASS,78,FAILED,^VERIFICATION FAILED$
enumerate3_fail,CORE,^TypeError\: enumerate\(\) missing required argument 'iterable' \(pos 1\)$,FAIL,58,SUCCESSFUL,expected=^TypeError\: enumerate\(\) missing required argument 'iterable' \(pos 1\)$
enumerate4_fail,CORE,^TypeError\: enumerate\(\) takes at most 2 arguments \(3 given\)$,FAIL,72,SUCCESSFUL,expected=^TypeError\: enumerate\(\) takes at most 2 arguments \(3 given\)$
enumerate5_fail,CORE,"^ValueError\: not enough values to unpack \(expected 3, got 2\)$",FAIL,79,SUCCESSFUL,"expected=^ValueError\: not enough values to unpack \(expected 3, got 2\)$"
enumerate6,THOROUGH,^VERIFICATION SUCCESSFUL$,PASS,96,SUCCESSFUL,^VERIFICATION SUCCESSFUL$
enumerate7_fail,THOROUGH,^VERIFICATION FAILED$,DIFF,74,SUCCESSFUL,expected=^VERIFICATION FAILED$
enumerate8,CORE,^VERIFICATION SUCCESSFUL$,DIFF,61,FAILED,expected=^VERIFICATION SUCCESSFUL$
enumerate8_fail,CORE,^VERIFICATION FAILED$,PASS,63,FAILED,^VERIFICATION FAILED$
enumerate9,THOROUGH,^VERIFICATION SUCCESSFUL$,PASS,2156,SUCCESSFUL,^VERIFICATION SUCCESSFUL$
equivalence,CORE,^VERIFICATION SUCCESSFUL$,PASS,99,SUCCESSFUL,^VERIFICATION SUCCESSFUL$
equivalence_fail,CORE,^VERIFICATION FAILED$,PASS,108,FAILED,^VERIFICATION FAILED$
esbmc-assume,CORE,^VERIFICATION SUCCESSFUL$,PASS,50,SUCCESSFUL,^VERIFICATION SUCCESSFUL$
esbmc-assume-fail,CORE,^VERIFICATION FAILED$,PASS,54,FAILED,^VERIFICATION FAILED$
esbmc-assume2-nondet,CORE,^VERIFICATION SUCCESSFUL$,PASS,54,SUCCESSFUL,^VERIFICATION SUCCESSFUL$
esbmc-module-nondet,CORE,^VERIFICATION SUCCESSFUL$,PASS,59,SUCCESSFUL,^VERIFICATION SUCCESSFUL$
esbmc-module-nondet2,CORE,^VERIFICATION SUCCESSFUL$,PASS,59,SUCCESSFUL,^VERIFICATION SUCCESSFUL$
esbmc-module-nondet3,THOROUGH,^VERIFICATION SUCCESSFUL$,TOERR,176,,exit=6; expected=^VERIFICATION SUCCESSFUL$
esbmc-module-nondet4,CORE,^VERIFICATION SUCCESSFUL$,PASS,51,SUCCESSFUL,^VERIFICATION SUCCESSFUL$
esbmc-module-nondet5,THOROUGH,^VERIFICATION SUCCESSFUL$,PASS,84,SUCCESSFUL,^VERIFICATION SUCCESSFUL$
ethereum_bug-fail,CORE,^VERIFICATION FAILED$,DIFF,52,SUCCESSFUL,expected=^VERIFICATION FAILED$
exception,CORE,^VERIFICATION SUCCESSFUL$,PASS,52,SUCCESSFUL,^VERIFICATION SUCCESSFUL$
exception10,CORE,^VERIFICATION SUCCESSFUL$,DIFF,50,FAILED,expected=^VERIFICATION SUCCESSFUL$
exception10_fail,CORE,^VERIFICATION FAILED$,PASS,51,FAILED,^VERIFICATION FAILED$
exception2,CORE,^VERIFICATION SUCCESSFUL$,PASS,55,SUCCESSFUL,^VERIFICATION SUCCESSFUL$
exception2_fail,CORE,^VERIFICATION FAILED$,PASS,51,FAILED,^VERIFICATION FAILED$
exception3,CORE,^VERIFICATION SUCCESSFUL$,PASS,52,SUCCESSFUL,^VERIFICATION SUCCESSFUL$
exception3_fail,CORE,^VERIFICATION FAILED$,PASS,56,FAILED,^VERIFICATION FAILED$
exception4,CORE,^VERIFICATION SUCCESSFUL$,PASS,51,SUCCESSFUL,^VERIFICATION SUCCESSFUL$
exception5_fail,CORE,^VERIFICATION FAILED$,PASS,51,FAILED,^VERIFICATION FAILED$
exception6,CORE,^VERIFICATION SUCCESSFUL$,PASS,54,SUCCESSFUL,^VERIFICATION SUCCESSFUL$
exception6_fail,CORE,^VERIFICATION FAILED$,PASS,52,FAILED,^VERIFICATION FAILED$
exception7,CORE,^VERIFICATION SUCCESSFUL$,PASS,90,SUCCESSFUL,^VERIFICATION SUCCESSFUL$
exception8,CORE,^VERIFICATION SUCCESSFUL$,DIFF,58,FAILED,expected=^VERIFICATION SUCCESSFUL$
exception9,CORE,^VERIFICATION SUCCESSFUL$,PASS,53,SUCCESSFUL,^VERIFICATION SUCCESSFUL$
exception_base_class,CORE,^VERIFICATION SUCCESSFUL$,DIFF,53,FAILED,expected=^VERIFICATION SUCCESSFUL$
exception_div_zero,CORE,^VERIFICATION SUCCESSFUL$,PASS,52,SUCCESSFUL,^VERIFICATION SUCCESSFUL$
exception_fail,CORE,^VERIFICATION FAILED$,PASS,56,FAILED,^VERIFICATION FAILED$
exception_index_fail,CORE,^VERIFICATION FAILED$,PASS,56,FAILED,^VERIFICATION FAILED$
exception_type_error_fail,CORE,^VERIFICATION FAILED$,PASS,52,FAILED,^VERIFICATION FAILED$
expression_statement,CORE,^VERIFICATION SUCCESSFUL$,PASS,52,SUCCESSFUL,^VERIFICATION SUCCESSFUL$
float,CORE,^VERIFICATION SUCCESSFUL$,PASS,55,SUCCESSFUL,^VERIFICATION SUCCESSFUL$
float1,CORE,^VERIFICATION SUCCESSFUL$,PASS,54,SUCCESSFUL,^VERIFICATION SUCCESSFUL$
float1_fail,CORE,^\s*Throwing an exception of type ValueError but there is not catch for it.$,FAIL,50,SUCCESSFUL,expected=^\s*Throwing an exception of type ValueError but there is not catch for it.$
float2,CORE,^VERIFICATION SUCCESSFUL$,PASS,52,SUCCESSFUL,^VERIFICATION SUCCESSFUL$
float3,CORE,^VERIFICATION SUCCESSFUL$,PASS,58,SUCCESSFUL,^VERIFICATION SUCCESSFUL$
float5,CORE,^VERIFICATION SUCCESSFUL$,PASS,51,SUCCESSFUL,^VERIFICATION SUCCESSFUL$
float_modulo_basic,CORE,^VERIFICATION SUCCESSFUL$,PASS,56,SUCCESSFUL,^VERIFICATION SUCCESSFUL$
float_modulo_compound_assign,CORE,^VERIFICATION SUCCESSFUL$,DIFF,54,FAILED,expected=^VERIFICATION SUCCESSFUL$
float_modulo_edge_cases,CORE,^VERIFICATION SUCCESSFUL$,PASS,57,SUCCESSFUL,^VERIFICATION SUCCESSFUL$
float_modulo_expression,CORE,^VERIFICATION SUCCESSFUL$,PASS,55,SUCCESSFUL,^VERIFICATION SUCCESSFUL$
float_modulo_mixed_types,CORE,^VERIFICATION SUCCESSFUL$,PASS,56,SUCCESSFUL,^VERIFICATION SUCCESSFUL$
float_modulo_python_semantics,CORE,^VERIFICATION SUCCESSFUL$,PASS,57,SUCCESSFUL,^VERIFICATION SUCCESSFUL$
float_modulo_zero_divisor_fail,CORE,^VERIFICATION FAILED$,PASS,55,FAILED,^VERIFICATION FAILED$
floor_ceil1,CORE,^VERIFICATION SUCCESSFUL$,PASS,104,SUCCESSFUL,^VERIFICATION SUCCESSFUL$
floor_ceil1_fail,CORE,^VERIFICATION FAILED$,PASS,104,FAILED,^VERIFICATION FAILED$
floor_ceil2,CORE,^VERIFICATION SUCCESSFUL$,PASS,107,SUCCESSFUL,^VERIFICATION SUCCESSFUL$
floor_ceil2_fail,CORE,^VERIFICATION FAILED$,PASS,111,FAILED,^VERIFICATION FAILED$
floor_ceil3,CORE,^VERIFICATION SUCCESSFUL$,PASS,100,SUCCESSFUL,^VERIFICATION SUCCESSFUL$
floor_ceil3_fail,CORE,^VERIFICATION FAILED$,PASS,105,FAILED,^VERIFICATION FAILED$
floor_ceil4,CORE,^VERIFICATION SUCCESSFUL$,PASS,106,SUCCESSFUL,^VERIFICATION SUCCESSFUL$
floor_ceil5,CORE,^VERIFICATION SUCCESSFUL$,PASS,99,SUCCESSFUL,^VERIFICATION SUCCESSFUL$
floor_ceil6,CORE,^VERIFICATION SUCCESSFUL$,PASS,99,SUCCESSFUL,^VERIFICATION SUCCESSFUL$
floor_ceil_nan_fail,CORE,^VERIFICATION FAILED$,DIFF,103,SUCCESSFUL,expected=^VERIFICATION FAILED$
for-loop,CORE,^VERIFICATION SUCCESSFUL$,PASS,53,SUCCESSFUL,^VERIFICATION SUCCESSFUL$
for-loop-fail,CORE,^VERIFICATION FAILED$,PASS,52,FAILED,^VERIFICATION FAILED$
for-loop-with-char,CORE,^VERIFICATION SUCCESSFUL$,DIFF,61,FAILED,expected=^VERIFICATION SUCCESSFUL$
for-loop-with-char_fail,CORE,^VERIFICATION FAILED$,PASS,62,FAILED,^VERIFICATION FAILED$
for-loop10,CORE,^VERIFICATION SUCCESSFUL$,PASS,53,SUCCESSFUL,^VERIFICATION SUCCESSFUL$
for-loop11,THOROUGH,^VERIFICATION SUCCESSFUL$,PASS,63,SUCCESSFUL,^VERIFICATION SUCCESSFUL$
for-loop12,THOROUGH,^VERIFICATION SUCCESSFUL$,PASS,59,SUCCESSFUL,^VERIFICATION SUCCESSFUL$
for-loop12_fail,THOROUGH,^VERIFICATION FAILED$,PASS,57,FAILED,^VERIFICATION FAILED$
for-loop13,THOROUGH,^VERIFICATION SUCCESSFUL$,PASS,64,SUCCESSFUL,^VERIFICATION SUCCESSFUL$
for-loop14,CORE,^VERIFICATION SUCCESSFUL$,PASS,51,SUCCESSFUL,^VERIFICATION SUCCESSFUL$
for-loop15,CORE,^VERIFICATION SUCCESSFUL$,PASS,51,SUCCESSFUL,^VERIFICATION SUCCESSFUL$
for-loop16_fail,CORE,^VERIFICATION FAILED$,PASS,51,FAILED,^VERIFICATION FAILED$
for-loop17,CORE,^VERIFICATION SUCCESSFUL$,DIFF,58,FAILED,expected=^VERIFICATION SUCCESSFUL$
for-loop17_fail,CORE,^VERIFICATION FAILED$,PASS,58,FAILED,^VERIFICATION FAILED$
for-loop2,THOROUGH,^VERIFICATION SUCCESSFUL$,PASS,55,SUCCESSFUL,^VERIFICATION SUCCESSFUL$
for-loop2_fail,THOROUGH,^VERIFICATION FAILED$,PASS,55,FAILED,^VERIFICATION FAILED$
for-loop3,CORE,^VERIFICATION SUCCESSFUL$,PASS,78,SUCCESSFUL,^VERIFICATION SUCCESSFUL$
for-loop3_fail,CORE,^VERIFICATION FAILED$,PASS,121,FAILED,^VERIFICATION FAILED$
for-loop4,THOROUGH,^VERIFICATION SUCCESSFUL$,PASS,56,SUCCESSFUL,^VERIFICATION SUCCESSFUL$
for-loop5,THOROUGH,^VERIFICATION SUCCESSFUL$,PASS,56,SUCCESSFUL,^VERIFICATION SUCCESSFUL$
for-loop6,CORE,^VERIFICATION SUCCESSFUL$,PASS,56,SUCCESSFUL,^VERIFICATION SUCCESSFUL$
for-loop7_fail,THOROUGH,^VERIFICATION FAILED$,PASS,60,FAILED,^VERIFICATION FAILED$
for-loop8_fail,CORE,^VERIFICATION FAILED$,PASS,61,FAILED,^VERIFICATION FAILED$
for-loop9,THOROUGH,^VERIFICATION SUCCESSFUL$,PASS,65,SUCCESSFUL,^VERIFICATION SUCCESSFUL$
forward-declaration,CORE,^VERIFICATION SUCCESSFUL$,PASS,50,SUCCESSFUL,^VERIFICATION SUCCESSFUL$
forward-declaration2,CORE,^VERIFICATION SUCCESSFUL$,PASS,50,SUCCESSFUL,^VERIFICATION SUCCESSFUL$
forward-declaration2_fail,CORE,^VERIFICATION FAILED$,PASS,55,FAILED,^VERIFICATION FAILED$
forward-declaration3,CORE,^VERIFICATION SUCCESSFUL$,PASS,58,SUCCESSFUL,^VERIFICATION SUCCESSFUL$
forward-declaration4,CORE,^VERIFICATION SUCCESSFUL$,PASS,55,SUCCESSFUL,^VERIFICATION SUCCESSFUL$
forward-declaration5,CORE,^VERIFICATION SUCCESSFUL$,DIFF,54,FAILED,expected=^VERIFICATION SUCCESSFUL$
forward-declaration6_fail,CORE,Unsupported function 'g' is reached,FAIL,51,FAILED,expected=Unsupported function 'g' is reached
forward-declaration_fail,CORE,^VERIFICATION FAILED$,PASS,52,FAILED,^VERIFICATION FAILED$
fstring,THOROUGH,^VERIFICATION SUCCESSFUL$,TOERR,282,,exit=6; expected=^VERIFICATION SUCCESSFUL$
fstring2,CORE,^VERIFICATION SUCCESSFUL$,TOERR,151,,exit=6; expected=^VERIFICATION SUCCESSFUL$
fstring2_fail,CORE,^VERIFICATION FAILED$,TOERR,84,,exit=6; expected=^VERIFICATION FAILED$
fstring3,CORE,^VERIFICATION SUCCESSFUL$,PASS,57,SUCCESSFUL,^VERIFICATION SUCCESSFUL$
fstring3_fail,CORE,^VERIFICATION FAILED$,TOERR,104,,exit=6; expected=^VERIFICATION FAILED$
fstring_fail,THOROUGH,^VERIFICATION FAILED$,TOERR,316,,exit=6; expected=^VERIFICATION FAILED$
func-nested,CORE,^VERIFICATION SUCCESSFUL$,PASS,52,SUCCESSFUL,^VERIFICATION SUCCESSFUL$
func-nested2,CORE,^VERIFICATION SUCCESSFUL$,PASS,55,SUCCESSFUL,^VERIFICATION SUCCESSFUL$
func-nested3,CORE,^VERIFICATION SUCCESSFUL$,PASS,55,SUCCESSFUL,^VERIFICATION SUCCESSFUL$
func-no-params-types-fail,CORE,^VERIFICATION SUCCESSFUL$,PASS,50,SUCCESSFUL,^VERIFICATION SUCCESSFUL$
function-call,CORE,^VERIFICATION SUCCESSFUL$,PASS,54,SUCCESSFUL,^VERIFICATION SUCCESSFUL$
function-call-fail,CORE,^VERIFICATION FAILED$,PASS,54,FAILED,^VERIFICATION FAILED$
function-call-fail2,CORE,^VERIFICATION FAILED$,PASS,52,FAILED,^VERIFICATION FAILED$
function-call-mult-params-fail,CORE,^VERIFICATION FAILED$,PASS,51,FAILED,^VERIFICATION FAILED$
function-call-var-obj,CORE,^VERIFICATION SUCCESSFUL$,PASS,54,SUCCESSFUL,^VERIFICATION SUCCESSFUL$
function-call10-pass,CORE,^VERIFICATION SUCCESSFUL$,PASS,59,SUCCESSFUL,^VERIFICATION SUCCESSFUL$
function-call11-pass,CORE,^VERIFICATION SUCCESSFUL$,PASS,51,SUCCESSFUL,^VERIFICATION SUCCESSFUL$
function-call12-pass,CORE,^VERIFICATION SUCCESSFUL$,PASS,50,SUCCESSFUL,^VERIFICATION SUCCESSFUL$
function-call13-fail,CORE,^VERIFICATION FAILED$,PASS,53,FAILED,^VERIFICATION FAILED$
function-call14-fail,CORE,^VERIFICATION FAILED$,PASS,53,FAILED,^VERIFICATION FAILED$
function-call14-pass,CORE,^VERIFICATION SUCCESSFUL$,PASS,53,SUCCESSFUL,^VERIFICATION SUCCESSFUL$
function-call2,CORE,^VERIFICATION SUCCESSFUL$,PASS,56,SUCCESSFUL,^VERIFICATION SUCCESSFUL$
function-call2-fail,CORE,^VERIFICATION FAILED$,PASS,57,FAILED,^VERIFICATION FAILED$
function-call3,CORE,^VERIFICATION SUCCESSFUL$,PASS,49,SUCCESSFUL,^VERIFICATION SUCCESSFUL$
function-call4,CORE,^VERIFICATION SUCCESSFUL$,PASS,57,SUCCESSFUL,^VERIFICATION SUCCESSFUL$
function-call5,CORE,^VERIFICATION SUCCESSFUL$,PASS,51,SUCCESSFUL,^VERIFICATION SUCCESSFUL$
function-call5-fail,CORE,^VERIFICATION FAILED$,PASS,53,FAILED,^VERIFICATION FAILED$
function-call6-pass,CORE,^VERIFICATION SUCCESSFUL$,PASS,53,SUCCESSFUL,^VERIFICATION SUCCESSFUL$
function-call7-pass,CORE,^VERIFICATION SUCCESSFUL$,PASS,54,SUCCESSFUL,^VERIFICATION SUCCESSFUL$
function-call8-fail,CORE,^VERIFICATION FAILED$,PASS,52,FAILED,^VERIFICATION FAILED$
function-call8-pass,CORE,^VERIFICATION SUCCESSFUL$,PASS,54,SUCCESSFUL,^VERIFICATION SUCCESSFUL$
function-call9-pass,CORE,^VERIFICATION SUCCESSFUL$,PASS,53,SUCCESSFUL,^VERIFICATION SUCCESSFUL$
function-default-function-var,CORE,^VERIFICATION SUCCESSFUL$,DIFF,54,FAILED,expected=^VERIFICATION SUCCESSFUL$
function-default-instance-reuse,CORE,^VERIFICATION SUCCESSFUL$,PASS,53,SUCCESSFUL,^VERIFICATION SUCCESSFUL$
function-default-int,CORE,^VERIFICATION SUCCESSFUL$,PASS,53,SUCCESSFUL,^VERIFICATION SUCCESSFUL$
function-default-keyword-argument,CORE,^VERIFICATION SUCCESSFUL$,PASS,52,SUCCESSFUL,^VERIFICATION SUCCESSFUL$
function-default-missing-arg-fail,CORE,^TypeError: returns\_y\(\) missing 1 required positional argument: \'x\'$,FAIL,54,SUCCESSFUL,expected=^TypeError: returns\_y\(\) missing 1 required positional argument: \'x\'$
function-default-variable,CORE,^VERIFICATION SUCCESSFUL$,PASS,57,SUCCESSFUL,^VERIFICATION SUCCESSFUL$
function-default-variable-fail,CORE,^VERIFICATION FAILED$,PASS,52,FAILED,^VERIFICATION FAILED$
function-default-variable-mult,CORE,^VERIFICATION SUCCESSFUL$,PASS,55,SUCCESSFUL,^VERIFICATION SUCCESSFUL$
function-default-variable-obj,CORE,^VERIFICATION SUCCESSFUL$,PASS,54,SUCCESSFUL,^VERIFICATION SUCCESSFUL$
function-keyword-argument,CORE,^VERIFICATION SUCCESSFUL$,PASS,56,SUCCESSFUL,^VERIFICATION SUCCESSFUL$
function-keyword-repeated-fail,CORE,^SyntaxError: Keyword argument repeated:x$,FAIL,52,SUCCESSFUL,expected=^SyntaxError: Keyword argument repeated:x$
function-option,CORE,,UNKNOWN,53,SUCCESSFUL,no expected regex
function-option-fail,CORE,,UNKNOWN,50,SUCCESSFUL,no expected regex
function-params-fail,CORE,^VERIFICATION FAILED$,PASS,53,FAILED,^VERIFICATION FAILED$
function-return,CORE,^VERIFICATION SUCCESSFUL$,PASS,51,SUCCESSFUL,^VERIFICATION SUCCESSFUL$
function-return-fail,CORE,^VERIFICATION FAILED$,PASS,55,FAILED,^VERIFICATION FAILED$
function-return-if-fail,CORE,^VERIFICATION FAILED$,PASS,53,FAILED,^VERIFICATION FAILED$
function-undef-fail,CORE,,UNKNOWN,50,FAILED,no expected regex
gb-2812,CORE,^VERIFICATION SUCCESSFUL$,PASS,53,SUCCESSFUL,^VERIFICATION SUCCESSFUL$
gb-2893,CORE,^VERIFICATION SUCCESSFUL$,PASS,84,SUCCESSFUL,^VERIFICATION SUCCESSFUL$
gb-2915,CORE,^VERIFICATION SUCCESSFUL$,DIFF,114,FAILED,expected=^VERIFICATION SUCCESSFUL$
getrandbits,THOROUGH,^VERIFICATION SUCCESSFUL$,DIFF,106,FAILED,expected=^VERIFICATION SUCCESSFUL$
getrandbits_fail,CORE,^VERIFICATION FAILED$,PASS,103,FAILED,^VERIFICATION FAILED$
github_1964,CORE,^VERIFICATION SUCCESSFUL$,PASS,53,SUCCESSFUL,^VERIFICATION SUCCESSFUL$
github_2012,CORE,^VERIFICATION SUCCESSFUL$,PASS,80,SUCCESSFUL,^VERIFICATION SUCCESSFUL$
github_2012_2,CORE,^VERIFICATION SUCCESSFUL$,PASS,65,SUCCESSFUL,^VERIFICATION SUCCESSFUL$
github_2224-fail,THOROUGH,^VERIFICATION FAILED$,DIFF,87,SUCCESSFUL,expected=^VERIFICATION FAILED$
github_2839,CORE,^VERIFICATION SUCCESSFUL$,PASS,58,SUCCESSFUL,^VERIFICATION SUCCESSFUL$
github_2839_fail,CORE,^VERIFICATION FAILED$,PASS,56,FAILED,^VERIFICATION FAILED$
github_2843,CORE,^VERIFICATION SUCCESSFUL$,PASS,103,SUCCESSFUL,^VERIFICATION SUCCESSFUL$
github_2843_2,CORE,^VERIFICATION SUCCESSFUL$,PASS,57,SUCCESSFUL,^VERIFICATION SUCCESSFUL$
github_2843_2_fail,CORE,"^Properties\: 2 verified, \✗ 2 failed$",FAIL,56,FAILED,"expected=^Properties\: 2 verified, \✗ 2 failed$"
github_2843_3,CORE,^VERIFICATION SUCCESSFUL$,PASS,99,SUCCESSFUL,^VERIFICATION SUCCESSFUL$
github_2843_4,CORE,^VERIFICATION SUCCESSFUL$,PASS,100,SUCCESSFUL,^VERIFICATION SUCCESSFUL$
github_2843_4_fail,CORE,"^Properties\: 2 verified, \✗ 2 failed$",FAIL,98,FAILED,"expected=^Properties\: 2 verified, \✗ 2 failed$"
github_2843_5,CORE,^ERROR\: Unsupported return type \'string\' detected$,FAIL,57,SUCCESSFUL,expected=^ERROR\: Unsupported return type \'string\' detected$
github_2843_6,CORE,^VERIFICATION SUCCESSFUL$,PASS,52,SUCCESSFUL,^VERIFICATION SUCCESSFUL$
github_2843_7,CORE,^VERIFICATION SUCCESSFUL$,PASS,56,SUCCESSFUL,^VERIFICATION SUCCESSFUL$
github_2843_fail,CORE,^VERIFICATION FAILED$,DIFF,103,SUCCESSFUL,expected=^VERIFICATION FAILED$
github_2879,CORE,^VERIFICATION SUCCESSFUL$,DIFF,58,FAILED,expected=^VERIFICATION SUCCESSFUL$
github_2879_2,CORE,^VERIFICATION SUCCESSFUL$,PASS,53,SUCCESSFUL,^VERIFICATION SUCCESSFUL$
github_2879_2_fail,CORE,^VERIFICATION FAILED$,PASS,55,FAILED,^VERIFICATION FAILED$
github_2879_3,CORE,^VERIFICATION SUCCESSFUL$,PASS,53,SUCCESSFUL,^VERIFICATION SUCCESSFUL$
github_2879_3_fail,CORE,^VERIFICATION FAILED$,PASS,51,FAILED,^VERIFICATION FAILED$
github_2879_4,CORE,^VERIFICATION SUCCESSFUL$,PASS,49,SUCCESSFUL,^VERIFICATION SUCCESSFUL$
github_2879_4_fail,CORE,^VERIFICATION FAILED$,PASS,49,FAILED,^VERIFICATION FAILED$
github_2879_5,CORE,,UNKNOWN,52,SUCCESSFUL,no expected regex
github_2879_5_fail,CORE,,UNKNOWN,51,FAILED,no expected regex
github_2879_6,CORE,,UNKNOWN,53,SUCCESSFUL,no expected regex
github_2879_6_fail,CORE,,UNKNOWN,51,FAILED,no expected regex
github_2879_7,CORE,,UNKNOWN,50,SUCCESSFUL,no expected regex
github_2879_fail,CORE,^VERIFICATION FAILED$,PASS,59,FAILED,^VERIFICATION FAILED$
github_2880,CORE,^VERIFICATION SUCCESSFUL$,CRASH,1191,,signal=6
github_2880_fail,CORE,^VERIFICATION FAILED$,CRASH,2226,,signal=6
github_2881,CORE,^VERIFICATION SUCCESSFUL$,CRASH,3230,,signal=6
github_2881_2,CORE,^VERIFICATION SUCCESSFUL$,PASS,53,SUCCESSFUL,^VERIFICATION SUCCESSFUL$
github_2881_3_fail,CORE,^ERROR: Unsupported expression for \'not in\' operation$,FAIL,51,SUCCESSFUL,expected=^ERROR: Unsupported expression for \'not in\' operation$
github_2881_fail,CORE,^VERIFICATION FAILED$,CRASH,4232,,signal=6
github_2885,CORE,^VERIFICATION SUCCESSFUL$,PASS,56,SUCCESSFUL,^VERIFICATION SUCCESSFUL$
github_2885_2,CORE,^VERIFICATION SUCCESSFUL$,PASS,52,SUCCESSFUL,^VERIFICATION SUCCESSFUL$
github_2885_2_fail,CORE,^VERIFICATION FAILED$,PASS,53,FAILED,^VERIFICATION FAILED$
github_2885_3,CORE,^VERIFICATION SUCCESSFUL$,PASS,62,SUCCESSFUL,^VERIFICATION SUCCESSFUL$
github_2885_3_fail,CORE,^VERIFICATION FAILED$,PASS,53,FAILED,^VERIFICATION FAILED$
github_2885_4_fail,CORE,^VERIFICATION FAILED$,PASS,54,FAILED,^VERIFICATION FAILED$
github_2885_fail,CORE,^VERIFICATION FAILED$,PASS,53,FAILED,^VERIFICATION FAILED$
github_2892,CORE,^VERIFICATION SUCCESSFUL$,PASS,57,SUCCESSFUL,^VERIFICATION SUCCESSFUL$
github_2892_fail,CORE,^VERIFICATION FAILED$,DIFF,55,SUCCESSFUL,expected=^VERIFICATION FAILED$
github_2895,CORE,^VERIFICATION SUCCESSFUL$,PASS,55,SUCCESSFUL,^VERIFICATION SUCCESSFUL$
github_2895_2,CORE,^VERIFICATION SUCCESSFUL$,PASS,82,SUCCESSFUL,^VERIFICATION SUCCESSFUL$
github_2897,CORE,^VERIFICATION SUCCESSFUL$,PASS,110,SUCCESSFUL,^VERIFICATION SUCCESSFUL$
github_2897_2,CORE,^VERIFICATION SUCCESSFUL$,PASS,144,SUCCESSFUL,^VERIFICATION SUCCESSFUL$
github_2897_2_fail,CORE,^VERIFICATION FAILED$,DIFF,154,SUCCESSFUL,expected=^VERIFICATION FAILED$
github_2898,CORE,^VERIFICATION SUCCESSFUL$,PASS,112,SUCCESSFUL,^VERIFICATION SUCCESSFUL$
github_2898_fail,THOROUGH,^VERIFICATION FAILED$,PASS,112,FAILED,^VERIFICATION FAILED$
github_2899,CORE,^VERIFICATION SUCCESSFUL$,PASS,50,SUCCESSFUL,^VERIFICATION SUCCESSFUL$
github_2899_2,CORE,^VERIFICATION SUCCESSFUL$,PASS,49,SUCCESSFUL,^VERIFICATION SUCCESSFUL$
github_2900,CORE,^VERIFICATION SUCCESSFUL$,PASS,80,SUCCESSFUL,^VERIFICATION SUCCESSFUL$
github_2908_1,CORE,,UNKNOWN,53,FAILED,no expected regex
github_2908_2,CORE,^VERIFICATION FAILED$,PASS,73,FAILED,^VERIFICATION FAILED$
github_2909,CORE,^VERIFICATION SUCCESSFUL$,TOERR,57,,exit=6; expected=^VERIFICATION SUCCESSFUL$
github_2909_2,CORE,^VERIFICATION SUCCESSFUL$,PASS,55,SUCCESSFUL,^VERIFICATION SUCCESSFUL$
github_2909_2_fail,CORE,^VERIFICATION FAILED$,PASS,49,FAILED,^VERIFICATION FAILED$
github_2909_fail,CORE,^VERIFICATION FAILED$,PASS,53,FAILED,^VERIFICATION FAILED$
github_2910,CORE,^VERIFICATION SUCCESSFUL$,PASS,49,SUCCESSFUL,^VERIFICATION SUCCESSFUL$
github_2910_2,CORE,^VERIFICATION SUCCESSFUL$,PASS,53,SUCCESSFUL,^VERIFICATION SUCCESSFUL$
github_2910_3,CORE,^VERIFICATION SUCCESSFUL$,PASS,50,SUCCESSFUL,^VERIFICATION SUCCESSFUL$
github_2911,CORE,^VERIFICATION SUCCESSFUL$,PASS,51,SUCCESSFUL,^VERIFICATION SUCCESSFUL$
github_2911_2_fail,CORE,^VERIFICATION FAILED$,PASS,51,FAILED,^VERIFICATION FAILED$
github_2911_3,CORE,^VERIFICATION SUCCESSFUL$,PASS,49,SUCCESSFUL,^VERIFICATION SUCCESSFUL$
github_2911_3_fail,CORE,^VERIFICATION FAILED$,PASS,49,FAILED,^VERIFICATION FAILED$
github_2911_fail,CORE,^VERIFICATION FAILED$,PASS,51,FAILED,^VERIFICATION FAILED$
github_2912,CORE,^VERIFICATION SUCCESSFUL$,PASS,51,SUCCESSFUL,^VERIFICATION SUCCESSFUL$
github_2912_fail,CORE,^VERIFICATION FAILED$,PASS,52,FAILED,^VERIFICATION FAILED$
github_2916,CORE,^VERIFICATION SUCCESSFUL$,PASS,53,SUCCESSFUL,^VERIFICATION SUCCESSFUL$
github_2916_2,CORE,^VERIFICATION SUCCESSFUL$,PASS,56,SUCCESSFUL,^VERIFICATION SUCCESSFUL$
github_2916_3,CORE,^VERIFICATION SUCCESSFUL$,PASS,51,SUCCESSFUL,^VERIFICATION SUCCESSFUL$
github_2916_4,CORE,^VERIFICATION SUCCESSFUL$,DIFF,53,FAILED,expected=^VERIFICATION SUCCESSFUL$
github_2916_fail,CORE,^VERIFICATION FAILED$,PASS,53,FAILED,^VERIFICATION FAILED$
github_2929,CORE,^VERIFICATION SUCCESSFUL$,PASS,75,SUCCESSFUL,^VERIFICATION SUCCESSFUL$
github_2931,CORE,^VERIFICATION SUCCESSFUL$,PASS,84,SUCCESSFUL,^VERIFICATION SUCCESSFUL$
github_2932,THOROUGH,^VERIFICATION SUCCESSFUL$,CRASH,4581,,signal=6
github_2932_2,CORE,^VERIFICATION SUCCESSFUL$,CRASH,5602,,signal=6
github_2932_2_fail,CORE,^VERIFICATION FAILED$,CRASH,6619,,signal=6
github_2932_3,THOROUGH,^VERIFICATION SUCCESSFUL$,DIFF,818,FAILED,expected=^VERIFICATION SUCCESSFUL$
github_2932_3_fail,THOROUGH,^VERIFICATION FAILED$,PASS,843,FAILED,^VERIFICATION FAILED$
github_2932_4,CORE,^VERIFICATION SUCCESSFUL$,DIFF,806,FAILED,expected=^VERIFICATION SUCCESSFUL$
github_2932_4_fail,THOROUGH,^VERIFICATION FAILED$,PASS,811,FAILED,^VERIFICATION FAILED$
github_2932_5,CORE,^VERIFICATION SUCCESSFUL$,PASS,56,SUCCESSFUL,^VERIFICATION SUCCESSFUL$
github_2932_6_fail,THOROUGH,^VERIFICATION FAILED$,PASS,820,FAILED,^VERIFICATION FAILED$
github_2932_fail,THOROUGH,^VERIFICATION FAILED$,CRASH,6776,,signal=6
github_2933,CORE,^VERIFICATION SUCCESSFUL$,PASS,48,SUCCESSFUL,^VERIFICATION SUCCESSFUL$
github_2933_fail,CORE,^VERIFICATION FAILED$,PASS,48,FAILED,^VERIFICATION FAILED$
github_2934,CORE,^VERIFICATION SUCCESSFUL$,PASS,49,SUCCESSFUL,^VERIFICATION SUCCESSFUL$
github_2934_2,CORE,^VERIFICATION SUCCESSFUL$,PASS,48,SUCCESSFUL,^VERIFICATION SUCCESSFUL$
github_2934_2_fail,CORE,^VERIFICATION FAILED$,PASS,49,FAILED,^VERIFICATION FAILED$
github_2934_3,CORE,^VERIFICATION SUCCESSFUL$,PASS,48,SUCCESSFUL,^VERIFICATION SUCCESSFUL$
github_2934_3_fail,CORE,^VERIFICATION FAILED$,PASS,52,FAILED,^VERIFICATION FAILED$
github_2934_4_fail,CORE,^VERIFICATION FAILED$,PASS,49,FAILED,^VERIFICATION FAILED$
github_2934_fail,CORE,^VERIFICATION FAILED$,PASS,50,FAILED,^VERIFICATION FAILED$
github_2935,CORE,^VERIFICATION SUCCESSFUL$,PASS,141,SUCCESSFUL,^VERIFICATION SUCCESSFUL$
github_2937,CORE,^VERIFICATION SUCCESSFUL$,PASS,58,SUCCESSFUL,^VERIFICATION SUCCESSFUL$
github_2937_2,CORE,^VERIFICATION SUCCESSFUL$,DIFF,51,FAILED,expected=^VERIFICATION SUCCESSFUL$
github_2937_2_fail,CORE,^VERIFICATION FAILED$,PASS,51,FAILED,^VERIFICATION FAILED$
github_2937_3,CORE,^VERIFICATION SUCCESSFUL$,PASS,53,SUCCESSFUL,^VERIFICATION SUCCESSFUL$
github_2937_3_fail,THOROUGH,^VERIFICATION FAILED$,PASS,53,FAILED,^VERIFICATION FAILED$
github_2937_fail,THOROUGH,^VERIFICATION FAILED$,PASS,52,FAILED,^VERIFICATION FAILED$
github_2943,CORE,^VERIFICATION SUCCESSFUL$,PASS,79,SUCCESSFUL,^VERIFICATION SUCCESSFUL$
github_2943_2,CORE,^VERIFICATION SUCCESSFUL$,PASS,82,SUCCESSFUL,^VERIFICATION SUCCESSFUL$
github_2943_2_fail,CORE,^VERIFICATION FAILED$,PASS,81,FAILED,^VERIFICATION FAILED$
github_2944,CORE,^VERIFICATION SUCCESSFUL$,DIFF,97,FAILED,expected=^VERIFICATION SUCCESSFUL$
github_2944_fail,CORE,^VERIFICATION FAILED$,PASS,96,FAILED,^VERIFICATION FAILED$
github_2947,CORE,^VERIFICATION SUCCESSFUL$,PASS,50,SUCCESSFUL,^VERIFICATION SUCCESSFUL$
github_2947_2,CORE,^VERIFICATION SUCCESSFUL$,PASS,57,SUCCESSFUL,^VERIFICATION SUCCESSFUL$
github_2947_2_fail,CORE,^VERIFICATION FAILED$,PASS,57,FAILED,^VERIFICATION FAILED$
github_2947_fail,CORE,"^Properties: 2 verified, \✗ 2 failed$",FAIL,61,FAILED,"expected=^Properties: 2 verified, \✗ 2 failed$"
github_2960,CORE,^VERIFICATION SUCCESSFUL$,DIFF,85,FAILED,expected=^VERIFICATION SUCCESSFUL$
github_2961,CORE,^VERIFICATION SUCCESSFUL$,PASS,80,SUCCESSFUL,^VERIFICATION SUCCESSFUL$
github_2961_fail,CORE,^VERIFICATION FAILED$,PASS,82,FAILED,^VERIFICATION FAILED$
github_2962,CORE,^VERIFICATION SUCCESSFUL$,PASS,49,SUCCESSFUL,^VERIFICATION SUCCESSFUL$
github_2962_fail,CORE,^VERIFICATION FAILED$,DIFF,49,SUCCESSFUL,expected=^VERIFICATION FAILED$
github_2964,CORE,^VERIFICATION SUCCESSFUL$,PASS,79,SUCCESSFUL,^VERIFICATION SUCCESSFUL$
github_2965,CORE,^VERIFICATION SUCCESSFUL$,PASS,55,SUCCESSFUL,^VERIFICATION SUCCESSFUL$
github_2965_2,CORE,^VERIFICATION SUCCESSFUL$,PASS,55,SUCCESSFUL,^VERIFICATION SUCCESSFUL$
github_2965_2_fail,CORE,^VERIFICATION FAILED$,PASS,57,FAILED,^VERIFICATION FAILED$
github_2965_3,CORE,^VERIFICATION SUCCESSFUL$,DIFF,56,FAILED,expected=^VERIFICATION SUCCESSFUL$
github_2965_fail,CORE,^VERIFICATION FAILED$,PASS,54,FAILED,^VERIFICATION FAILED$
github_2965_set_unique,CORE,^VERIFICATION SUCCESSFUL$,DIFF,51,FAILED,expected=^VERIFICATION SUCCESSFUL$
github_2965_set_unique_fail,THOROUGH,^VERIFICATION FAILED$,PASS,49,FAILED,^VERIFICATION FAILED$
github_2966,CORE,^VERIFICATION SUCCESSFUL$,PASS,49,SUCCESSFUL,^VERIFICATION SUCCESSFUL$
github_2966_fail,CORE,^VERIFICATION FAILED$,DIFF,50,SUCCESSFUL,expected=^VERIFICATION FAILED$
github_2974,CORE,^VERIFICATION SUCCESSFUL$,PASS,50,SUCCESSFUL,^VERIFICATION SUCCESSFUL$
github_2974_1,CORE,^VERIFICATION SUCCESSFUL$,PASS,51,SUCCESSFUL,^VERIFICATION SUCCESSFUL$
github_2974_1_fail,CORE,^VERIFICATION FAILED$,PASS,51,FAILED,^VERIFICATION FAILED$
github_2974_2_fail,CORE,^VERIFICATION FAILED$,PASS,53,FAILED,^VERIFICATION FAILED$
github_2974_fail,CORE,^VERIFICATION FAILED$,PASS,52,FAILED,^VERIFICATION FAILED$
github_2975,CORE,^VERIFICATION SUCCESSFUL$,DIFF,277,FAILED,expected=^VERIFICATION SUCCESSFUL$
github_2975_fail,CORE,^VERIFICATION FAILED$,PASS,276,FAILED,^VERIFICATION FAILED$
github_2978,CORE,^VERIFICATION SUCCESSFUL$,PASS,49,SUCCESSFUL,^VERIFICATION SUCCESSFUL$
github_2978_2,CORE,^VERIFICATION SUCCESSFUL$,PASS,51,SUCCESSFUL,^VERIFICATION SUCCESSFUL$
github_2978_2_fail,CORE,^VERIFICATION FAILED$,PASS,56,FAILED,^VERIFICATION FAILED$
github_2978_3,CORE,^VERIFICATION SUCCESSFUL$,PASS,54,SUCCESSFUL,^VERIFICATION SUCCESSFUL$
github_2978_4,CORE,^VERIFICATION SUCCESSFUL$,PASS,73,SUCCESSFUL,^VERIFICATION SUCCESSFUL$
github_2978_4_fail,CORE,^VERIFICATION FAILED$,PASS,70,FAILED,^VERIFICATION FAILED$
github_2978_5,CORE,^VERIFICATION SUCCESSFUL$,PASS,50,SUCCESSFUL,^VERIFICATION SUCCESSFUL$
github_2978_5_fail,CORE,^VERIFICATION FAILED$,PASS,54,FAILED,^VERIFICATION FAILED$
github_2978_6,CORE,^VERIFICATION SUCCESSFUL$,PASS,50,SUCCESSFUL,^VERIFICATION SUCCESSFUL$
github_2978_6_fail,CORE,^VERIFICATION FAILED$,PASS,49,FAILED,^VERIFICATION FAILED$
github_2978_7,CORE,^VERIFICATION SUCCESSFUL$,PASS,50,SUCCESSFUL,^VERIFICATION SUCCESSFUL$
github_2978_7_fail,CORE,^VERIFICATION FAILED$,PASS,50,FAILED,^VERIFICATION FAILED$
github_2978_8,CORE,^VERIFICATION SUCCESSFUL$,PASS,49,SUCCESSFUL,^VERIFICATION SUCCESSFUL$
github_2978_8_fail,CORE,^VERIFICATION FAILED$,PASS,52,FAILED,^VERIFICATION FAILED$
github_2978_9,CORE,^VERIFICATION SUCCESSFUL$,PASS,52,SUCCESSFUL,^VERIFICATION SUCCESSFUL$
github_2978_fail,CORE,^VERIFICATION FAILED$,PASS,50,FAILED,^VERIFICATION FAILED$
github_2979,THOROUGH,^VERIFICATION SUCCESSFUL$,PASS,179,SUCCESSFUL,^VERIFICATION SUCCESSFUL$
github_2979_fail,THOROUGH,^VERIFICATION FAILED$,PASS,180,FAILED,^VERIFICATION FAILED$
github_2980,CORE,^VERIFICATION SUCCESSFUL$,PASS,54,SUCCESSFUL,^VERIFICATION SUCCESSFUL$
github_2980_fail,CORE,^VERIFICATION FAILED$,PASS,52,FAILED,^VERIFICATION FAILED$
github_2986,CORE,^VERIFICATION SUCCESSFUL$,PASS,51,SUCCESSFUL,^VERIFICATION SUCCESSFUL$
github_2986_2,CORE,^VERIFICATION SUCCESSFUL$,DIFF,49,FAILED,expected=^VERIFICATION SUCCESSFUL$
github_2986_2_fail,CORE,^VERIFICATION FAILED$,PASS,50,FAILED,^VERIFICATION FAILED$
github_2986_fail,CORE,^VERIFICATION FAILED$,PASS,51,FAILED,^VERIFICATION FAILED$
github_2989,CORE,^VERIFICATION SUCCESSFUL$,PASS,49,SUCCESSFUL,^VERIFICATION SUCCESSFUL$
github_2989_1,CORE,^VERIFICATION SUCCESSFUL$,PASS,53,SUCCESSFUL,^VERIFICATION SUCCESSFUL$
github_2989_1_fail,CORE,^VERIFICATION FAILED$,PASS,49,FAILED,^VERIFICATION FAILED$
github_2989_fail,CORE,^VERIFICATION FAILED$,PASS,49,FAILED,^VERIFICATION FAILED$
github_2992,CORE,^VERIFICATION SUCCESSFUL$,PASS,48,SUCCESSFUL,^VERIFICATION SUCCESSFUL$
github_2992_islower,CORE,^VERIFICATION SUCCESSFUL$,PASS,52,SUCCESSFUL,^VERIFICATION SUCCESSFUL$
github_2992_islower_fail,CORE,^VERIFICATION FAILED$,PASS,55,FAILED,^VERIFICATION FAILED$
github_2992_logic,CORE,^VERIFICATION SUCCESSFUL$,DIFF,56,FAILED,expected=^VERIFICATION SUCCESSFUL$
github_2992_logic_fail,CORE,^VERIFICATION FAILED$,PASS,55,FAILED,^VERIFICATION FAILED$
github_2992_lower,CORE,^VERIFICATION SUCCESSFUL$,PASS,59,SUCCESSFUL,^VERIFICATION SUCCESSFUL$
github_2993,CORE,^VERIFICATION SUCCESSFUL$,PASS,49,SUCCESSFUL,^VERIFICATION SUCCESSFUL$
github_2993_2,CORE,^VERIFICATION SUCCESSFUL$,PASS,50,SUCCESSFUL,^VERIFICATION SUCCESSFUL$
github_2993_2_fail,CORE,^VERIFICATION FAILED$,DIFF,50,SUCCESSFUL,expected=^VERIFICATION FAILED$
github_2993_fail,CORE,^VERIFICATION FAILED$,PASS,50,FAILED,^VERIFICATION FAILED$
github_2993_real_world,CORE,^VERIFICATION SUCCESSFUL$,PASS,80,SUCCESSFUL,^VERIFICATION SUCCESSFUL$
github_2997,CORE,^VERIFICATION SUCCESSFUL$,DIFF,50,FAILED,expected=^VERIFICATION SUCCESSFUL$
github_2997_1,CORE,^VERIFICATION SUCCESSFUL$,PASS,49,SUCCESSFUL,^VERIFICATION SUCCESSFUL$
github_2997_2,CORE,^VERIFICATION SUCCESSFUL$,PASS,51,SUCCESSFUL,^VERIFICATION SUCCESSFUL$
github_2997_3,CORE,^VERIFICATION SUCCESSFUL$,PASS,50,SUCCESSFUL,^VERIFICATION SUCCESSFUL$
github_2997_4,CORE,^VERIFICATION SUCCESSFUL$,DIFF,51,FAILED,expected=^VERIFICATION SUCCESSFUL$
github_2997_5,CORE,^VERIFICATION SUCCESSFUL$,DIFF,52,FAILED,expected=^VERIFICATION SUCCESSFUL$
github_2997_5_fail,CORE,^VERIFICATION FAILED$,PASS,51,FAILED,^VERIFICATION FAILED$
github_2997_6,CORE,^VERIFICATION SUCCESSFUL$,DIFF,52,FAILED,expected=^VERIFICATION SUCCESSFUL$
github_2997_6_fail,CORE,^VERIFICATION FAILED$,PASS,52,FAILED,^VERIFICATION FAILED$
github_2997_7,CORE,^VERIFICATION SUCCESSFUL$,DIFF,52,FAILED,expected=^VERIFICATION SUCCESSFUL$
github_2997_7_fail,CORE,^VERIFICATION FAILED$,PASS,51,FAILED,^VERIFICATION FAILED$
github_2997_8,CORE,^VERIFICATION SUCCESSFUL$,PASS,49,SUCCESSFUL,^VERIFICATION SUCCESSFUL$
github_2999,CORE,^VERIFICATION SUCCESSFUL$,PASS,57,SUCCESSFUL,^VERIFICATION SUCCESSFUL$
github_2999_2,CORE,^VERIFICATION SUCCESSFUL$,PASS,59,SUCCESSFUL,^VERIFICATION SUCCESSFUL$
github_2999_2_fail,CORE,^VERIFICATION FAILED$,PASS,59,FAILED,^VERIFICATION FAILED$
github_2999_3,CORE,^VERIFICATION SUCCESSFUL$,PASS,50,SUCCESSFUL,^VERIFICATION SUCCESSFUL$
github_2999_3_fail,CORE,^VERIFICATION FAILED$,PASS,51,FAILED,^VERIFICATION FAILED$
github_2999_fail,CORE,^VERIFICATION FAILED$,PASS,58,FAILED,^VERIFICATION FAILED$
github_3000,CORE,^VERIFICATION SUCCESSFUL$,PASS,54,SUCCESSFUL,^VERIFICATION SUCCESSFUL$
github_3000_1,CORE,^VERIFICATION SUCCESSFUL$,PASS,49,SUCCESSFUL,^VERIFICATION SUCCESSFUL$
github_3000_1_fail,CORE,^VERIFICATION FAILED$,PASS,50,FAILED,^VERIFICATION FAILED$
github_3000_2,CORE,^VERIFICATION SUCCESSFUL$,PASS,58,SUCCESSFUL,^VERIFICATION SUCCESSFUL$
github_3000_3,CORE,^VERIFICATION SUCCESSFUL$,PASS,50,SUCCESSFUL,^VERIFICATION SUCCESSFUL$
github_3000_3_fail,CORE,^VERIFICATION FAILED$,PASS,51,FAILED,^VERIFICATION FAILED$
github_3000_4,CORE,^VERIFICATION SUCCESSFUL$,PASS,54,SUCCESSFUL,^VERIFICATION SUCCESSFUL$
github_3000_4_fail,CORE,^VERIFICATION FAILED$,PASS,55,FAILED,^VERIFICATION FAILED$
github_3000_5,CORE,^VERIFICATION SUCCESSFUL$,PASS,56,SUCCESSFUL,^VERIFICATION SUCCESSFUL$
github_3000_5_fail,CORE,^VERIFICATION FAILED$,PASS,57,FAILED,^VERIFICATION FAILED$
github_3000_6,CORE,^VERIFICATION SUCCESSFUL$,PASS,58,SUCCESSFUL,^VERIFICATION SUCCESSFUL$
github_3000_6_fail,CORE,^VERIFICATION FAILED$,PASS,55,FAILED,^VERIFICATION FAILED$
github_3000_7,CORE,^VERIFICATION SUCCESSFUL$,PASS,55,SUCCESSFUL,^VERIFICATION SUCCESSFUL$
github_3000_7_fail,CORE,^VERIFICATION FAILED$,PASS,56,FAILED,^VERIFICATION FAILED$
github_3000_8_fail,CORE,^VERIFICATION FAILED$,PASS,75,FAILED,^VERIFICATION FAILED$
github_3000_fail,CORE,^VERIFICATION FAILED$,PASS,63,FAILED,^VERIFICATION FAILED$
github_3001_fail,CORE,"^  AttributeError: object has no attribute 'bar' \(possible types: 'Foo', 'Bar'\)$",FAIL,52,SUCCESSFUL,"expected=^  AttributeError: object has no attribute 'bar' \(possible types: 'Foo', 'Bar'\)$"
github_3003,CORE,^VERIFICATION SUCCESSFUL$,PASS,49,SUCCESSFUL,^VERIFICATION SUCCESSFUL$
github_3003_2,CORE,^VERIFICATION SUCCESSFUL$,PASS,53,SUCCESSFUL,^VERIFICATION SUCCESSFUL$
github_3003_3,CORE,^VERIFICATION SUCCESSFUL$,PASS,50,SUCCESSFUL,^VERIFICATION SUCCESSFUL$
github_3003_3_fail,CORE,^VERIFICATION FAILED$,PASS,52,FAILED,^VERIFICATION FAILED$
github_3003_4_fail,CORE,"^Properties: 6 verified \✓ 5 passed, \✗ 1 failed$",FAIL,53,FAILED,"expected=^Properties: 6 verified \✓ 5 passed, \✗ 1 failed$"
github_3008,CORE,^VERIFICATION SUCCESSFUL$,PASS,50,SUCCESSFUL,^VERIFICATION SUCCESSFUL$
github_3010_2_fail,CORE,^TypeError: foo\(\) missing 1 required positional argument: \'x\'$,FAIL,50,SUCCESSFUL,expected=^TypeError: foo\(\) missing 1 required positional argument: \'x\'$
github_3010_3_fail,CORE,^TypeError: foo\(\) missing 2 required positional arguments: \'x\' and \'y\'$,FAIL,50,SUCCESSFUL,expected=^TypeError: foo\(\) missing 2 required positional arguments: \'x\' and \'y\'$
github_3010_4_fail,CORE,^TypeError: foo\(\) missing 1 required positional argument: \'y\'$,FAIL,49,SUCCESSFUL,expected=^TypeError: foo\(\) missing 1 required positional argument: \'y\'$
github_3010_5_fail,CORE,^TypeError: foo\(\) missing 1 required keyword-only argument: \'b\'$,FAIL,51,SUCCESSFUL,expected=^TypeError: foo\(\) missing 1 required keyword-only argument: \'b\'$
github_3010_6_fail,CORE,^  Throwing an exception of type TypeError but there is not catch for it.$,FAIL,83,SUCCESSFUL,expected=^  Throwing an exception of type TypeError but there is not catch for it.$
github_3010_7_fail,CORE,^  Throwing an exception of type TypeError but there is not catch for it.$,FAIL,81,SUCCESSFUL,expected=^  Throwing an exception of type TypeError but there is not catch for it.$
github_3010_8_pass,CORE,^VERIFICATION SUCCESSFUL$,PASS,81,SUCCESSFUL,^VERIFICATION SUCCESSFUL$
github_3010_fail,CORE,^TypeError: foo\(\) missing 1 required positional argument: \'x\'$,FAIL,49,SUCCESSFUL,expected=^TypeError: foo\(\) missing 1 required positional argument: \'x\'$
github_3011,CORE,^VERIFICATION SUCCESSFUL$,PASS,48,SUCCESSFUL,^VERIFICATION SUCCESSFUL$
github_3011_2,CORE,^VERIFICATION SUCCESSFUL$,PASS,49,SUCCESSFUL,^VERIFICATION SUCCESSFUL$
github_3011_3-nondet,CORE,^VERIFICATION SUCCESSFUL$,PASS,56,SUCCESSFUL,^VERIFICATION SUCCESSFUL$
github_3011_4-nondet,CORE,^VERIFICATION SUCCESSFUL$,PASS,54,SUCCESSFUL,^VERIFICATION SUCCESSFUL$
github_3012,CORE,^VERIFICATION SUCCESSFUL$,PASS,55,SUCCESSFUL,^VERIFICATION SUCCESSFUL$
github_3012_2,CORE,^VERIFICATION SUCCESSFUL$,PASS,52,SUCCESSFUL,^VERIFICATION SUCCESSFUL$
github_3012_2_fail,CORE,^VERIFICATION FAILED$,PASS,55,FAILED,^VERIFICATION FAILED$
github_3012_3_fail,CORE,^VERIFICATION FAILED$,PASS,99,FAILED,^VERIFICATION FAILED$
github_3012_fail,CORE,^VERIFICATION FAILED$,PASS,52,FAILED,^VERIFICATION FAILED$
github_3013,CORE,^VERIFICATION SUCCESSFUL$,DIFF,96,FAILED,expected=^VERIFICATION SUCCESSFUL$
github_3013_2,CORE,^VERIFICATION SUCCESSFUL$,DIFF,97,FAILED,expected=^VERIFICATION SUCCESSFUL$
github_3014_fail,CORE,^VERIFICATION FAILED$,PASS,95,FAILED,^VERIFICATION FAILED$
github_3015,CORE,^VERIFICATION SUCCESSFUL$,PASS,53,SUCCESSFUL,^VERIFICATION SUCCESSFUL$
github_3015_1_fail,CORE,^SyntaxError: Multiple values for argument 'x'$,FAIL,49,SUCCESSFUL,expected=^SyntaxError: Multiple values for argument 'x'$
github_3015_2_fail,CORE,^SyntaxError: Multiple values for argument 'y'$,FAIL,50,SUCCESSFUL,expected=^SyntaxError: Multiple values for argument 'y'$
github_3015_3_fail,CORE,^TypeError: foo\(\) missing 1 required positional argument: \'x\'$,FAIL,50,SUCCESSFUL,expected=^TypeError: foo\(\) missing 1 required positional argument: \'x\'$
github_3015_4_fail,CORE,^ERROR: Unknown keyword argument: z in function foo$,FAIL,50,SUCCESSFUL,expected=^ERROR: Unknown keyword argument: z in function foo$
github_3015_fail,CORE,^SyntaxError: Multiple values for argument 'x'$,FAIL,52,SUCCESSFUL,expected=^SyntaxError: Multiple values for argument 'x'$
github_3019,CORE,^VERIFICATION SUCCESSFUL$,PASS,49,SUCCESSFUL,^VERIFICATION SUCCESSFUL$
github_3019_2,CORE,^VERIFICATION SUCCESSFUL$,PASS,49,SUCCESSFUL,^VERIFICATION SUCCESSFUL$
github_3019_2_fail,CORE,^VERIFICATION FAILED$,PASS,50,FAILED,^VERIFICATION FAILED$
github_3019_3,CORE,^VERIFICATION SUCCESSFUL$,PASS,48,SUCCESSFUL,^VERIFICATION SUCCESSFUL$
github_3019_4,CORE,^VERIFICATION SUCCESSFUL$,PASS,54,SUCCESSFUL,^VERIFICATION SUCCESSFUL$
github_3019_5,CORE,^VERIFICATION SUCCESSFUL$,PASS,50,SUCCESSFUL,^VERIFICATION SUCCESSFUL$
github_3019_6,CORE,^VERIFICATION SUCCESSFUL$,PASS,49,SUCCESSFUL,^VERIFICATION SUCCESSFUL$
github_3019_fail,CORE,^VERIFICATION FAILED$,PASS,50,FAILED,^VERIFICATION FAILED$
github_3020,CORE,^VERIFICATION FAILED$,DIFF,49,SUCCESSFUL,expected=^VERIFICATION FAILED$
github_3020_10,CORE,^VERIFICATION FAILED$,DIFF,51,SUCCESSFUL,expected=^VERIFICATION FAILED$
github_3020_2,CORE,^VERIFICATION FAILED$,DIFF,51,SUCCESSFUL,expected=^VERIFICATION FAILED$
github_3020_3,CORE,^VERIFICATION SUCCESSFUL$,PASS,51,SUCCESSFUL,^VERIFICATION SUCCESSFUL$
github_3020_4,CORE,^VERIFICATION SUCCESSFUL$,PASS,50,SUCCESSFUL,^VERIFICATION SUCCESSFUL$
github_3020_5,CORE,^VERIFICATION FAILED$,DIFF,49,SUCCESSFUL,expected=^VERIFICATION FAILED$
github_3020_6,CORE,^VERIFICATION FAILED$,DIFF,50,SUCCESSFUL,expected=^VERIFICATION FAILED$
github_3020_7,CORE,^VERIFICATION SUCCESSFUL$,PASS,50,SUCCESSFUL,^VERIFICATION SUCCESSFUL$
github_3020_8,CORE,^VERIFICATION FAILED$,DIFF,55,SUCCESSFUL,expected=^VERIFICATION FAILED$
github_3020_9,CORE,^VERIFICATION FAILED$,DIFF,52,SUCCESSFUL,expected=^VERIFICATION FAILED$
github_3033_string-in-dot-present,CORE,^VERIFICATION SUCCESSFUL$,PASS,49,SUCCESSFUL,^VERIFICATION SUCCESSFUL$
github_3033_string-in-dot-present_fail,CORE,^VERIFICATION FAILED$,PASS,50,FAILED,^VERIFICATION FAILED$
github_3033_string-in-price-decimals_fail,CORE,^VERIFICATION FAILED$,CRASH,5729,,signal=6
github_3034_fail,CORE,^VERIFICATION FAILED$,PASS,128,FAILED,^VERIFICATION FAILED$
github_3034_split-dot-empty-both,CORE,^VERIFICATION SUCCESSFUL$,DIFF,126,FAILED,expected=^VERIFICATION SUCCESSFUL$
github_3034_split-dot-empty-both_fail,CORE,^VERIFICATION FAILED$,PASS,126,FAILED,^VERIFICATION FAILED$
github_3034_split-dot-empty-middle,CORE,^VERIFICATION SUCCESSFUL$,DIFF,128,FAILED,expected=^VERIFICATION SUCCESSFUL$
github_3034_split-dot-empty-middle_fail,CORE,^VERIFICATION FAILED$,PASS,129,FAILED,^VERIFICATION FAILED$
github_3034_split-dot-empty-part,CORE,^VERIFICATION SUCCESSFUL$,DIFF,125,FAILED,expected=^VERIFICATION SUCCESSFUL$
github_3034_split-dot-empty-part_fail,CORE,^VERIFICATION FAILED$,PASS,126,FAILED,^VERIFICATION FAILED$
github_3034_split-dot-empty-trailing,CORE,^VERIFICATION SUCCESSFUL$,DIFF,127,FAILED,expected=^VERIFICATION SUCCESSFUL$
github_3034_split-dot-empty-trailing_fail,CORE,^VERIFICATION FAILED$,PASS,127,FAILED,^VERIFICATION FAILED$
github_3034_split-dot-no-sep,CORE,^VERIFICATION SUCCESSFUL$,DIFF,127,FAILED,expected=^VERIFICATION SUCCESSFUL$
github_3034_split-dot-no-sep_fail,CORE,^VERIFICATION FAILED$,PASS,140,FAILED,^VERIFICATION FAILED$
github_3034_split-dot-only_fail,CORE,^VERIFICATION FAILED$,PASS,134,FAILED,^VERIFICATION FAILED$
github_3034_split-dot-only_sucess,CORE,,UNKNOWN,129,FAILED,no expected regex
github_3034_split-dot-valid-zero,CORE,^VERIFICATION SUCCESSFUL$,DIFF,126,FAILED,expected=^VERIFICATION SUCCESSFUL$
github_3034_split-dot-valid-zero_fail,CORE,^VERIFICATION FAILED$,PASS,139,FAILED,^VERIFICATION FAILED$
github_3035,CORE,^VERIFICATION SUCCESSFUL$,DIFF,54,FAILED,expected=^VERIFICATION SUCCESSFUL$
github_3035_fail,CORE,^VERIFICATION FAILED$,PASS,51,FAILED,^VERIFICATION FAILED$
github_3035_mixed,CORE,^VERIFICATION SUCCESSFUL$,PASS,52,SUCCESSFUL,^VERIFICATION SUCCESSFUL$
github_3035_whitespace,CORE,^VERIFICATION SUCCESSFUL$,PASS,50,SUCCESSFUL,^VERIFICATION SUCCESSFUL$
github_3035_whitespace_fail,CORE,^VERIFICATION FAILED$,PASS,50,FAILED,^VERIFICATION FAILED$
github_3036,CORE,^VERIFICATION SUCCESSFUL$,DIFF,51,FAILED,expected=^VERIFICATION SUCCESSFUL$
github_3036_2,THOROUGH,^VERIFICATION SUCCESSFUL$,PASS,53,SUCCESSFUL,^VERIFICATION SUCCESSFUL$
github_3036_2_fail,CORE,^VERIFICATION FAILED$,PASS,53,FAILED,^VERIFICATION FAILED$
github_3036_3,THOROUGH,^VERIFICATION SUCCESSFUL$,PASS,53,SUCCESSFUL,^VERIFICATION SUCCESSFUL$
github_3036_3_fail,THOROUGH,^VERIFICATION FAILED$,PASS,54,FAILED,^VERIFICATION FAILED$
github_3036_4,THOROUGH,^VERIFICATION SUCCESSFUL$,PASS,54,SUCCESSFUL,^VERIFICATION SUCCESSFUL$
github_3036_4_fail,THOROUGH,^VERIFICATION FAILED$,PASS,54,FAILED,^VERIFICATION FAILED$
github_3036_5,THOROUGH,^VERIFICATION SUCCESSFUL$,PASS,54,SUCCESSFUL,^VERIFICATION SUCCESSFUL$
github_3036_5_fail,THOROUGH,^VERIFICATION FAILED$,PASS,53,FAILED,^VERIFICATION FAILED$
github_3036_6,CORE,^VERIFICATION SUCCESSFUL$,DIFF,50,FAILED,expected=^VERIFICATION SUCCESSFUL$
github_3036_6_fail,CORE,^VERIFICATION FAILED$,PASS,50,FAILED,^VERIFICATION FAILED$
github_3036_8_fail,CORE,^VERIFICATION FAILED$,PASS,51,FAILED,^VERIFICATION FAILED$
github_3036_fail,CORE,^VERIFICATION FAILED$,PASS,50,FAILED,^VERIFICATION FAILED$
github_3038,CORE,^VERIFICATION SUCCESSFUL$,PASS,50,SUCCESSFUL,^VERIFICATION SUCCESSFUL$
github_3038_2,CORE,^VERIFICATION SUCCESSFUL$,PASS,50,SUCCESSFUL,^VERIFICATION SUCCESSFUL$
github_3038_2_fail,CORE,^VERIFICATION FAILED$,PASS,56,FAILED,^VERIFICATION FAILED$
github_3038_fail,CORE,^VERIFICATION FAILED$,PASS,56,FAILED,^VERIFICATION FAILED$
github_3040,CORE,^VERIFICATION SUCCESSFUL$,PASS,50,SUCCESSFUL,^VERIFICATION SUCCESSFUL$
github_3040_2,CORE,^VERIFICATION SUCCESSFUL$,PASS,53,SUCCESSFUL,^VERIFICATION SUCCESSFUL$
github_3041,CORE,^VERIFICATION SUCCESSFUL$,PASS,51,SUCCESSFUL,^VERIFICATION SUCCESSFUL$
github_3041_2,CORE,^VERIFICATION SUCCESSFUL$,PASS,63,SUCCESSFUL,^VERIFICATION SUCCESSFUL$
github_3041_2_auto_detect,CORE,,UNKNOWN,133,FAILED,no expected regex
github_3041_2_base_conversion,CORE,,UNKNOWN,106,FAILED,no expected regex
github_3041_2_base_conversion_fail,CORE,,UNKNOWN,67,FAILED,no expected regex
github_3041_2_comparison,CORE,,UNKNOWN,130,SUCCESSFUL,no expected regex
github_3041_2_comparison_fail,CORE,,UNKNOWN,66,FAILED,no expected regex
github_3041_2_fail,CORE,^VERIFICATION FAILED$,PASS,65,FAILED,^VERIFICATION FAILED$
github_3041_2_large_base,CORE,,UNKNOWN,80,FAILED,no expected regex
github_3041_2_negative,CORE,,UNKNOWN,96,SUCCESSFUL,no expected regex
github_3041_2_prefix_explicit_base,CORE,,UNKNOWN,132,FAILED,no expected regex
github_3041_2_type_conversion,CORE,,UNKNOWN,51,SUCCESSFUL,no expected regex
github_3041_2_whitespace,CORE,,UNKNOWN,201,FAILED,no expected regex
github_3041_fail,CORE,^VERIFICATION FAILED$,PASS,56,FAILED,^VERIFICATION FAILED$
github_3042,CORE,^VERIFICATION SUCCESSFUL$,PASS,96,SUCCESSFUL,^VERIFICATION SUCCESSFUL$
github_3043,CORE,^VERIFICATION SUCCESSFUL$,PASS,50,SUCCESSFUL,^VERIFICATION SUCCESSFUL$
github_3043_2,CORE,^VERIFICATION SUCCESSFUL$,DIFF,52,FAILED,expected=^VERIFICATION SUCCESSFUL$
github_3043_2_fail,CORE,^VERIFICATION FAILED$,PASS,52,FAILED,^VERIFICATION FAILED$
github_3044,CORE,^VERIFICATION SUCCESSFUL$,PASS,50,SUCCESSFUL,^VERIFICATION SUCCESSFUL$
github_3044_2,CORE,^VERIFICATION SUCCESSFUL$,PASS,52,SUCCESSFUL,^VERIFICATION SUCCESSFUL$
github_3044_2_fail,CORE,"^Properties: 2 verified, \✗ 2 failed$",FAIL,51,FAILED,"expected=^Properties: 2 verified, \✗ 2 failed$"
github_3044_fail,CORE,"^Properties: 2 verified, \✗ 2 failed$",FAIL,55,FAILED,"expected=^Properties: 2 verified, \✗ 2 failed$"
github_3045,CORE,^VERIFICATION SUCCESSFUL$,PASS,49,SUCCESSFUL,^VERIFICATION SUCCESSFUL$
github_3045_fail,CORE,^VERIFICATION FAILED$,PASS,49,FAILED,^VERIFICATION FAILED$
github_3046,THOROUGH,^VERIFICATION SUCCESSFUL$,PASS,66,SUCCESSFUL,^VERIFICATION SUCCESSFUL$
github_3046_2,CORE,^VERIFICATION SUCCESSFUL$,PASS,55,SUCCESSFUL,^VERIFICATION SUCCESSFUL$
github_3046_2_fail,CORE,^VERIFICATION FAILED$,PASS,59,FAILED,^VERIFICATION FAILED$
github_3046_3,CORE,^VERIFICATION SUCCESSFUL$,DIFF,83,FAILED,expected=^VERIFICATION SUCCESSFUL$
github_3046_3_fail,CORE,^VERIFICATION FAILED$,PASS,83,FAILED,^VERIFICATION FAILED$
github_3046_fail,CORE,^VERIFICATION FAILED$,PASS,76,FAILED,^VERIFICATION FAILED$
github_3052,CORE,^VERIFICATION SUCCESSFUL$,PASS,58,SUCCESSFUL,^VERIFICATION SUCCESSFUL$
github_3054,CORE,^VERIFICATION SUCCESSFUL$,PASS,54,SUCCESSFUL,^VERIFICATION SUCCESSFUL$
github_3056,CORE,^VERIFICATION SUCCESSFUL$,PASS,49,SUCCESSFUL,^VERIFICATION SUCCESSFUL$
github_3056_2,CORE,^VERIFICATION SUCCESSFUL$,PASS,50,SUCCESSFUL,^VERIFICATION SUCCESSFUL$
github_3056_2_fail,CORE,^VERIFICATION FAILED$,PASS,51,FAILED,^VERIFICATION FAILED$
github_3056_3,CORE,^VERIFICATION SUCCESSFUL$,PASS,49,SUCCESSFUL,^VERIFICATION SUCCESSFUL$
github_3056_4,CORE,^VERIFICATION SUCCESSFUL$,PASS,48,SUCCESSFUL,^VERIFICATION SUCCESSFUL$
github_3056_fail,CORE,^VERIFICATION FAILED$,PASS,50,FAILED,^VERIFICATION FAILED$
github_3057,CORE,^VERIFICATION SUCCESSFUL$,PASS,58,SUCCESSFUL,^VERIFICATION SUCCESSFUL$
github_3057_fail,CORE,^VERIFICATION FAILED$,PASS,55,FAILED,^VERIFICATION FAILED$
github_3068,CORE,^VERIFICATION SUCCESSFUL$,PASS,50,SUCCESSFUL,^VERIFICATION SUCCESSFUL$
github_3068_fail,CORE,^VERIFICATION FAILED$,PASS,54,FAILED,^VERIFICATION FAILED$
github_3074,CORE,^VERIFICATION SUCCESSFUL$,PASS,51,SUCCESSFUL,^VERIFICATION SUCCESSFUL$
github_3074_fail,CORE,^VERIFICATION FAILED$,PASS,52,FAILED,^VERIFICATION FAILED$
github_3076,CORE,^VERIFICATION SUCCESSFUL$,PASS,49,SUCCESSFUL,^VERIFICATION SUCCESSFUL$
github_3076_2,CORE,^VERIFICATION SUCCESSFUL$,PASS,49,SUCCESSFUL,^VERIFICATION SUCCESSFUL$
github_3076_2_fail,CORE,^VERIFICATION FAILED$,PASS,49,FAILED,^VERIFICATION FAILED$
github_3076_fail,CORE,^VERIFICATION FAILED$,PASS,49,FAILED,^VERIFICATION FAILED$
github_3078,CORE,^VERIFICATION SUCCESSFUL$,PASS,50,SUCCESSFUL,^VERIFICATION SUCCESSFUL$
github_3078_fail,CORE,^VERIFICATION FAILED$,PASS,51,FAILED,^VERIFICATION FAILED$
github_3081,CORE,^VERIFICATION SUCCESSFUL$,PASS,50,SUCCESSFUL,^VERIFICATION SUCCESSFUL$
github_3082,CORE,^VERIFICATION SUCCESSFUL$,PASS,48,SUCCESSFUL,^VERIFICATION SUCCESSFUL$
github_3082_2,CORE,^VERIFICATION SUCCESSFUL$,DIFF,51,FAILED,expected=^VERIFICATION SUCCESSFUL$
github_3082_2_fail,CORE,^VERIFICATION FAILED$,PASS,51,FAILED,^VERIFICATION FAILED$
github_3082_fail,CORE,^VERIFICATION FAILED$,PASS,51,FAILED,^VERIFICATION FAILED$
github_3087,CORE,^VERIFICATION SUCCESSFUL$,PASS,88,SUCCESSFUL,^VERIFICATION SUCCESSFUL$
github_3089,CORE,^VERIFICATION SUCCESSFUL$,PASS,49,SUCCESSFUL,^VERIFICATION SUCCESSFUL$
github_3089_fail,CORE,^VERIFICATION FAILED$,PASS,49,FAILED,^VERIFICATION FAILED$
github_3090,CORE,^VERIFICATION SUCCESSFUL$,DIFF,54,FAILED,expected=^VERIFICATION SUCCESSFUL$
github_3090_2,CORE,^VERIFICATION SUCCESSFUL$,PASS,50,SUCCESSFUL,^VERIFICATION SUCCESSFUL$
github_3090_3,CORE,^VERIFICATION SUCCESSFUL$,DIFF,50,FAILED,expected=^VERIFICATION SUCCESSFUL$
github_3090_3_fail,CORE,^VERIFICATION FAILED$,PASS,49,FAILED,^VERIFICATION FAILED$
github_3090_4,CORE,^VERIFICATION SUCCESSFUL$,TOERR,88,,exit=6; expected=^VERIFICATION SUCCESSFUL$
github_3090_4_fail,CORE,^VERIFICATION FAILED$,TOERR,89,,exit=6; expected=^VERIFICATION FAILED$
github_3090_5,CORE,^VERIFICATION SUCCESSFUL$,DIFF,51,FAILED,expected=^VERIFICATION SUCCESSFUL$
github_3090_5_fail,CORE,^VERIFICATION FAILED$,PASS,51,FAILED,^VERIFICATION FAILED$
github_3090_fail,CORE,^VERIFICATION FAILED$,PASS,49,FAILED,^VERIFICATION FAILED$
github_3091,CORE,^VERIFICATION SUCCESSFUL$,PASS,57,SUCCESSFUL,^VERIFICATION SUCCESSFUL$
github_3091_fail,CORE,^VERIFICATION FAILED$,PASS,58,FAILED,^VERIFICATION FAILED$
github_3093,CORE,^VERIFICATION SUCCESSFUL$,PASS,86,SUCCESSFUL,^VERIFICATION SUCCESSFUL$
github_3093_1,CORE,^VERIFICATION FAILED$,DIFF,79,SUCCESSFUL,expected=^VERIFICATION FAILED$
github_3093_2,CORE,^VERIFICATION FAILED$,DIFF,80,SUCCESSFUL,expected=^VERIFICATION FAILED$
github_3106,CORE,^VERIFICATION SUCCESSFUL$,PASS,50,SUCCESSFUL,^VERIFICATION SUCCESSFUL$
github_3106_2,CORE,^VERIFICATION SUCCESSFUL$,PASS,50,SUCCESSFUL,^VERIFICATION SUCCESSFUL$
github_3106_2_fail,CORE,^VERIFICATION FAILED$,PASS,50,FAILED,^VERIFICATION FAILED$
github_3106_3,CORE,^VERIFICATION SUCCESSFUL$,PASS,49,SUCCESSFUL,^VERIFICATION SUCCESSFUL$
github_3106_3_fail,CORE,^VERIFICATION FAILED$,PASS,51,FAILED,^VERIFICATION FAILED$
github_3114,CORE,^VERIFICATION SUCCESSFUL$,PASS,81,SUCCESSFUL,^VERIFICATION SUCCESSFUL$
github_3116,CORE,^VERIFICATION SUCCESSFUL$,PASS,83,SUCCESSFUL,^VERIFICATION SUCCESSFUL$
github_3116_1,CORE,^VERIFICATION SUCCESSFUL$,PASS,81,SUCCESSFUL,^VERIFICATION SUCCESSFUL$
github_3119,CORE,^VERIFICATION SUCCESSFUL$,PASS,111,SUCCESSFUL,^VERIFICATION SUCCESSFUL$
github_3119_2,CORE,^VERIFICATION SUCCESSFUL$,DIFF,60,FAILED,expected=^VERIFICATION SUCCESSFUL$
github_3119_2_fail,CORE,^VERIFICATION FAILED$,PASS,57,FAILED,^VERIFICATION FAILED$
github_3119_fail,CORE,^VERIFICATION FAILED$,PASS,109,FAILED,^VERIFICATION FAILED$
github_3125,THOROUGH,^VERIFICATION SUCCESSFUL$,CRASH,7463,,signal=6
github_3125_2,THOROUGH,^VERIFICATION SUCCESSFUL$,CRASH,5415,,signal=6
github_3125_2_fail,THOROUGH,^VERIFICATION FAILED$,CRASH,6421,,signal=6
github_3125_fail,THOROUGH,^VERIFICATION FAILED$,CRASH,8466,,signal=6
github_3127,THOROUGH,^VERIFICATION SUCCESSFUL$,PASS,62,SUCCESSFUL,^VERIFICATION SUCCESSFUL$
github_3127_1,CORE,^VERIFICATION SUCCESSFUL$,PASS,63,SUCCESSFUL,^VERIFICATION SUCCESSFUL$
github_3127_1_fail,THOROUGH,^VERIFICATION FAILED$,DIFF,62,SUCCESSFUL,expected=^VERIFICATION FAILED$
github_3127_2,CORE,^VERIFICATION SUCCESSFUL$,DIFF,83,FAILED,expected=^VERIFICATION SUCCESSFUL$
github_3127_2_fail,CORE,^VERIFICATION FAILED$,PASS,74,FAILED,^VERIFICATION FAILED$
github_3127_fail,THOROUGH,^VERIFICATION FAILED$,DIFF,63,SUCCESSFUL,expected=^VERIFICATION FAILED$
github_3129,CORE,^VERIFICATION SUCCESSFUL$,PASS,49,SUCCESSFUL,^VERIFICATION SUCCESSFUL$
github_3129_fail,CORE,^VERIFICATION FAILED$,PASS,49,FAILED,^VERIFICATION FAILED$
github_3130_fail,CORE,^VERIFICATION FAILED$,CRASH,9575,,signal=6
github_3137,CORE,^VERIFICATION SUCCESSFUL$,PASS,49,SUCCESSFUL,^VERIFICATION SUCCESSFUL$
github_3137_fail,CORE,^VERIFICATION FAILED$,PASS,49,FAILED,^VERIFICATION FAILED$
github_3140,CORE,^VERIFICATION SUCCESSFUL$,PASS,49,SUCCESSFUL,^VERIFICATION SUCCESSFUL$
github_3140_1,CORE,^VERIFICATION SUCCESSFUL$,PASS,49,SUCCESSFUL,^VERIFICATION SUCCESSFUL$
github_3140_1_fail,CORE,^VERIFICATION FAILED$,PASS,48,FAILED,^VERIFICATION FAILED$
github_3140_fail,CORE,^VERIFICATION FAILED$,PASS,49,FAILED,^VERIFICATION FAILED$
github_3141,CORE,^VERIFICATION SUCCESSFUL$,PASS,51,SUCCESSFUL,^VERIFICATION SUCCESSFUL$
github_3141_1,THOROUGH,^VERIFICATION SUCCESSFUL$,PASS,68,SUCCESSFUL,^VERIFICATION SUCCESSFUL$
github_3141_1_fail,CORE,^VERIFICATION FAILED$,PASS,56,FAILED,^VERIFICATION FAILED$
github_3141_fail,CORE,^VERIFICATION FAILED$,PASS,50,FAILED,^VERIFICATION FAILED$
github_3145,CORE,^VERIFICATION SUCCESSFUL$,PASS,97,SUCCESSFUL,^VERIFICATION SUCCESSFUL$
github_3150,CORE,^VERIFICATION SUCCESSFUL$,DIFF,49,FAILED,expected=^VERIFICATION SUCCESSFUL$
github_3150_2,CORE,^VERIFICATION SUCCESSFUL$,PASS,50,SUCCESSFUL,^VERIFICATION SUCCESSFUL$
github_3150_2_fail,CORE,^VERIFICATION FAILED$,PASS,50,FAILED,^VERIFICATION FAILED$
github_3150_fail,CORE,^VERIFICATION FAILED$,PASS,49,FAILED,^VERIFICATION FAILED$
github_3151,CORE,^VERIFICATION SUCCESSFUL$,PASS,52,SUCCESSFUL,^VERIFICATION SUCCESSFUL$
github_3151_fail,CORE,^VERIFICATION FAILED$,PASS,53,FAILED,^VERIFICATION FAILED$
github_3153,CORE,^VERIFICATION SUCCESSFUL$,TOERR,90,,exit=6; expected=^VERIFICATION SUCCESSFUL$
github_3154,CORE,^VERIFICATION SUCCESSFUL$,PASS,141,SUCCESSFUL,^VERIFICATION SUCCESSFUL$
github_3154_fail,CORE,^VERIFICATION FAILED$,PASS,142,FAILED,^VERIFICATION FAILED$
github_3155,CORE,^VERIFICATION SUCCESSFUL$,DIFF,55,FAILED,expected=^VERIFICATION SUCCESSFUL$
github_3155_fail,CORE,^VERIFICATION FAILED$,PASS,55,FAILED,^VERIFICATION FAILED$
github_3161,CORE,^VERIFICATION SUCCESSFUL$,PASS,86,SUCCESSFUL,^VERIFICATION SUCCESSFUL$
github_3161_fail,CORE,^VERIFICATION FAILED$,PASS,91,FAILED,^VERIFICATION FAILED$
github_3168,CORE,^VERIFICATION SUCCESSFUL$,PASS,49,SUCCESSFUL,^VERIFICATION SUCCESSFUL$
github_3181,CORE,^VERIFICATION SUCCESSFUL$,PASS,89,SUCCESSFUL,^VERIFICATION SUCCESSFUL$
github_3181_fail,CORE,^VERIFICATION FAILED$,DIFF,87,SUCCESSFUL,expected=^VERIFICATION FAILED$
github_3197,CORE,^VERIFICATION SUCCESSFUL$,PASS,49,SUCCESSFUL,^VERIFICATION SUCCESSFUL$
github_3198,CORE,^VERIFICATION SUCCESSFUL$,PASS,69,SUCCESSFUL,^VERIFICATION SUCCESSFUL$
github_3198_2,CORE,^VERIFICATION SUCCESSFUL$,PASS,65,SUCCESSFUL,^VERIFICATION SUCCESSFUL$
github_3198_3,CORE,^VERIFICATION SUCCESSFUL$,PASS,64,SUCCESSFUL,^VERIFICATION SUCCESSFUL$
github_3205_2_fail,CORE,^VERIFICATION FAILED$,PASS,59,FAILED,^VERIFICATION FAILED$
github_3205_fail,CORE,^  Assertion on None-returning function$,FAIL,47,FAILED,expected=^  Assertion on None-returning function$
github_3238,CORE,^VERIFICATION SUCCESSFUL$,PASS,739,SUCCESSFUL,^VERIFICATION SUCCESSFUL$
github_3242,CORE,^VERIFICATION SUCCESSFUL$,PASS,98,SUCCESSFUL,^VERIFICATION SUCCESSFUL$
github_3242_fail,CORE,^VERIFICATION FAILED$,PASS,95,FAILED,^VERIFICATION FAILED$
github_3243,CORE,^VERIFICATION SUCCESSFUL$,PASS,48,SUCCESSFUL,^VERIFICATION SUCCESSFUL$
github_3243_2,CORE,^VERIFICATION SUCCESSFUL$,DIFF,85,FAILED,expected=^VERIFICATION SUCCESSFUL$
github_3243_2_fail,CORE,^VERIFICATION FAILED$,PASS,84,FAILED,^VERIFICATION FAILED$
github_3244,CORE,^VERIFICATION SUCCESSFUL$,PASS,54,SUCCESSFUL,^VERIFICATION SUCCESSFUL$
github_3244_2,CORE,^VERIFICATION SUCCESSFUL$,PASS,51,SUCCESSFUL,^VERIFICATION SUCCESSFUL$
github_3244_fail,CORE,^VERIFICATION FAILED$,PASS,51,FAILED,^VERIFICATION FAILED$
github_3256_2_fail,CORE,^VERIFICATION FAILED$,PASS,97,FAILED,^VERIFICATION FAILED$
github_3256_fail,CORE,^VERIFICATION FAILED$,PASS,98,FAILED,^VERIFICATION FAILED$
github_3278,CORE,^VERIFICATION SUCCESSFUL$,PASS,154,SUCCESSFUL,^VERIFICATION SUCCESSFUL$
github_3286,CORE,^VERIFICATION SUCCESSFUL$,DIFF,80,FAILED,expected=^VERIFICATION SUCCESSFUL$
github_3286_fail,CORE,^VERIFICATION FAILED$,PASS,79,FAILED,^VERIFICATION FAILED$
github_3287,CORE,^VERIFICATION SUCCESSFUL$,PASS,81,SUCCESSFUL,^VERIFICATION SUCCESSFUL$
github_3287_1,CORE,^VERIFICATION SUCCESSFUL$,PASS,80,SUCCESSFUL,^VERIFICATION SUCCESSFUL$
github_3287_1_fail,CORE,^VERIFICATION FAILED$,DIFF,82,SUCCESSFUL,expected=^VERIFICATION FAILED$
github_3287_2,CORE,^VERIFICATION SUCCESSFUL$,PASS,79,SUCCESSFUL,^VERIFICATION SUCCESSFUL$
github_3287_2_fail,CORE,^VERIFICATION FAILED$,DIFF,79,SUCCESSFUL,expected=^VERIFICATION FAILED$
github_3287_fail,CORE,^VERIFICATION FAILED$,DIFF,79,SUCCESSFUL,expected=^VERIFICATION FAILED$
github_3288,CORE,^VERIFICATION SUCCESSFUL$,DIFF,52,FAILED,expected=^VERIFICATION SUCCESSFUL$
github_3288_2,CORE,^VERIFICATION SUCCESSFUL$,DIFF,55,FAILED,expected=^VERIFICATION SUCCESSFUL$
github_3288_2_fail,CORE,^VERIFICATION FAILED$,PASS,55,FAILED,^VERIFICATION FAILED$
github_3288_fail,CORE,^VERIFICATION FAILED$,PASS,53,FAILED,^VERIFICATION FAILED$
github_3295,CORE,^VERIFICATION SUCCESSFUL$,DIFF,52,FAILED,expected=^VERIFICATION SUCCESSFUL$
github_3295_fail,CORE,^VERIFICATION FAILED$,PASS,50,FAILED,^VERIFICATION FAILED$
github_3297,CORE,^VERIFICATION SUCCESSFUL$,DIFF,68,FAILED,expected=^VERIFICATION SUCCESSFUL$
github_3297_fail,CORE,^VERIFICATION FAILED$,PASS,69,FAILED,^VERIFICATION FAILED$
github_3301,CORE,^VERIFICATION SUCCESSFUL$,DIFF,51,FAILED,expected=^VERIFICATION SUCCESSFUL$
github_3301_fail,CORE,^VERIFICATION FAILED$,PASS,50,FAILED,^VERIFICATION FAILED$
github_3305,CORE,^VERIFICATION SUCCESSFUL$,DIFF,99,FAILED,expected=^VERIFICATION SUCCESSFUL$
github_3305_2,CORE,^VERIFICATION SUCCESSFUL$,DIFF,97,FAILED,expected=^VERIFICATION SUCCESSFUL$
github_3305_fail,CORE,^VERIFICATION FAILED$,PASS,97,FAILED,^VERIFICATION FAILED$
github_3307,CORE,^VERIFICATION SUCCESSFUL$,PASS,80,SUCCESSFUL,^VERIFICATION SUCCESSFUL$
github_3307_2,CORE,^VERIFICATION SUCCESSFUL$,PASS,70,SUCCESSFUL,^VERIFICATION SUCCESSFUL$
github_3307_2_fail,CORE,^VERIFICATION FAILED$,PASS,70,FAILED,^VERIFICATION FAILED$
github_3307_fail,CORE,^VERIFICATION FAILED$,PASS,83,FAILED,^VERIFICATION FAILED$
github_3313,CORE,^VERIFICATION SUCCESSFUL$,DIFF,106,FAILED,expected=^VERIFICATION SUCCESSFUL$
github_3313_2,CORE,^VERIFICATION SUCCESSFUL$,DIFF,99,FAILED,expected=^VERIFICATION SUCCESSFUL$
github_3313_2_fail,CORE,^VERIFICATION FAILED$,PASS,98,FAILED,^VERIFICATION FAILED$
github_3313_3,CORE,^VERIFICATION SUCCESSFUL$,DIFF,103,FAILED,expected=^VERIFICATION SUCCESSFUL$
github_3313_3_fail,CORE,^VERIFICATION FAILED$,PASS,105,FAILED,^VERIFICATION FAILED$
github_3313_fail,CORE,^VERIFICATION FAILED$,PASS,102,FAILED,^VERIFICATION FAILED$
github_3337,CORE,^VERIFICATION SUCCESSFUL$,PASS,53,SUCCESSFUL,^VERIFICATION SUCCESSFUL$
github_3337_2,CORE,^VERIFICATION SUCCESSFUL$,PASS,49,SUCCESSFUL,^VERIFICATION SUCCESSFUL$
github_3337_2_fail,CORE,^VERIFICATION FAILED$,PASS,49,FAILED,^VERIFICATION FAILED$
github_3337_3,CORE,^VERIFICATION SUCCESSFUL$,PASS,51,SUCCESSFUL,^VERIFICATION SUCCESSFUL$
github_3337_4,CORE,^VERIFICATION SUCCESSFUL$,PASS,52,SUCCESSFUL,^VERIFICATION SUCCESSFUL$
github_3337_fail,CORE,^VERIFICATION FAILED$,PASS,49,FAILED,^VERIFICATION FAILED$
github_3338,,,SKIP,0,,missing test.desc or main.py
github_3339,CORE,^VERIFICATION SUCCESSFUL$,PASS,49,SUCCESSFUL,^VERIFICATION SUCCESSFUL$
github_3339_fail,CORE,^VERIFICATION FAILED$,PASS,49,FAILED,^VERIFICATION FAILED$
github_3341_fail,CORE,^VERIFICATION FAILED$,PASS,51,FAILED,^VERIFICATION FAILED$
github_3431,CORE,^VERIFICATION SUCCESSFUL$,PASS,54,SUCCESSFUL,^VERIFICATION SUCCESSFUL$
github_3431_2,CORE,^VERIFICATION SUCCESSFUL$,PASS,53,SUCCESSFUL,^VERIFICATION SUCCESSFUL$
github_3431_3,CORE,^VERIFICATION SUCCESSFUL$,PASS,50,SUCCESSFUL,^VERIFICATION SUCCESSFUL$
github_3431_4,CORE,^VERIFICATION SUCCESSFUL$,PASS,92,SUCCESSFUL,^VERIFICATION SUCCESSFUL$
github_3432,CORE,^VERIFICATION SUCCESSFUL$,PASS,52,SUCCESSFUL,^VERIFICATION SUCCESSFUL$
github_3432_2,CORE,^VERIFICATION SUCCESSFUL$,PASS,67,SUCCESSFUL,^VERIFICATION SUCCESSFUL$
github_3433,CORE,^VERIFICATION SUCCESSFUL$,DIFF,59,FAILED,expected=^VERIFICATION SUCCESSFUL$
github_3434,CORE,^VERIFICATION SUCCESSFUL$,PASS,1338,SUCCESSFUL,^VERIFICATION SUCCESSFUL$
github_3434_2,CORE,^VERIFICATION SUCCESSFUL$,PASS,49,SUCCESSFUL,^VERIFICATION SUCCESSFUL$
github_3434_3,CORE,^VERIFICATION SUCCESSFUL$,PASS,50,SUCCESSFUL,^VERIFICATION SUCCESSFUL$
github_3434_4,CORE,^VERIFICATION SUCCESSFUL$,PASS,48,SUCCESSFUL,^VERIFICATION SUCCESSFUL$
github_3434_5,CORE,^VERIFICATION SUCCESSFUL$,PASS,51,SUCCESSFUL,^VERIFICATION SUCCESSFUL$
github_3520,CORE,^VERIFICATION SUCCESSFUL$,PASS,50,SUCCESSFUL,^VERIFICATION SUCCESSFUL$
github_3520_1,CORE,^VERIFICATION SUCCESSFUL$,PASS,50,SUCCESSFUL,^VERIFICATION SUCCESSFUL$
github_3520_1_fail,CORE,^VERIFICATION FAILED$,PASS,49,FAILED,^VERIFICATION FAILED$
github_3520_2,CORE,^VERIFICATION SUCCESSFUL$,DIFF,52,FAILED,expected=^VERIFICATION SUCCESSFUL$
github_3520_2_fail,CORE,^VERIFICATION FAILED$,PASS,52,FAILED,^VERIFICATION FAILED$
github_3520_3,CORE,^VERIFICATION SUCCESSFUL$,PASS,49,SUCCESSFUL,^VERIFICATION SUCCESSFUL$
github_3520_3_fail,CORE,^VERIFICATION FAILED$,PASS,50,FAILED,^VERIFICATION FAILED$
github_3520_4,CORE,^VERIFICATION SUCCESSFUL$,PASS,50,SUCCESSFUL,^VERIFICATION SUCCESSFUL$
github_3520_4_fail,CORE,^VERIFICATION FAILED$,DIFF,50,SUCCESSFUL,expected=^VERIFICATION FAILED$
github_3520_5,CORE,^VERIFICATION SUCCESSFUL$,PASS,50,SUCCESSFUL,^VERIFICATION SUCCESSFUL$
github_3520_5_fail,CORE,^VERIFICATION FAILED$,PASS,50,FAILED,^VERIFICATION FAILED$
github_3520_6,CORE,^VERIFICATION SUCCESSFUL$,DIFF,50,FAILED,expected=^VERIFICATION SUCCESSFUL$
github_3520_6_fail,CORE,^VERIFICATION FAILED$,PASS,50,FAILED,^VERIFICATION FAILED$
github_3520_7_fail,CORE,^VERIFICATION FAILED$,PASS,51,FAILED,^VERIFICATION FAILED$
github_3520_8,CORE,^VERIFICATION SUCCESSFUL$,PASS,50,SUCCESSFUL,^VERIFICATION SUCCESSFUL$
github_3520_8_fail,CORE,^VERIFICATION FAILED$,PASS,51,FAILED,^VERIFICATION FAILED$
github_3520_9,CORE,^VERIFICATION SUCCESSFUL$,PASS,50,SUCCESSFUL,^VERIFICATION SUCCESSFUL$
github_3520_fail,CORE,^VERIFICATION FAILED$,PASS,49,FAILED,^VERIFICATION FAILED$
github_3533,CORE,^VERIFICATION SUCCESSFUL$,PASS,51,SUCCESSFUL,^VERIFICATION SUCCESSFUL$
github_3533_2,CORE,^VERIFICATION SUCCESSFUL$,PASS,51,SUCCESSFUL,^VERIFICATION SUCCESSFUL$
github_3533_3,CORE,,UNKNOWN,53,SUCCESSFUL,no expected regex
github_3533_4,CORE,,UNKNOWN,51,SUCCESSFUL,no expected regex
github_3533_5,CORE,,UNKNOWN,50,SUCCESSFUL,no expected regex
github_3533_6_fail,CORE,,UNKNOWN,60,FAILED,no expected regex
github_3533_7,CORE,,UNKNOWN,53,SUCCESSFUL,no expected regex
github_3533_8_fail,CORE,,UNKNOWN,51,FAILED,no expected regex
github_3551,CORE,^VERIFICATION SUCCESSFUL$,PASS,76,SUCCESSFUL,^VERIFICATION SUCCESSFUL$
github_3551_1,CORE,^VERIFICATION SUCCESSFUL$,PASS,52,SUCCESSFUL,^VERIFICATION SUCCESSFUL$
github_3551_2,CORE,^VERIFICATION SUCCESSFUL$,PASS,53,SUCCESSFUL,^VERIFICATION SUCCESSFUL$
github_3551_3,CORE,^VERIFICATION SUCCESSFUL$,PASS,63,SUCCESSFUL,^VERIFICATION SUCCESSFUL$
github_3551_4,CORE,^VERIFICATION SUCCESSFUL$,PASS,72,SUCCESSFUL,^VERIFICATION SUCCESSFUL$
github_3551_5,CORE,^VERIFICATION SUCCESSFUL$,PASS,50,SUCCESSFUL,^VERIFICATION SUCCESSFUL$
github_3551_6,CORE,^VERIFICATION SUCCESSFUL$,PASS,57,SUCCESSFUL,^VERIFICATION SUCCESSFUL$
github_3552,CORE,^VERIFICATION SUCCESSFUL$,DIFF,50,FAILED,expected=^VERIFICATION SUCCESSFUL$
github_3552_1,CORE,^VERIFICATION SUCCESSFUL$,DIFF,50,FAILED,expected=^VERIFICATION SUCCESSFUL$
github_3553,CORE,^VERIFICATION SUCCESSFUL$,TOERR,835,,exit=6; expected=^VERIFICATION SUCCESSFUL$
github_3553_reverse,CORE,^VERIFICATION SUCCESSFUL$,DIFF,51,FAILED,expected=^VERIFICATION SUCCESSFUL$
github_3560,CORE,^VERIFICATION SUCCESSFUL$,DIFF,59,FAILED,expected=^VERIFICATION SUCCESSFUL$
github_3560_1,CORE,^VERIFICATION SUCCESSFUL$,CRASH,7847,,signal=6
github_3560_2_fail,CORE,^VERIFICATION FAILED$,PASS,63,FAILED,^VERIFICATION FAILED$
github_3560_3,CORE,^VERIFICATION SUCCESSFUL$,CRASH,8845,,signal=6
github_3560_4,CORE,^VERIFICATION SUCCESSFUL$,CRASH,9842,,signal=6
github_3560_5,CORE,^VERIFICATION SUCCESSFUL$,PASS,61,SUCCESSFUL,^VERIFICATION SUCCESSFUL$
github_3563,CORE,^VERIFICATION SUCCESSFUL$,PASS,53,SUCCESSFUL,^VERIFICATION SUCCESSFUL$
github_3563_2,CORE,^VERIFICATION SUCCESSFUL$,PASS,52,SUCCESSFUL,^VERIFICATION SUCCESSFUL$
github_3563_3,CORE,^VERIFICATION SUCCESSFUL$,DIFF,51,FAILED,expected=^VERIFICATION SUCCESSFUL$
github_3563_nondet,CORE,^VERIFICATION SUCCESSFUL$,PASS,52,SUCCESSFUL,^VERIFICATION SUCCESSFUL$
github_3566,CORE,^VERIFICATION SUCCESSFUL$,DIFF,52,FAILED,expected=^VERIFICATION SUCCESSFUL$
github_3566_fail,CORE,^VERIFICATION FAILED$,PASS,52,FAILED,^VERIFICATION FAILED$
github_3567,CORE,^VERIFICATION SUCCESSFUL$,PASS,49,SUCCESSFUL,^VERIFICATION SUCCESSFUL$
github_3567_fail,CORE,^VERIFICATION FAILED$,PASS,50,FAILED,^VERIFICATION FAILED$
github_3578,CORE,^VERIFICATION SUCCESSFUL$,PASS,50,SUCCESSFUL,^VERIFICATION SUCCESSFUL$
github_3578_fail,CORE,^VERIFICATION FAILED$,PASS,53,FAILED,^VERIFICATION FAILED$
github_3579,CORE,^VERIFICATION SUCCESSFUL$,PASS,56,SUCCESSFUL,^VERIFICATION SUCCESSFUL$
github_3579_fail,CORE,^VERIFICATION FAILED$,PASS,54,FAILED,^VERIFICATION FAILED$
github_3580,CORE,^VERIFICATION SUCCESSFUL$,PASS,102,SUCCESSFUL,^VERIFICATION SUCCESSFUL$
github_3581_1,CORE,^VERIFICATION SUCCESSFUL$,DIFF,103,FAILED,expected=^VERIFICATION SUCCESSFUL$
github_3588,CORE,^VERIFICATION SUCCESSFUL$,PASS,49,SUCCESSFUL,^VERIFICATION SUCCESSFUL$
github_3588_1,CORE,^VERIFICATION SUCCESSFUL$,PASS,47,SUCCESSFUL,^VERIFICATION SUCCESSFUL$
github_3588_2,CORE,^VERIFICATION SUCCESSFUL$,PASS,47,SUCCESSFUL,^VERIFICATION SUCCESSFUL$
github_3588_fail,CORE,^VERIFICATION FAILED$,DIFF,48,SUCCESSFUL,expected=^VERIFICATION FAILED$
github_3589,CORE,^VERIFICATION SUCCESSFUL$,PASS,95,SUCCESSFUL,^VERIFICATION SUCCESSFUL$
github_3592,CORE,^VERIFICATION SUCCESSFUL$,PASS,97,SUCCESSFUL,^VERIFICATION SUCCESSFUL$
github_3593,CORE,^VERIFICATION SUCCESSFUL$,PASS,94,SUCCESSFUL,^VERIFICATION SUCCESSFUL$
github_3593_fail,CORE,^VERIFICATION FAILED$,PASS,94,FAILED,^VERIFICATION FAILED$
github_3594,CORE,^VERIFICATION SUCCESSFUL$,DIFF,48,FAILED,expected=^VERIFICATION SUCCESSFUL$
github_3595,CORE,^VERIFICATION SUCCESSFUL$,PASS,49,SUCCESSFUL,^VERIFICATION SUCCESSFUL$
github_3596,CORE,^VERIFICATION SUCCESSFUL$,PASS,48,SUCCESSFUL,^VERIFICATION SUCCESSFUL$
github_3596_fail,CORE,^VERIFICATION FAILED$,DIFF,49,SUCCESSFUL,expected=^VERIFICATION FAILED$
github_3607,CORE,^VERIFICATION SUCCESSFUL$,PASS,52,SUCCESSFUL,^VERIFICATION SUCCESSFUL$
github_3609,CORE,^VERIFICATION SUCCESSFUL$,DIFF,52,FAILED,expected=^VERIFICATION SUCCESSFUL$
github_3609_fail,CORE,^VERIFICATION FAILED$,PASS,53,FAILED,^VERIFICATION FAILED$
github_3621,CORE,^VERIFICATION SUCCESSFUL$,DIFF,51,FAILED,expected=^VERIFICATION SUCCESSFUL$
github_3621_fail,CORE,^VERIFICATION FAILED$,PASS,51,FAILED,^VERIFICATION FAILED$
github_3622-nondet,CORE,^VERIFICATION SUCCESSFUL$,PASS,65,SUCCESSFUL,^VERIFICATION SUCCESSFUL$
github_3622-nondet-fail,CORE,^VERIFICATION FAILED$,PASS,66,FAILED,^VERIFICATION FAILED$
github_3622_nondet,CORE,^VERIFICATION SUCCESSFUL$,PASS,68,SUCCESSFUL,^VERIFICATION SUCCESSFUL$
github_3622_nondet_fail,CORE,^VERIFICATION FAILED$,PASS,61,FAILED,^VERIFICATION FAILED$
github_3623_1,CORE,^ERROR: Unsupported reassignment from dict to list for variable 'd'$,FAIL,51,SUCCESSFUL,expected=^ERROR: Unsupported reassignment from dict to list for variable 'd'$
github_3623_nondet,CORE,^VERIFICATION SUCCESSFUL$,PASS,90,SUCCESSFUL,^VERIFICATION SUCCESSFUL$
github_3624-nondet,CORE,^VERIFICATION SUCCESSFUL$,PASS,50,SUCCESSFUL,^VERIFICATION SUCCESSFUL$
github_3626-nondet,CORE,^VERIFICATION SUCCESSFUL$,DIFF,49,FAILED,expected=^VERIFICATION SUCCESSFUL$
github_3627-nondet,CORE,^VERIFICATION SUCCESSFUL$,DIFF,51,FAILED,expected=^VERIFICATION SUCCESSFUL$
github_3633,CORE,^VERIFICATION SUCCESSFUL$,PASS,49,SUCCESSFUL,^VERIFICATION SUCCESSFUL$
github_3634,CORE,^VERIFICATION SUCCESSFUL$,PASS,48,SUCCESSFUL,^VERIFICATION SUCCESSFUL$
github_3636,CORE,^VERIFICATION SUCCESSFUL$,PASS,48,SUCCESSFUL,^VERIFICATION SUCCESSFUL$
github_3636_1,CORE,^VERIFICATION SUCCESSFUL$,PASS,47,SUCCESSFUL,^VERIFICATION SUCCESSFUL$
github_3636_fail,CORE,^VERIFICATION FAILED$,PASS,49,FAILED,^VERIFICATION FAILED$
github_3637,CORE,^VERIFICATION SUCCESSFUL$,PASS,96,SUCCESSFUL,^VERIFICATION SUCCESSFUL$
github_3637_1,CORE,^VERIFICATION SUCCESSFUL$,PASS,94,SUCCESSFUL,^VERIFICATION SUCCESSFUL$
github_3637_1_fail,CORE,^VERIFICATION FAILED$,PASS,97,FAILED,^VERIFICATION FAILED$
github_3637_2,CORE,^VERIFICATION SUCCESSFUL$,PASS,95,SUCCESSFUL,^VERIFICATION SUCCESSFUL$
github_3637_fail,CORE,^VERIFICATION FAILED$,PASS,95,FAILED,^VERIFICATION FAILED$
github_3638,CORE,^VERIFICATION SUCCESSFUL$,PASS,95,SUCCESSFUL,^VERIFICATION SUCCESSFUL$
github_3639,CORE,^VERIFICATION SUCCESSFUL$,PASS,65,SUCCESSFUL,^VERIFICATION SUCCESSFUL$
github_3639_1,CORE,^VERIFICATION SUCCESSFUL$,PASS,62,SUCCESSFUL,^VERIFICATION SUCCESSFUL$
github_3639_1_fail,CORE,^VERIFICATION FAILED$,PASS,70,FAILED,^VERIFICATION FAILED$
github_3639_2,CORE,^VERIFICATION SUCCESSFUL$,PASS,62,SUCCESSFUL,^VERIFICATION SUCCESSFUL$
github_3639_2_fail,CORE,^VERIFICATION FAILED$,PASS,62,FAILED,^VERIFICATION FAILED$
github_3639_3,CORE,^VERIFICATION SUCCESSFUL$,PASS,61,SUCCESSFUL,^VERIFICATION SUCCESSFUL$
github_3642,CORE,^VERIFICATION SUCCESSFUL$,DIFF,90,FAILED,expected=^VERIFICATION SUCCESSFUL$
github_3642_1,CORE,^VERIFICATION SUCCESSFUL$,PASS,88,SUCCESSFUL,^VERIFICATION SUCCESSFUL$
github_3642_10,CORE,^VERIFICATION SUCCESSFUL$,PASS,82,SUCCESSFUL,^VERIFICATION SUCCESSFUL$
github_3642_11,CORE,^VERIFICATION SUCCESSFUL$,PASS,83,SUCCESSFUL,^VERIFICATION SUCCESSFUL$
github_3642_2,CORE,^VERIFICATION SUCCESSFUL$,PASS,84,SUCCESSFUL,^VERIFICATION SUCCESSFUL$
github_3642_3,CORE,^VERIFICATION SUCCESSFUL$,PASS,84,SUCCESSFUL,^VERIFICATION SUCCESSFUL$
github_3642_4,CORE,^VERIFICATION SUCCESSFUL$,PASS,84,SUCCESSFUL,^VERIFICATION SUCCESSFUL$
github_3642_5,CORE,^VERIFICATION SUCCESSFUL$,PASS,84,SUCCESSFUL,^VERIFICATION SUCCESSFUL$
github_3642_6,CORE,^VERIFICATION SUCCESSFUL$,PASS,88,SUCCESSFUL,^VERIFICATION SUCCESSFUL$
github_3642_7,CORE,^ERROR\: Cannot resolve nested attribute\: invalid$,FAIL,85,SUCCESSFUL,expected=^ERROR\: Cannot resolve nested attribute\: invalid$
github_3642_8,CORE,^VERIFICATION SUCCESSFUL$,PASS,84,SUCCESSFUL,^VERIFICATION SUCCESSFUL$
github_3642_9,CORE,^VERIFICATION SUCCESSFUL$,PASS,84,SUCCESSFUL,^VERIFICATION SUCCESSFUL$
github_3642_alias,CORE,^VERIFICATION SUCCESSFUL$,DIFF,84,FAILED,expected=^VERIFICATION SUCCESSFUL$
github_3642_fail,CORE,^VERIFICATION FAILED$,PASS,91,FAILED,^VERIFICATION FAILED$
github_3647,CORE,^VERIFICATION SUCCESSFUL$,DIFF,63,FAILED,expected=^VERIFICATION SUCCESSFUL$
github_3647_1,CORE,^VERIFICATION SUCCESSFUL$,DIFF,53,FAILED,expected=^VERIFICATION SUCCESSFUL$
github_3647_10,CORE,^VERIFICATION SUCCESSFUL$,PASS,50,SUCCESSFUL,^VERIFICATION SUCCESSFUL$
github_3647_11-nondet_fail,CORE,^VERIFICATION FAILED$,PASS,72,FAILED,^VERIFICATION FAILED$
github_3647_12_fail,CORE,^VERIFICATION FAILED$,DIFF,51,SUCCESSFUL,expected=^VERIFICATION FAILED$
github_3647_13,CORE,^VERIFICATION SUCCESSFUL$,DIFF,59,FAILED,expected=^VERIFICATION SUCCESSFUL$
github_3647_14,CORE,^VERIFICATION SUCCESSFUL$,PASS,64,SUCCESSFUL,^VERIFICATION SUCCESSFUL$
github_3647_15_fail,CORE,^VERIFICATION FAILED$,PASS,66,FAILED,^VERIFICATION FAILED$
github_3647_16,CORE,^VERIFICATION SUCCESSFUL$,PASS,64,SUCCESSFUL,^VERIFICATION SUCCESSFUL$
github_3647_2,CORE,^VERIFICATION SUCCESSFUL$,DIFF,65,FAILED,expected=^VERIFICATION SUCCESSFUL$
github_3647_3,CORE,^VERIFICATION SUCCESSFUL$,DIFF,65,FAILED,expected=^VERIFICATION SUCCESSFUL$
github_3647_4,CORE,^VERIFICATION SUCCESSFUL$,PASS,58,SUCCESSFUL,^VERIFICATION SUCCESSFUL$
github_3647_4_fail,CORE,^VERIFICATION FAILED$,PASS,61,FAILED,^VERIFICATION FAILED$
github_3647_5_fail,CORE,^VERIFICATION FAILED$,PASS,62,FAILED,^VERIFICATION FAILED$
github_3647_6,CORE,^VERIFICATION SUCCESSFUL$,DIFF,55,FAILED,expected=^VERIFICATION SUCCESSFUL$
github_3647_7,CORE,^VERIFICATION SUCCESSFUL$,DIFF,67,FAILED,expected=^VERIFICATION SUCCESSFUL$
github_3647_8,CORE,^VERIFICATION SUCCESSFUL$,DIFF,58,FAILED,expected=^VERIFICATION SUCCESSFUL$
github_3647_9_fail,CORE,^VERIFICATION FAILED$,DIFF,191,SUCCESSFUL,expected=^VERIFICATION FAILED$
github_3650,CORE,^VERIFICATION SUCCESSFUL$,DIFF,109,FAILED,expected=^VERIFICATION SUCCESSFUL$
github_3650_2,CORE,^VERIFICATION SUCCESSFUL$,PASS,91,SUCCESSFUL,^VERIFICATION SUCCESSFUL$
github_3653,CORE,^VERIFICATION SUCCESSFUL$,PASS,53,SUCCESSFUL,^VERIFICATION SUCCESSFUL$
github_3657,CORE,^VERIFICATION SUCCESSFUL$,PASS,102,SUCCESSFUL,^VERIFICATION SUCCESSFUL$
github_3657_fail,CORE,^VERIFICATION FAILED$,PASS,73,FAILED,^VERIFICATION FAILED$
github_3658,CORE,^VERIFICATION SUCCESSFUL$,DIFF,65,FAILED,expected=^VERIFICATION SUCCESSFUL$
github_3658_2,CORE,^VERIFICATION SUCCESSFUL$,DIFF,51,FAILED,expected=^VERIFICATION SUCCESSFUL$
github_3658_2_fail,CORE,^VERIFICATION FAILED$,PASS,50,FAILED,^VERIFICATION FAILED$
github_3658_3,CORE,^VERIFICATION SUCCESSFUL$,DIFF,73,FAILED,expected=^VERIFICATION SUCCESSFUL$
github_3658_3_fail,CORE,^VERIFICATION FAILED$,PASS,50,FAILED,^VERIFICATION FAILED$
github_3658_4,CORE,^VERIFICATION SUCCESSFUL$,CRASH,8757,,signal=6
github_3658_4_fail,CORE,^VERIFICATION FAILED$,PASS,53,FAILED,^VERIFICATION FAILED$
github_3658_5,CORE,^VERIFICATION SUCCESSFUL$,DIFF,50,FAILED,expected=^VERIFICATION SUCCESSFUL$
github_3658_5_fail,CORE,^VERIFICATION FAILED$,DIFF,54,SUCCESSFUL,expected=^VERIFICATION FAILED$
github_3658_6,CORE,^VERIFICATION SUCCESSFUL$,DIFF,50,FAILED,expected=^VERIFICATION SUCCESSFUL$
github_3658_7,CORE,^VERIFICATION SUCCESSFUL$,DIFF,80,FAILED,expected=^VERIFICATION SUCCESSFUL$
github_3658_fail,CORE,^VERIFICATION FAILED$,PASS,50,FAILED,^VERIFICATION FAILED$
github_3667,CORE,^VERIFICATION SUCCESSFUL$,DIFF,621,FAILED,expected=^VERIFICATION SUCCESSFUL$
github_3667_2-nondet,CORE,^VERIFICATION SUCCESSFUL$,PASS,50,SUCCESSFUL,^VERIFICATION SUCCESSFUL$
github_3678,CORE,^VERIFICATION SUCCESSFUL$,DIFF,275,FAILED,expected=^VERIFICATION SUCCESSFUL$
github_3679,CORE,^VERIFICATION SUCCESSFUL$,PASS,112,SUCCESSFUL,^VERIFICATION SUCCESSFUL$
github_3679-nondet,CORE,^VERIFICATION SUCCESSFUL$,PASS,93,SUCCESSFUL,^VERIFICATION SUCCESSFUL$
github_3683,CORE,^VERIFICATION SUCCESSFUL$,DIFF,333,FAILED,expected=^VERIFICATION SUCCESSFUL$
github_3684,CORE,^VERIFICATION SUCCESSFUL$,DIFF,232,FAILED,expected=^VERIFICATION SUCCESSFUL$
github_3685,CORE,^VERIFICATION SUCCESSFUL$,DIFF,53,FAILED,expected=^VERIFICATION SUCCESSFUL$
github_3690,CORE,^VERIFICATION SUCCESSFUL$,DIFF,53,FAILED,expected=^VERIFICATION SUCCESSFUL$
github_3690_fail,CORE,^VERIFICATION FAILED$,PASS,51,FAILED,^VERIFICATION FAILED$
github_3692,CORE,^VERIFICATION SUCCESSFUL$,PASS,51,SUCCESSFUL,^VERIFICATION SUCCESSFUL$
github_3693,CORE,^VERIFICATION SUCCESSFUL$,PASS,54,SUCCESSFUL,^VERIFICATION SUCCESSFUL$
github_3694,CORE,^VERIFICATION SUCCESSFUL$,DIFF,2317,FAILED,expected=^VERIFICATION SUCCESSFUL$
github_3694_2,CORE,^VERIFICATION SUCCESSFUL$,PASS,55,SUCCESSFUL,^VERIFICATION SUCCESSFUL$
github_3694_3,CORE,^VERIFICATION SUCCESSFUL$,PASS,119,SUCCESSFUL,^VERIFICATION SUCCESSFUL$
github_3694_fail,CORE,^VERIFICATION FAILED$,PASS,115,FAILED,^VERIFICATION FAILED$
github_3697,CORE,^VERIFICATION SUCCESSFUL$,DIFF,9932,FAILED,expected=^VERIFICATION SUCCESSFUL$
github_3701,CORE,^VERIFICATION SUCCESSFUL$,DIFF,58,FAILED,expected=^VERIFICATION SUCCESSFUL$
github_3701_10,CORE,^VERIFICATION SUCCESSFUL$,DIFF,56,FAILED,expected=^VERIFICATION SUCCESSFUL$
github_3701_11,CORE,^VERIFICATION SUCCESSFUL$,DIFF,73,FAILED,expected=^VERIFICATION SUCCESSFUL$
github_3701_12,CORE,^VERIFICATION SUCCESSFUL$,DIFF,57,FAILED,expected=^VERIFICATION SUCCESSFUL$
github_3701_13,CORE,^VERIFICATION SUCCESSFUL$,PASS,48,SUCCESSFUL,^VERIFICATION SUCCESSFUL$
github_3701_14,CORE,^VERIFICATION SUCCESSFUL$,TIMEOUT,30000,,killed after 30s
github_3701_2,CORE,^VERIFICATION SUCCESSFUL$,DIFF,81,FAILED,expected=^VERIFICATION SUCCESSFUL$
github_3701_3,CORE,^VERIFICATION SUCCESSFUL$,PASS,52,SUCCESSFUL,^VERIFICATION SUCCESSFUL$
github_3701_4,CORE,^VERIFICATION SUCCESSFUL$,DIFF,82,FAILED,expected=^VERIFICATION SUCCESSFUL$
github_3701_5-nondet,CORE,^VERIFICATION SUCCESSFUL$,DIFF,277,FAILED,expected=^VERIFICATION SUCCESSFUL$
github_3701_6,CORE,^VERIFICATION SUCCESSFUL$,DIFF,55,FAILED,expected=^VERIFICATION SUCCESSFUL$
github_3701_7,CORE,^VERIFICATION SUCCESSFUL$,DIFF,54,FAILED,expected=^VERIFICATION SUCCESSFUL$
github_3701_8,CORE,^VERIFICATION SUCCESSFUL$,DIFF,54,FAILED,expected=^VERIFICATION SUCCESSFUL$
github_3701_9-nondet,CORE,^VERIFICATION SUCCESSFUL$,DIFF,55,FAILED,expected=^VERIFICATION SUCCESSFUL$
github_3701_if_else-nondet,CORE,^VERIFICATION SUCCESSFUL$,DIFF,54,FAILED,expected=^VERIFICATION SUCCESSFUL$
github_3707,CORE,^VERIFICATION SUCCESSFUL$,DIFF,49,FAILED,expected=^VERIFICATION SUCCESSFUL$
github_3712,CORE,^Function Entry Points & Branches : 7,FAIL,50,FAILED,expected=^Function Entry Points & Branches : 7
github_3713,CORE,^VERIFICATION FAILED$,PASS,48,FAILED,^VERIFICATION FAILED$
github_3713_1,CORE,^VERIFICATION SUCCESSFUL$,PASS,49,SUCCESSFUL,^VERIFICATION SUCCESSFUL$
github_3713_2,CORE,^VERIFICATION SUCCESSFUL$,PASS,49,SUCCESSFUL,^VERIFICATION SUCCESSFUL$
github_3714,CORE,^VERIFICATION FAILED$,PASS,50,FAILED,^VERIFICATION FAILED$
github_3716,CORE,^VERIFICATION SUCCESSFUL$,DIFF,63,FAILED,expected=^VERIFICATION SUCCESSFUL$
github_3716_fail,CORE,^VERIFICATION FAILED$,PASS,63,FAILED,^VERIFICATION FAILED$
github_3719,CORE,^VERIFICATION SUCCESSFUL$,PASS,59,SUCCESSFUL,^VERIFICATION SUCCESSFUL$
github_3719_2,CORE,^VERIFICATION SUCCESSFUL$,PASS,79,SUCCESSFUL,^VERIFICATION SUCCESSFUL$
github_3719_3,CORE,^VERIFICATION SUCCESSFUL$,PASS,77,SUCCESSFUL,^VERIFICATION SUCCESSFUL$
github_3719_4-nondet,CORE,^VERIFICATION SUCCESSFUL$,PASS,53,SUCCESSFUL,^VERIFICATION SUCCESSFUL$
github_3719_5-nondet,CORE,^VERIFICATION SUCCESSFUL$,PASS,53,SUCCESSFUL,^VERIFICATION SUCCESSFUL$
github_3719_fail,CORE,^VERIFICATION FAILED$,PASS,60,FAILED,^VERIFICATION FAILED$
github_3720,CORE,^VERIFICATION SUCCESSFUL$,DIFF,49,FAILED,expected=^VERIFICATION SUCCESSFUL$
github_3724,CORE,^VERIFICATION SUCCESSFUL$,TOERR,48,,exit=6; expected=^VERIFICATION SUCCESSFUL$
github_3724_2,CORE,^VERIFICATION SUCCESSFUL$,DIFF,49,FAILED,expected=^VERIFICATION SUCCESSFUL$
github_3724_3,CORE,^VERIFICATION SUCCESSFUL$,PASS,57,SUCCESSFUL,^VERIFICATION SUCCESSFUL$
github_3728,CORE,^VERIFICATION SUCCESSFUL$,DIFF,49,FAILED,expected=^VERIFICATION SUCCESSFUL$
github_3728_fail,CORE,^VERIFICATION FAILED$,PASS,51,FAILED,^VERIFICATION FAILED$
github_3729,CORE,^VERIFICATION SUCCESSFUL$,DIFF,48,FAILED,expected=^VERIFICATION SUCCESSFUL$
github_3733,CORE,^VERIFICATION SUCCESSFUL$,DIFF,49,FAILED,expected=^VERIFICATION SUCCESSFUL$
github_3744,CORE,^VERIFICATION SUCCESSFUL$,PASS,50,SUCCESSFUL,^VERIFICATION SUCCESSFUL$
github_3747,CORE,^VERIFICATION SUCCESSFUL$,PASS,48,SUCCESSFUL,^VERIFICATION SUCCESSFUL$
github_3751,CORE,^VERIFICATION SUCCESSFUL$,DIFF,53,FAILED,expected=^VERIFICATION SUCCESSFUL$
github_3751_2,CORE,^VERIFICATION SUCCESSFUL$,DIFF,55,FAILED,expected=^VERIFICATION SUCCESSFUL$
github_3751_3,CORE,^VERIFICATION SUCCESSFUL$,DIFF,52,FAILED,expected=^VERIFICATION SUCCESSFUL$
github_3751_4-nondet,CORE,^VERIFICATION SUCCESSFUL$,DIFF,75,FAILED,expected=^VERIFICATION SUCCESSFUL$
github_3751_5-nondet,CORE,^VERIFICATION SUCCESSFUL$,DIFF,123,FAILED,expected=^VERIFICATION SUCCESSFUL$
github_3752,CORE,^VERIFICATION SUCCESSFUL$,DIFF,48,FAILED,expected=^VERIFICATION SUCCESSFUL$
github_3758_1,CORE,^VERIFICATION SUCCESSFUL$,PASS,52,SUCCESSFUL,^VERIFICATION SUCCESSFUL$
github_3758_2,CORE,^VERIFICATION SUCCESSFUL$,PASS,54,SUCCESSFUL,^VERIFICATION SUCCESSFUL$
github_3758_3_fail,CORE,^VERIFICATION FAILED$,PASS,103,FAILED,^VERIFICATION FAILED$
github_3758_4,CORE,^VERIFICATION SUCCESSFUL$,PASS,55,SUCCESSFUL,^VERIFICATION SUCCESSFUL$
github_3758_5,CORE,^VERIFICATION SUCCESSFUL$,PASS,50,SUCCESSFUL,^VERIFICATION SUCCESSFUL$
github_3763_fail,CORE,^VERIFICATION FAILED$,PASS,300,FAILED,^VERIFICATION FAILED$
github_3765,CORE,^VERIFICATION SUCCESSFUL$,PASS,18302,SUCCESSFUL,^VERIFICATION SUCCESSFUL$
github_3769,CORE,^VERIFICATION FAILED$,DIFF,90,SUCCESSFUL,expected=^VERIFICATION FAILED$
github_3772,CORE,^VERIFICATION SUCCESSFUL$,DIFF,50,FAILED,expected=^VERIFICATION SUCCESSFUL$
github_3772_2,CORE,^VERIFICATION SUCCESSFUL$,PASS,50,SUCCESSFUL,^VERIFICATION SUCCESSFUL$
github_3772_3,CORE,^VERIFICATION SUCCESSFUL$,DIFF,53,FAILED,expected=^VERIFICATION SUCCESSFUL$
github_3775,CORE,^VERIFICATION SUCCESSFUL$,DIFF,51,FAILED,expected=^VERIFICATION SUCCESSFUL$
github_3775_2,CORE,^VERIFICATION SUCCESSFUL$,DIFF,50,FAILED,expected=^VERIFICATION SUCCESSFUL$
github_3775_3,CORE,^VERIFICATION SUCCESSFUL$,DIFF,50,FAILED,expected=^VERIFICATION SUCCESSFUL$
github_3775_4,CORE,^VERIFICATION SUCCESSFUL$,DIFF,49,FAILED,expected=^VERIFICATION SUCCESSFUL$
github_3775_5,CORE,^VERIFICATION SUCCESSFUL$,DIFF,54,FAILED,expected=^VERIFICATION SUCCESSFUL$
github_3778,CORE,^VERIFICATION SUCCESSFUL$,PASS,49,SUCCESSFUL,^VERIFICATION SUCCESSFUL$
github_3778_2,CORE,^VERIFICATION SUCCESSFUL$,PASS,50,SUCCESSFUL,^VERIFICATION SUCCESSFUL$
github_3778_3,CORE,^VERIFICATION SUCCESSFUL$,PASS,50,SUCCESSFUL,^VERIFICATION SUCCESSFUL$
github_3778_fail,CORE,^VERIFICATION FAILED$,PASS,50,FAILED,^VERIFICATION FAILED$
github_3783_1,CORE,^VERIFICATION SUCCESSFUL$,DIFF,51,FAILED,expected=^VERIFICATION SUCCESSFUL$
github_3783_10-nondet_fail,THOROUGH,^VERIFICATION FAILED$,DIFF,54,SUCCESSFUL,expected=^VERIFICATION FAILED$
github_3783_2,CORE,^VERIFICATION SUCCESSFUL$,PASS,51,SUCCESSFUL,^VERIFICATION SUCCESSFUL$
github_3783_3,CORE,^VERIFICATION SUCCESSFUL$,PASS,52,SUCCESSFUL,^VERIFICATION SUCCESSFUL$
github_3783_4-nondet,CORE,^VERIFICATION SUCCESSFUL$,PASS,51,SUCCESSFUL,^VERIFICATION SUCCESSFUL$
github_3783_5-nondet,CORE,^VERIFICATION SUCCESSFUL$,PASS,57,SUCCESSFUL,^VERIFICATION SUCCESSFUL$
github_3783_6-nondet,CORE,^VERIFICATION SUCCESSFUL$,PASS,52,SUCCESSFUL,^VERIFICATION SUCCESSFUL$
github_3783_7-nondet_fail,CORE,^VERIFICATION FAILED$,DIFF,50,SUCCESSFUL,expected=^VERIFICATION FAILED$
github_3783_8-nondet,THOROUGH,^VERIFICATION SUCCESSFUL$,DIFF,55,FAILED,expected=^VERIFICATION SUCCESSFUL$
github_3783_9-nondet,THOROUGH,^VERIFICATION SUCCESSFUL$,DIFF,55,FAILED,expected=^VERIFICATION SUCCESSFUL$
github_3783_fail,CORE,^VERIFICATION FAILED$,DIFF,50,SUCCESSFUL,expected=^VERIFICATION FAILED$
github_3784_1,CORE,^VERIFICATION SUCCESSFUL$,DIFF,59,FAILED,expected=^VERIFICATION SUCCESSFUL$
github_3784_2,CORE,^VERIFICATION SUCCESSFUL$,DIFF,52,FAILED,expected=^VERIFICATION SUCCESSFUL$
github_3784_3,CORE,^VERIFICATION SUCCESSFUL$,DIFF,53,FAILED,expected=^VERIFICATION SUCCESSFUL$
github_3784_fail,CORE,^VERIFICATION FAILED$,DIFF,51,SUCCESSFUL,expected=^VERIFICATION FAILED$
github_3788_1,CORE,^VERIFICATION SUCCESSFUL$,PASS,59,SUCCESSFUL,^VERIFICATION SUCCESSFUL$
github_3788_2,CORE,^VERIFICATION SUCCESSFUL$,PASS,59,SUCCESSFUL,^VERIFICATION SUCCESSFUL$
github_3788_3,CORE,^VERIFICATION SUCCESSFUL$,PASS,59,SUCCESSFUL,^VERIFICATION SUCCESSFUL$
github_3788_4,CORE,^VERIFICATION SUCCESSFUL$,PASS,59,SUCCESSFUL,^VERIFICATION SUCCESSFUL$
github_3788_5,CORE,^VERIFICATION SUCCESSFUL$,PASS,49,SUCCESSFUL,^VERIFICATION SUCCESSFUL$
github_3788_fail,CORE,^VERIFICATION FAILED$,DIFF,58,SUCCESSFUL,expected=^VERIFICATION FAILED$
github_3796_1,CORE,^VERIFICATION SUCCESSFUL$,PASS,49,SUCCESSFUL,^VERIFICATION SUCCESSFUL$
github_3796_2,CORE,^VERIFICATION SUCCESSFUL$,PASS,49,SUCCESSFUL,^VERIFICATION SUCCESSFUL$
github_3796_3,CORE,^VERIFICATION SUCCESSFUL$,PASS,49,SUCCESSFUL,^VERIFICATION SUCCESSFUL$
github_3796_4,CORE,^VERIFICATION SUCCESSFUL$,PASS,49,SUCCESSFUL,^VERIFICATION SUCCESSFUL$
github_3796_fail,CORE,^VERIFICATION FAILED$,PASS,49,FAILED,^VERIFICATION FAILED$
github_3799_1,CORE,^VERIFICATION SUCCESSFUL$,PASS,52,SUCCESSFUL,^VERIFICATION SUCCESSFUL$
github_3799_2,CORE,^VERIFICATION SUCCESSFUL$,PASS,52,SUCCESSFUL,^VERIFICATION SUCCESSFUL$
github_3799_3,CORE,^VERIFICATION SUCCESSFUL$,PASS,52,SUCCESSFUL,^VERIFICATION SUCCESSFUL$
github_3804_1,CORE,^VERIFICATION SUCCESSFUL$,DIFF,76,FAILED,expected=^VERIFICATION SUCCESSFUL$
github_3804_2,CORE,^VERIFICATION SUCCESSFUL$,DIFF,76,FAILED,expected=^VERIFICATION SUCCESSFUL$
github_3804_3,CORE,^VERIFICATION SUCCESSFUL$,DIFF,84,FAILED,expected=^VERIFICATION SUCCESSFUL$
github_3804_4-nondet,CORE,^VERIFICATION SUCCESSFUL$,DIFF,57,FAILED,expected=^VERIFICATION SUCCESSFUL$
github_3805,CORE,^VERIFICATION SUCCESSFUL$,PASS,49,SUCCESSFUL,^VERIFICATION SUCCESSFUL$
github_3805_2,CORE,^VERIFICATION SUCCESSFUL$,PASS,48,SUCCESSFUL,^VERIFICATION SUCCESSFUL$
github_3805_3-nondet,CORE,^VERIFICATION SUCCESSFUL$,DIFF,49,FAILED,expected=^VERIFICATION SUCCESSFUL$
github_3805_fail,CORE,^VERIFICATION FAILED$,PASS,49,FAILED,^VERIFICATION FAILED$
github_3806,CORE,^VERIFICATION SUCCESSFUL$,CRASH,6665,,signal=6
github_3806_2,CORE,^VERIFICATION SUCCESSFUL$,PASS,52,SUCCESSFUL,^VERIFICATION SUCCESSFUL$
github_3806_3,CORE,^VERIFICATION SUCCESSFUL$,CRASH,7660,,signal=6
github_3807_1,CORE,^VERIFICATION SUCCESSFUL$,PASS,65,SUCCESSFUL,^VERIFICATION SUCCESSFUL$
github_3807_2,CORE,^VERIFICATION SUCCESSFUL$,PASS,66,SUCCESSFUL,^VERIFICATION SUCCESSFUL$
github_3807_3,CORE,^VERIFICATION SUCCESSFUL$,PASS,66,SUCCESSFUL,^VERIFICATION SUCCESSFUL$
github_3807_4-nondet,CORE,^VERIFICATION SUCCESSFUL$,PASS,65,SUCCESSFUL,^VERIFICATION SUCCESSFUL$
github_3807_5,CORE,^VERIFICATION SUCCESSFUL$,PASS,61,SUCCESSFUL,^VERIFICATION SUCCESSFUL$
github_3808,CORE,^VERIFICATION SUCCESSFUL$,DIFF,880,FAILED,expected=^VERIFICATION SUCCESSFUL$
github_3822,CORE,^VERIFICATION SUCCESSFUL$,DIFF,50,FAILED,expected=^VERIFICATION SUCCESSFUL$
github_3822_2,CORE,^VERIFICATION SUCCESSFUL$,DIFF,50,FAILED,expected=^VERIFICATION SUCCESSFUL$
github_3822_3-nondet,CORE,^VERIFICATION SUCCESSFUL$,DIFF,51,FAILED,expected=^VERIFICATION SUCCESSFUL$
github_3823_1,CORE,^VERIFICATION SUCCESSFUL$,PASS,49,SUCCESSFUL,^VERIFICATION SUCCESSFUL$
github_3823_2,CORE,^VERIFICATION SUCCESSFUL$,PASS,50,SUCCESSFUL,^VERIFICATION SUCCESSFUL$
github_3823_3,CORE,^VERIFICATION SUCCESSFUL$,PASS,51,SUCCESSFUL,^VERIFICATION SUCCESSFUL$
github_3823_4-nondet,CORE,^VERIFICATION SUCCESSFUL$,PASS,50,SUCCESSFUL,^VERIFICATION SUCCESSFUL$
github_3824,CORE,^VERIFICATION SUCCESSFUL$,PASS,50,SUCCESSFUL,^VERIFICATION SUCCESSFUL$
github_3824_2,CORE,^VERIFICATION SUCCESSFUL$,PASS,50,SUCCESSFUL,^VERIFICATION SUCCESSFUL$
github_3824_3,CORE,^VERIFICATION SUCCESSFUL$,PASS,51,SUCCESSFUL,^VERIFICATION SUCCESSFUL$
github_3825_1,CORE,^VERIFICATION SUCCESSFUL$,DIFF,64,FAILED,expected=^VERIFICATION SUCCESSFUL$
github_3825_2,CORE,^VERIFICATION SUCCESSFUL$,DIFF,65,FAILED,expected=^VERIFICATION SUCCESSFUL$
github_3825_3,CORE,^VERIFICATION SUCCESSFUL$,DIFF,58,FAILED,expected=^VERIFICATION SUCCESSFUL$
github_3825_4,CORE,^VERIFICATION SUCCESSFUL$,DIFF,63,FAILED,expected=^VERIFICATION SUCCESSFUL$
github_3825_5,CORE,^VERIFICATION SUCCESSFUL$,DIFF,603,FAILED,expected=^VERIFICATION SUCCESSFUL$
github_3825_6,CORE,^VERIFICATION SUCCESSFUL$,DIFF,60,FAILED,expected=^VERIFICATION SUCCESSFUL$
github_3825_7,CORE,^VERIFICATION SUCCESSFUL$,DIFF,60,FAILED,expected=^VERIFICATION SUCCESSFUL$
github_3825_8,CORE,^VERIFICATION SUCCESSFUL$,DIFF,118,FAILED,expected=^VERIFICATION SUCCESSFUL$
github_3825_fail,CORE,^VERIFICATION FAILED$,PASS,58,FAILED,^VERIFICATION FAILED$
github_3826_1,CORE,^VERIFICATION SUCCESSFUL$,PASS,49,SUCCESSFUL,^VERIFICATION SUCCESSFUL$
github_3826_2,CORE,^VERIFICATION SUCCESSFUL$,PASS,50,SUCCESSFUL,^VERIFICATION SUCCESSFUL$
github_3826_fail,CORE,^VERIFICATION FAILED$,DIFF,49,SUCCESSFUL,expected=^VERIFICATION FAILED$
github_3827,CORE,^VERIFICATION SUCCESSFUL$,PASS,698,SUCCESSFUL,^VERIFICATION SUCCESSFUL$
github_3827_2,CORE,^VERIFICATION SUCCESSFUL$,PASS,611,SUCCESSFUL,^VERIFICATION SUCCESSFUL$
github_3827_3,CORE,^VERIFICATION SUCCESSFUL$,PASS,203,SUCCESSFUL,^VERIFICATION SUCCESSFUL$
github_3827_fail,CORE,^VERIFICATION FAILED$,PASS,73,FAILED,^VERIFICATION FAILED$
github_3836,CORE,^VERIFICATION SUCCESSFUL$,DIFF,147,FAILED,expected=^VERIFICATION SUCCESSFUL$
github_3836_2,CORE,^VERIFICATION SUCCESSFUL$,PASS,51,SUCCESSFUL,^VERIFICATION SUCCESSFUL$
github_3836_fail,CORE,^VERIFICATION FAILED$,PASS,147,FAILED,^VERIFICATION FAILED$
github_3837_1,CORE,^VERIFICATION SUCCESSFUL$,PASS,50,SUCCESSFUL,^VERIFICATION SUCCESSFUL$
github_3837_2,CORE,^VERIFICATION SUCCESSFUL$,DIFF,49,FAILED,expected=^VERIFICATION SUCCESSFUL$
github_3837_3-nondet,CORE,^VERIFICATION SUCCESSFUL$,DIFF,51,FAILED,expected=^VERIFICATION SUCCESSFUL$
github_3837_4,CORE,^VERIFICATION SUCCESSFUL$,PASS,51,SUCCESSFUL,^VERIFICATION SUCCESSFUL$
github_3838_1,CORE,^VERIFICATION SUCCESSFUL$,PASS,50,SUCCESSFUL,^VERIFICATION SUCCESSFUL$
github_3838_2,CORE,^VERIFICATION SUCCESSFUL$,DIFF,52,FAILED,expected=^VERIFICATION SUCCESSFUL$
github_3838_3,CORE,^VERIFICATION SUCCESSFUL$,DIFF,51,FAILED,expected=^VERIFICATION SUCCESSFUL$
github_3838_4-nondet,CORE,^VERIFICATION SUCCESSFUL$,DIFF,51,FAILED,expected=^VERIFICATION SUCCESSFUL$
github_3841,CORE,^VERIFICATION SUCCESSFUL$,DIFF,307,FAILED,expected=^VERIFICATION SUCCESSFUL$
github_3841_2,CORE,^VERIFICATION SUCCESSFUL$,TOERR,155,,exit=6; expected=^VERIFICATION SUCCESSFUL$
github_3841_3,CORE,^VERIFICATION SUCCESSFUL$,DIFF,224,FAILED,expected=^VERIFICATION SUCCESSFUL$
github_3841_4,CORE,^VERIFICATION SUCCESSFUL$,CRASH,6611,,signal=6
github_3841_5,CORE,^VERIFICATION SUCCESSFUL$,DIFF,209,FAILED,expected=^VERIFICATION SUCCESSFUL$
github_3841_6,CORE,^VERIFICATION SUCCESSFUL$,TOERR,131,,exit=6; expected=^VERIFICATION SUCCESSFUL$
github_3841_7,CORE,^VERIFICATION SUCCESSFUL$,TOERR,131,,exit=6; expected=^VERIFICATION SUCCESSFUL$
github_3841_8,CORE,^VERIFICATION SUCCESSFUL$,TOERR,131,,exit=6; expected=^VERIFICATION SUCCESSFUL$
github_3841_9,CORE,^VERIFICATION SUCCESSFUL$,DIFF,223,FAILED,expected=^VERIFICATION SUCCESSFUL$
github_3841_fail,CORE,^VERIFICATION FAILED$,PASS,225,FAILED,^VERIFICATION FAILED$
github_3846,CORE,^VERIFICATION SUCCESSFUL$,PASS,89,SUCCESSFUL,^VERIFICATION SUCCESSFUL$
github_3846_2,CORE,^VERIFICATION SUCCESSFUL$,DIFF,53,FAILED,expected=^VERIFICATION SUCCESSFUL$
github_3846_3,CORE,^VERIFICATION SUCCESSFUL$,DIFF,57,FAILED,expected=^VERIFICATION SUCCESSFUL$
github_3846_4,CORE,^VERIFICATION SUCCESSFUL$,DIFF,57,FAILED,expected=^VERIFICATION SUCCESSFUL$
github_3849_1,CORE,^VERIFICATION SUCCESSFUL$,PASS,49,SUCCESSFUL,^VERIFICATION SUCCESSFUL$
github_3849_2,CORE,^VERIFICATION SUCCESSFUL$,DIFF,49,FAILED,expected=^VERIFICATION SUCCESSFUL$
github_3849_3,CORE,^VERIFICATION SUCCESSFUL$,DIFF,49,FAILED,expected=^VERIFICATION SUCCESSFUL$
github_3849_4-nondet,CORE,^VERIFICATION SUCCESSFUL$,DIFF,58,FAILED,expected=^VERIFICATION SUCCESSFUL$
github_3849_5-nondet,CORE,^VERIFICATION SUCCESSFUL$,DIFF,185,FAILED,expected=^VERIFICATION SUCCESSFUL$
github_3849_6-nondet,CORE,^VERIFICATION SUCCESSFUL$,DIFF,91,FAILED,expected=^VERIFICATION SUCCESSFUL$
github_3849_fail,CORE,^VERIFICATION FAILED$,DIFF,48,SUCCESSFUL,expected=^VERIFICATION FAILED$
github_3851,CORE,^VERIFICATION SUCCESSFUL$,PASS,48,SUCCESSFUL,^VERIFICATION SUCCESSFUL$
github_3851_1-nondet,CORE,^VERIFICATION SUCCESSFUL$,PASS,50,SUCCESSFUL,^VERIFICATION SUCCESSFUL$
github_3851_2,CORE,^VERIFICATION SUCCESSFUL$,PASS,50,SUCCESSFUL,^VERIFICATION SUCCESSFUL$
github_3851_2-nondet,CORE,^VERIFICATION SUCCESSFUL$,PASS,49,SUCCESSFUL,^VERIFICATION SUCCESSFUL$
github_3851_3-nondet,CORE,^VERIFICATION SUCCESSFUL$,PASS,67,SUCCESSFUL,^VERIFICATION SUCCESSFUL$
github_3851_4-nondet_fail,CORE,^VERIFICATION FAILED$,PASS,49,FAILED,^VERIFICATION FAILED$
github_3851_fail,CORE,^VERIFICATION FAILED$,PASS,48,FAILED,^VERIFICATION FAILED$
github_3853,CORE,^VERIFICATION SUCCESSFUL$,PASS,49,SUCCESSFUL,^VERIFICATION SUCCESSFUL$
github_3853_1,CORE,^VERIFICATION SUCCESSFUL$,PASS,50,SUCCESSFUL,^VERIFICATION SUCCESSFUL$
github_3853_fail,CORE,^VERIFICATION FAILED$,PASS,52,FAILED,^VERIFICATION FAILED$
github_3855,CORE,^VERIFICATION SUCCESSFUL$,PASS,48,SUCCESSFUL,^VERIFICATION SUCCESSFUL$
github_3855_2,CORE,^VERIFICATION SUCCESSFUL$,PASS,50,SUCCESSFUL,^VERIFICATION SUCCESSFUL$
github_3855_3,CORE,^VERIFICATION SUCCESSFUL$,PASS,50,SUCCESSFUL,^VERIFICATION SUCCESSFUL$
github_3855_chr,CORE,^VERIFICATION SUCCESSFUL$,PASS,49,SUCCESSFUL,^VERIFICATION SUCCESSFUL$
github_3855_fail,CORE,^VERIFICATION FAILED$,PASS,48,FAILED,^VERIFICATION FAILED$
github_3860,CORE,^VERIFICATION SUCCESSFUL$,DIFF,59,FAILED,expected=^VERIFICATION SUCCESSFUL$
github_3860_2,CORE,^VERIFICATION SUCCESSFUL$,PASS,56,SUCCESSFUL,^VERIFICATION SUCCESSFUL$
github_3860_3-nondet,CORE,^VERIFICATION SUCCESSFUL$,PASS,57,SUCCESSFUL,^VERIFICATION SUCCESSFUL$
github_3860_fail,CORE,^VERIFICATION FAILED$,PASS,53,FAILED,^VERIFICATION FAILED$
github_3866,CORE,^VERIFICATION SUCCESSFUL$,DIFF,102,FAILED,expected=^VERIFICATION SUCCESSFUL$
github_3866_1-nondet,CORE,^VERIFICATION SUCCESSFUL$,DIFF,104,FAILED,expected=^VERIFICATION SUCCESSFUL$
github_3866_2,CORE,^VERIFICATION SUCCESSFUL$,DIFF,121,FAILED,expected=^VERIFICATION SUCCESSFUL$
github_3866_2-nondet,CORE,^VERIFICATION SUCCESSFUL$,DIFF,108,FAILED,expected=^VERIFICATION SUCCESSFUL$
github_3866_3-nondet,CORE,^VERIFICATION SUCCESSFUL$,DIFF,106,FAILED,expected=^VERIFICATION SUCCESSFUL$
github_3866_4-nondet,CORE,^VERIFICATION FAILED$,PASS,103,FAILED,^VERIFICATION FAILED$
github_3866_fail,CORE,^VERIFICATION FAILED$,PASS,101,FAILED,^VERIFICATION FAILED$
github_3869,CORE,^VERIFICATION SUCCESSFUL$,DIFF,2406,FAILED,expected=^VERIFICATION SUCCESSFUL$
github_3869_fail,CORE,^VERIFICATION FAILED$,PASS,2383,FAILED,^VERIFICATION FAILED$
github_3890,CORE,^VERIFICATION SUCCESSFUL$,PASS,49,SUCCESSFUL,^VERIFICATION SUCCESSFUL$
github_3890_2,CORE,^VERIFICATION SUCCESSFUL$,PASS,50,SUCCESSFUL,^VERIFICATION SUCCESSFUL$
github_3890_3,CORE,^VERIFICATION SUCCESSFUL$,PASS,49,SUCCESSFUL,^VERIFICATION SUCCESSFUL$
github_3890_4,CORE,^VERIFICATION SUCCESSFUL$,PASS,48,SUCCESSFUL,^VERIFICATION SUCCESSFUL$
github_3916,CORE,^VERIFICATION SUCCESSFUL$,TOERR,58,,exit=6; expected=^VERIFICATION SUCCESSFUL$
github_3916_2,CORE,^VERIFICATION SUCCESSFUL$,DIFF,53,FAILED,expected=^VERIFICATION SUCCESSFUL$
github_3916_fail,CORE,^VERIFICATION FAILED$,PASS,49,FAILED,^VERIFICATION FAILED$
github_3921,CORE,^VERIFICATION SUCCESSFUL$,PASS,52,SUCCESSFUL,^VERIFICATION SUCCESSFUL$
github_3921_2,CORE,^VERIFICATION SUCCESSFUL$,PASS,50,SUCCESSFUL,^VERIFICATION SUCCESSFUL$
github_3921_3,CORE,^VERIFICATION SUCCESSFUL$,PASS,49,SUCCESSFUL,^VERIFICATION SUCCESSFUL$
github_3921_fail,CORE,^VERIFICATION FAILED$,PASS,59,FAILED,^VERIFICATION FAILED$
github_3971_assign_lookup_in_while,CORE,^VERIFICATION SUCCESSFUL$,PASS,49,SUCCESSFUL,^VERIFICATION SUCCESSFUL$
github_3972_default_expr_call,CORE,^VERIFICATION SUCCESSFUL$,PASS,51,SUCCESSFUL,^VERIFICATION SUCCESSFUL$
github_3973_mutable_default_call,CORE,^VERIFICATION SUCCESSFUL$,PASS,101,SUCCESSFUL,^VERIFICATION SUCCESSFUL$
github_3974_constructor_temp_object_arg,CORE,^VERIFICATION SUCCESSFUL$,DIFF,54,FAILED,expected=^VERIFICATION SUCCESSFUL$
github_3975_attr_fallback_on_mismatched_annotation,CORE,^VERIFICATION SUCCESSFUL$,PASS,50,SUCCESSFUL,^VERIFICATION SUCCESSFUL$
github_3976_optional_attr_access,CORE,^VERIFICATION SUCCESSFUL$,PASS,51,SUCCESSFUL,^VERIFICATION SUCCESSFUL$
github_3977_kwonly_default_expr,CORE,^VERIFICATION SUCCESSFUL$,DIFF,51,FAILED,expected=^VERIFICATION SUCCESSFUL$
github_3978_kwonly_mutable_default,CORE,^VERIFICATION SUCCESSFUL$,PASS,50,SUCCESSFUL,^VERIFICATION SUCCESSFUL$
global,CORE,,UNKNOWN,51,FAILED,no expected regex
global-decl,CORE,^VERIFICATION SUCCESSFUL$,PASS,50,SUCCESSFUL,^VERIFICATION SUCCESSFUL$
global-decl-fail,CORE,^ERROR: Variable x in function modify is uninitialized.$,FAIL,49,SUCCESSFUL,expected=^ERROR: Variable x in function modify is uninitialized.$
global-no-decl-fail,CORE,^ERROR: Variable x in function modify is uninitialized.$,FAIL,48,SUCCESSFUL,expected=^ERROR: Variable x in function modify is uninitialized.$
global-no-decl-fail2,CORE,^ERROR: Variable x in function modify is uninitialized.$,FAIL,50,SUCCESSFUL,expected=^ERROR: Variable x in function modify is uninitialized.$
global2,CORE,^VERIFICATION SUCCESSFUL$,PASS,53,SUCCESSFUL,^VERIFICATION SUCCESSFUL$
global2_fail,CORE,^VERIFICATION FAILED$,DIFF,54,SUCCESSFUL,expected=^VERIFICATION FAILED$
has-attr,CORE,^VERIFICATION SUCCESSFUL$,DIFF,51,FAILED,expected=^VERIFICATION SUCCESSFUL$
has-attr-fail,CORE,,UNKNOWN,50,FAILED,no expected regex
heapq_import,CORE,,UNKNOWN,1161,FAILED,no expected regex
heapq_kheapsort_reduced,CORE,^VERIFICATION SUCCESSFUL$,DIFF,211,FAILED,expected=^VERIFICATION SUCCESSFUL$
higher-order1,CORE,^VERIFICATION SUCCESSFUL$,PASS,49,SUCCESSFUL,^VERIFICATION SUCCESSFUL$
higher-order2,CORE,^VERIFICATION SUCCESSFUL$,DIFF,51,FAILED,expected=^VERIFICATION SUCCESSFUL$
higher-order3,CORE,^VERIFICATION SUCCESSFUL$,PASS,50,SUCCESSFUL,^VERIFICATION SUCCESSFUL$
higher-order3_1,CORE,^VERIFICATION SUCCESSFUL$,PASS,51,SUCCESSFUL,^VERIFICATION SUCCESSFUL$
if-else,CORE,^VERIFICATION SUCCESSFUL$,PASS,49,SUCCESSFUL,^VERIFICATION SUCCESSFUL$
if-else-fail,CORE,^VERIFICATION FAILED$,PASS,49,FAILED,^VERIFICATION FAILED$
if-global-var,CORE,^VERIFICATION SUCCESSFUL$,PASS,49,SUCCESSFUL,^VERIFICATION SUCCESSFUL$
ifexp-lazy-bool,CORE,^VERIFICATION SUCCESSFUL$,PASS,50,SUCCESSFUL,^VERIFICATION SUCCESSFUL$
ifexp-lazy-bool-fail,CORE,^VERIFICATION FAILED$,DIFF,51,SUCCESSFUL,expected=^VERIFICATION FAILED$
import,CORE,^VERIFICATION SUCCESSFUL$,DIFF,80,FAILED,expected=^VERIFICATION SUCCESSFUL$
import-as,CORE,^VERIFICATION SUCCESSFUL$,PASS,80,SUCCESSFUL,^VERIFICATION SUCCESSFUL$
import-as-fail,CORE,"ERROR: Object ""mp"" not found.",FAIL,81,SUCCESSFUL,"expected=ERROR: Object ""mp"" not found."
import-class-constructor,CORE,^VERIFICATION SUCCESSFUL$,PASS,80,SUCCESSFUL,^VERIFICATION SUCCESSFUL$
import-class-inheritance,CORE,^VERIFICATION SUCCESSFUL$,PASS,80,SUCCESSFUL,^VERIFICATION SUCCESSFUL$
import-class-methods,CORE,^VERIFICATION SUCCESSFUL$,DIFF,81,FAILED,expected=^VERIFICATION SUCCESSFUL$
import-class-null-returns,CORE,^VERIFICATION SUCCESSFUL$,PASS,80,SUCCESSFUL,^VERIFICATION SUCCESSFUL$
import-class-submodule,CORE,^VERIFICATION SUCCESSFUL$,PASS,79,SUCCESSFUL,^VERIFICATION SUCCESSFUL$
import-error,CORE,^VERIFICATION SUCCESSFUL$,DIFF,49,FAILED,expected=^VERIFICATION SUCCESSFUL$
import-error-fail,CORE,^VERIFICATION FAILED$,DIFF,50,SUCCESSFUL,expected=^VERIFICATION FAILED$
import-error2,CORE,^VERIFICATION SUCCESSFUL$,DIFF,50,FAILED,expected=^VERIFICATION SUCCESSFUL$
import-error3,CORE,^VERIFICATION SUCCESSFUL$,DIFF,50,FAILED,expected=^VERIFICATION SUCCESSFUL$
import-error4,CORE,^VERIFICATION SUCCESSFUL$,DIFF,50,FAILED,expected=^VERIFICATION SUCCESSFUL$
import-error5-fail,CORE,^VERIFICATION FAILED$,PASS,50,FAILED,^VERIFICATION FAILED$
import-for-loop,CORE,^VERIFICATION SUCCESSFUL$,PASS,84,SUCCESSFUL,^VERIFICATION SUCCESSFUL$
import-from-all,CORE,^VERIFICATION SUCCESSFUL$,PASS,80,SUCCESSFUL,^VERIFICATION SUCCESSFUL$
import-from-class,CORE,^VERIFICATION SUCCESSFUL$,PASS,82,SUCCESSFUL,^VERIFICATION SUCCESSFUL$
import-from-class-fail,CORE,"^ERROR\: Function ""MyClass"" not found \(.+main\.py line [0-9]+\)$",FAIL,80,SUCCESSFUL,"expected=^ERROR\: Function ""MyClass"" not found \(.+main\.py line [0-9]+\)$"
import-from-function,CORE,^VERIFICATION SUCCESSFUL$,DIFF,83,FAILED,expected=^VERIFICATION SUCCESSFUL$
import-from-function-body,CORE,^VERIFICATION SUCCESSFUL$,DIFF,50,FAILED,expected=^VERIFICATION SUCCESSFUL$
import-from-function-body-fail,CORE,^VERIFICATION FAILED$,PASS,51,FAILED,^VERIFICATION FAILED$
import-from-function-fail,CORE,^VERIFICATION FAILED$,DIFF,80,SUCCESSFUL,expected=^VERIFICATION FAILED$
import-from-multiple,CORE,^VERIFICATION SUCCESSFUL$,DIFF,80,FAILED,expected=^VERIFICATION SUCCESSFUL$
import-from-multiple-fail,CORE,^VERIFICATION FAILED$,PASS,83,FAILED,^VERIFICATION FAILED$
import-fully-qualified,CORE,^VERIFICATION SUCCESSFUL$,PASS,80,SUCCESSFUL,^VERIFICATION SUCCESSFUL$
import-fully-qualified-fail,CORE,,UNKNOWN,83,FAILED,no expected regex
import-math,CORE,^VERIFICATION SUCCESSFUL$,DIFF,99,FAILED,expected=^VERIFICATION SUCCESSFUL$
import-multi-files,CORE,^VERIFICATION SUCCESSFUL$,PASS,88,SUCCESSFUL,^VERIFICATION SUCCESSFUL$
import-multi-files2,CORE,^VERIFICATION SUCCESSFUL$,PASS,87,SUCCESSFUL,^VERIFICATION SUCCESSFUL$
import-os,THOROUGH,^VERIFICATION SUCCESSFUL$,DIFF,89,FAILED,expected=^VERIFICATION SUCCESSFUL$
import-os2_fail,CORE,^VERIFICATION FAILED$,DIFF,89,SUCCESSFUL,expected=^VERIFICATION FAILED$
import-os_fail,THOROUGH,^VERIFICATION FAILED$,PASS,90,FAILED,^VERIFICATION FAILED$
import_module,CORE,^VERIFICATION SUCCESSFUL$,PASS,82,SUCCESSFUL,^VERIFICATION SUCCESSFUL$
import_module_fail,CORE,^ERROR\: Module \'my_module\' not found\.$,FAIL,50,SUCCESSFUL,expected=^ERROR\: Module \'my_module\' not found\.$
incremental-smt-assert-fail,CORE,^VERIFICATION FAILED$,PASS,50,FAILED,^VERIFICATION FAILED$
incremental-smt-assert-pass,CORE,^VERIFICATION SUCCESSFUL$,PASS,109,SUCCESSFUL,^VERIFICATION SUCCESSFUL$
incremental-smt-loop-off,CORE,^VERIFICATION SUCCESSFUL$,PASS,59,SUCCESSFUL,^VERIFICATION SUCCESSFUL$
incremental-smt-loop-on,CORE,^VERIFICATION SUCCESSFUL$,PASS,69,SUCCESSFUL,^VERIFICATION SUCCESSFUL$
indexing10_fail,CORE,^VERIFICATION FAILED$,PASS,68,FAILED,^VERIFICATION FAILED$
indexing11_fail,CORE,^VERIFICATION FAILED$,PASS,73,FAILED,^VERIFICATION FAILED$
indexing12_fail,CORE,^VERIFICATION FAILED$,PASS,51,FAILED,^VERIFICATION FAILED$
indexing13_fail,CORE,^VERIFICATION FAILED$,PASS,53,FAILED,^VERIFICATION FAILED$
indexing14_fail,CORE,^VERIFICATION FAILED$,PASS,53,FAILED,^VERIFICATION FAILED$
indexing15_fail,CORE,^VERIFICATION FAILED$,PASS,66,FAILED,^VERIFICATION FAILED$
indexing2_fail,CORE,^VERIFICATION FAILED$,PASS,53,FAILED,^VERIFICATION FAILED$
indexing3_fail,CORE,^VERIFICATION FAILED$,PASS,58,FAILED,^VERIFICATION FAILED$
indexing4_fail,CORE,^VERIFICATION FAILED$,PASS,60,FAILED,^VERIFICATION FAILED$
indexing5_fail,CORE,^VERIFICATION FAILED$,PASS,305,FAILED,^VERIFICATION FAILED$
indexing7_fail,CORE,^VERIFICATION FAILED$,PASS,51,FAILED,^VERIFICATION FAILED$
indexing8,CORE,^VERIFICATION SUCCESSFUL$,PASS,57,SUCCESSFUL,^VERIFICATION SUCCESSFUL$
indexing9_fail,CORE,^VERIFICATION FAILED$,DIFF,66,SUCCESSFUL,expected=^VERIFICATION FAILED$
infer-call-annotation,CORE,^VERIFICATION SUCCESSFUL$,PASS,71,SUCCESSFUL,^VERIFICATION SUCCESSFUL$
infer-func-no-return,CORE,,UNKNOWN,50,SUCCESSFUL,no expected regex
infer-func-no-return2,CORE,^VERIFICATION SUCCESSFUL$,PASS,51,SUCCESSFUL,^VERIFICATION SUCCESSFUL$
infer-func-no-return_fail,CORE,^VERIFICATION FAILED$,DIFF,50,SUCCESSFUL,expected=^VERIFICATION FAILED$
infer-func-param,CORE,^VERIFICATION SUCCESSFUL$,DIFF,50,FAILED,expected=^VERIFICATION SUCCESSFUL$
infer-func-param10,CORE,^VERIFICATION SUCCESSFUL$,DIFF,59,FAILED,expected=^VERIFICATION SUCCESSFUL$
infer-func-param2,THOROUGH,^VERIFICATION SUCCESSFUL$,PASS,90,SUCCESSFUL,^VERIFICATION SUCCESSFUL$
infer-func-param2_fail,THOROUGH,^VERIFICATION FAILED$,PASS,89,FAILED,^VERIFICATION FAILED$
infer-func-param3,CORE,^VERIFICATION SUCCESSFUL$,PASS,50,SUCCESSFUL,^VERIFICATION SUCCESSFUL$
infer-func-param3_fail,CORE,^VERIFICATION FAILED$,PASS,51,FAILED,^VERIFICATION FAILED$
infer-func-param4,CORE,^VERIFICATION SUCCESSFUL$,DIFF,52,FAILED,expected=^VERIFICATION SUCCESSFUL$
infer-func-param5,CORE,^VERIFICATION SUCCESSFUL$,PASS,71,SUCCESSFUL,^VERIFICATION SUCCESSFUL$
infer-func-param5_fail,CORE,^VERIFICATION FAILED$,PASS,77,FAILED,^VERIFICATION FAILED$
infer-func-param5_nondet,CORE,^VERIFICATION SUCCESSFUL$,PASS,78,SUCCESSFUL,^VERIFICATION SUCCESSFUL$
infer-func-param6,CORE,^VERIFICATION SUCCESSFUL$,PASS,54,SUCCESSFUL,^VERIFICATION SUCCESSFUL$
infer-func-param7,CORE,^VERIFICATION SUCCESSFUL$,PASS,88,SUCCESSFUL,^VERIFICATION SUCCESSFUL$
infer-func-param8,CORE,^VERIFICATION SUCCESSFUL$,PASS,50,SUCCESSFUL,^VERIFICATION SUCCESSFUL$
infer-func-param9,CORE,^VERIFICATION SUCCESSFUL$,PASS,51,SUCCESSFUL,^VERIFICATION SUCCESSFUL$
infer-func-param_fail,CORE,^VERIFICATION FAILED$,PASS,49,FAILED,^VERIFICATION FAILED$
infer-loop-var,CORE,^VERIFICATION SUCCESSFUL$,PASS,52,SUCCESSFUL,^VERIFICATION SUCCESSFUL$
inheritance,CORE,^VERIFICATION SUCCESSFUL$,DIFF,53,FAILED,expected=^VERIFICATION SUCCESSFUL$
inheritance-fail,CORE,^VERIFICATION FAILED$,PASS,51,FAILED,^VERIFICATION FAILED$
inheritance2,CORE,^VERIFICATION SUCCESSFUL$,DIFF,56,FAILED,expected=^VERIFICATION SUCCESSFUL$
input,CORE,^VERIFICATION SUCCESSFUL$,PASS,49,SUCCESSFUL,^VERIFICATION SUCCESSFUL$
input1_fail,CORE,^VERIFICATION FAILED$,DIFF,76,SUCCESSFUL,expected=^VERIFICATION FAILED$
input2,CORE,^VERIFICATION SUCCESSFUL$,PASS,51,SUCCESSFUL,^VERIFICATION SUCCESSFUL$
input3,CORE,^VERIFICATION SUCCESSFUL$,PASS,50,SUCCESSFUL,^VERIFICATION SUCCESSFUL$
input4_fail,CORE,^VERIFICATION FAILED$,PASS,52,FAILED,^VERIFICATION FAILED$
input5,CORE,^VERIFICATION FAILED$,DIFF,50,SUCCESSFUL,expected=^VERIFICATION FAILED$
input5_fail,CORE,^VERIFICATION FAILED$,PASS,53,FAILED,^VERIFICATION FAILED$
input6,THOROUGH,^VERIFICATION FAILED$,PASS,595,FAILED,^VERIFICATION FAILED$
int1,CORE,^VERIFICATION SUCCESSFUL$,PASS,50,SUCCESSFUL,^VERIFICATION SUCCESSFUL$
int1_fail,CORE,^VERIFICATION FAILED$,DIFF,50,SUCCESSFUL,expected=^VERIFICATION FAILED$
int2,CORE,^VERIFICATION SUCCESSFUL$,PASS,56,SUCCESSFUL,^VERIFICATION SUCCESSFUL$
int2_fail,CORE,^VERIFICATION FAILED$,DIFF,62,SUCCESSFUL,expected=^VERIFICATION FAILED$
int3,CORE,^VERIFICATION SUCCESSFUL$,PASS,50,SUCCESSFUL,^VERIFICATION SUCCESSFUL$
int4,CORE,^VERIFICATION SUCCESSFUL$,PASS,51,SUCCESSFUL,^VERIFICATION SUCCESSFUL$
int_bit_length,CORE,^VERIFICATION SUCCESSFUL$,DIFF,52,FAILED,expected=^VERIFICATION SUCCESSFUL$
int_bit_length_fail,CORE,^VERIFICATION FAILED$,PASS,50,FAILED,^VERIFICATION FAILED$
int_from_bytes,CORE,^VERIFICATION SUCCESSFUL$,DIFF,52,FAILED,expected=^VERIFICATION SUCCESSFUL$
int_from_bytes_fail,CORE,^VERIFICATION FAILED$,PASS,51,FAILED,^VERIFICATION FAILED$
int_subclass,CORE,^VERIFICATION SUCCESSFUL$,DIFF,52,FAILED,expected=^VERIFICATION SUCCESSFUL$
int_to_bytes,CORE,^VERIFICATION SUCCESSFUL$,DIFF,52,FAILED,expected=^VERIFICATION SUCCESSFUL$
integer_squareroot_fail,CORE,^VERIFICATION FAILED$,PASS,63,FAILED,^VERIFICATION FAILED$
is,CORE,^VERIFICATION SUCCESSFUL$,PASS,50,SUCCESSFUL,^VERIFICATION SUCCESSFUL$
is-instance,CORE,^VERIFICATION SUCCESSFUL$,PASS,53,SUCCESSFUL,^VERIFICATION SUCCESSFUL$
is-instance-fail,CORE,^VERIFICATION FAILED$,PASS,50,FAILED,^VERIFICATION FAILED$
is-not,CORE,^VERIFICATION SUCCESSFUL$,PASS,49,SUCCESSFUL,^VERIFICATION SUCCESSFUL$
is-not_fail,CORE,^VERIFICATION FAILED$,PASS,50,FAILED,^VERIFICATION FAILED$
is2-fail,THOROUGH,^VERIFICATION FAILED$,DIFF,53,SUCCESSFUL,expected=^VERIFICATION FAILED$
is3,THOROUGH,^VERIFICATION SUCCESSFUL$,DIFF,56,FAILED,expected=^VERIFICATION SUCCESSFUL$
is4,THOROUGH,^VERIFICATION SUCCESSFUL$,DIFF,63,FAILED,expected=^VERIFICATION SUCCESSFUL$
is5,THOROUGH,^VERIFICATION SUCCESSFUL$,DIFF,63,FAILED,expected=^VERIFICATION SUCCESSFUL$
is6,CORE,^VERIFICATION SUCCESSFUL$,PASS,54,SUCCESSFUL,^VERIFICATION SUCCESSFUL$
is6_fail,CORE,^VERIFICATION FAILED$,PASS,49,FAILED,^VERIFICATION FAILED$
isdigit,CORE,^VERIFICATION SUCCESSFUL$,PASS,49,SUCCESSFUL,^VERIFICATION SUCCESSFUL$
isdigit2,CORE,^VERIFICATION SUCCESSFUL$,PASS,54,SUCCESSFUL,^VERIFICATION SUCCESSFUL$
isdigit2_fail,CORE,^VERIFICATION FAILED$,PASS,48,FAILED,^VERIFICATION FAILED$
isdigit_fail,CORE,^VERIFICATION FAILED$,PASS,50,FAILED,^VERIFICATION FAILED$
isinstance1,CORE,^VERIFICATION SUCCESSFUL$,PASS,51,SUCCESSFUL,^VERIFICATION SUCCESSFUL$
isinstance10,CORE,^VERIFICATION SUCCESSFUL$,PASS,50,SUCCESSFUL,^VERIFICATION SUCCESSFUL$
isinstance11,CORE,^VERIFICATION SUCCESSFUL$,PASS,50,SUCCESSFUL,^VERIFICATION SUCCESSFUL$
isinstance12,CORE,^VERIFICATION SUCCESSFUL$,PASS,49,SUCCESSFUL,^VERIFICATION SUCCESSFUL$
isinstance13,CORE,^VERIFICATION SUCCESSFUL$,PASS,50,SUCCESSFUL,^VERIFICATION SUCCESSFUL$
isinstance14,CORE,^VERIFICATION SUCCESSFUL$,PASS,51,SUCCESSFUL,^VERIFICATION SUCCESSFUL$
isinstance15,CORE,^VERIFICATION SUCCESSFUL$,PASS,52,SUCCESSFUL,^VERIFICATION SUCCESSFUL$
isinstance16,CORE,^VERIFICATION SUCCESSFUL$,PASS,241,SUCCESSFUL,^VERIFICATION SUCCESSFUL$
isinstance17,CORE,^VERIFICATION SUCCESSFUL$,PASS,51,SUCCESSFUL,^VERIFICATION SUCCESSFUL$
isinstance18,CORE,^VERIFICATION SUCCESSFUL$,PASS,49,SUCCESSFUL,^VERIFICATION SUCCESSFUL$
isinstance19,CORE,^VERIFICATION SUCCESSFUL$,PASS,55,SUCCESSFUL,^VERIFICATION SUCCESSFUL$
isinstance2,CORE,^VERIFICATION SUCCESSFUL$,PASS,55,SUCCESSFUL,^VERIFICATION SUCCESSFUL$
isinstance20,CORE,^VERIFICATION SUCCESSFUL$,PASS,49,SUCCESSFUL,^VERIFICATION SUCCESSFUL$
isinstance20_fail,CORE,^VERIFICATION FAILED$,PASS,52,FAILED,^VERIFICATION FAILED$
isinstance21,CORE,^VERIFICATION SUCCESSFUL$,PASS,49,SUCCESSFUL,^VERIFICATION SUCCESSFUL$
isinstance22,CORE,^VERIFICATION SUCCESSFUL$,PASS,50,SUCCESSFUL,^VERIFICATION SUCCESSFUL$
isinstance23,CORE,^VERIFICATION SUCCESSFUL$,PASS,50,SUCCESSFUL,^VERIFICATION SUCCESSFUL$
isinstance24,CORE,^VERIFICATION SUCCESSFUL$,PASS,51,SUCCESSFUL,^VERIFICATION SUCCESSFUL$
isinstance25,CORE,^VERIFICATION SUCCESSFUL$,PASS,51,SUCCESSFUL,^VERIFICATION SUCCESSFUL$
isinstance26,CORE,^VERIFICATION SUCCESSFUL$,PASS,49,SUCCESSFUL,^VERIFICATION SUCCESSFUL$
isinstance27,CORE,^VERIFICATION SUCCESSFUL$,PASS,49,SUCCESSFUL,^VERIFICATION SUCCESSFUL$
isinstance28,CORE,^VERIFICATION SUCCESSFUL$,PASS,49,SUCCESSFUL,^VERIFICATION SUCCESSFUL$
isinstance29,CORE,^VERIFICATION SUCCESSFUL$,DIFF,52,FAILED,expected=^VERIFICATION SUCCESSFUL$
isinstance3,CORE,^VERIFICATION SUCCESSFUL$,PASS,49,SUCCESSFUL,^VERIFICATION SUCCESSFUL$
isinstance30,CORE,^VERIFICATION SUCCESSFUL$,PASS,51,SUCCESSFUL,^VERIFICATION SUCCESSFUL$
isinstance31,CORE,^VERIFICATION SUCCESSFUL$,PASS,50,SUCCESSFUL,^VERIFICATION SUCCESSFUL$
isinstance32_fail,CORE,^VERIFICATION FAILED$,PASS,437,FAILED,^VERIFICATION FAILED$
isinstance33,CORE,^VERIFICATION SUCCESSFUL$,PASS,406,SUCCESSFUL,^VERIFICATION SUCCESSFUL$
isinstance34,CORE,^VERIFICATION SUCCESSFUL$,DIFF,59,FAILED,expected=^VERIFICATION SUCCESSFUL$
isinstance4,CORE,^VERIFICATION SUCCESSFUL$,PASS,49,SUCCESSFUL,^VERIFICATION SUCCESSFUL$
isinstance5,CORE,^VERIFICATION SUCCESSFUL$,PASS,49,SUCCESSFUL,^VERIFICATION SUCCESSFUL$
isinstance6,CORE,^VERIFICATION SUCCESSFUL$,PASS,50,SUCCESSFUL,^VERIFICATION SUCCESSFUL$
isinstance7,CORE,^VERIFICATION SUCCESSFUL$,PASS,50,SUCCESSFUL,^VERIFICATION SUCCESSFUL$
isinstance8,CORE,^VERIFICATION SUCCESSFUL$,PASS,50,SUCCESSFUL,^VERIFICATION SUCCESSFUL$
jpl,CORE,^VERIFICATION SUCCESSFUL$,DIFF,1177,FAILED,expected=^VERIFICATION SUCCESSFUL$
jpl_1,CORE,^VERIFICATION SUCCESSFUL$,DIFF,1542,FAILED,expected=^VERIFICATION SUCCESSFUL$
lambda,CORE,^VERIFICATION SUCCESSFUL$,PASS,51,SUCCESSFUL,^VERIFICATION SUCCESSFUL$
lambda10,CORE,^VERIFICATION SUCCESSFUL$,DIFF,57,FAILED,expected=^VERIFICATION SUCCESSFUL$
lambda10_fail,CORE,^VERIFICATION FAILED$,PASS,53,FAILED,^VERIFICATION FAILED$
lambda11,CORE,^VERIFICATION SUCCESSFUL$,PASS,51,SUCCESSFUL,^VERIFICATION SUCCESSFUL$
lambda12,CORE,^VERIFICATION SUCCESSFUL$,DIFF,49,FAILED,expected=^VERIFICATION SUCCESSFUL$
lambda13,CORE,^VERIFICATION SUCCESSFUL$,TOERR,49,,exit=6; expected=^VERIFICATION SUCCESSFUL$
lambda14,CORE,^VERIFICATION SUCCESSFUL$,DIFF,55,FAILED,expected=^VERIFICATION SUCCESSFUL$
lambda15,CORE,^VERIFICATION SUCCESSFUL$,DIFF,52,FAILED,expected=^VERIFICATION SUCCESSFUL$
lambda16,CORE,^VERIFICATION SUCCESSFUL$,PASS,55,SUCCESSFUL,^VERIFICATION SUCCESSFUL$
lambda16_fail,CORE,^VERIFICATION FAILED$,PASS,59,FAILED,^VERIFICATION FAILED$
lambda17,CORE,^VERIFICATION SUCCESSFUL$,PASS,49,SUCCESSFUL,^VERIFICATION SUCCESSFUL$
lambda17_fail,CORE,^VERIFICATION FAILED$,PASS,50,FAILED,^VERIFICATION FAILED$
lambda18,CORE,^VERIFICATION SUCCESSFUL$,DIFF,70,FAILED,expected=^VERIFICATION SUCCESSFUL$
lambda19,CORE,^VERIFICATION SUCCESSFUL$,DIFF,5759,FAILED,expected=^VERIFICATION SUCCESSFUL$
lambda2,CORE,^VERIFICATION SUCCESSFUL$,PASS,50,SUCCESSFUL,^VERIFICATION SUCCESSFUL$
lambda20,CORE,^VERIFICATION SUCCESSFUL$,DIFF,50,FAILED,expected=^VERIFICATION SUCCESSFUL$
lambda21,CORE,^VERIFICATION SUCCESSFUL$,PASS,51,SUCCESSFUL,^VERIFICATION SUCCESSFUL$
lambda2_fail,CORE,^VERIFICATION FAILED$,PASS,51,FAILED,^VERIFICATION FAILED$
lambda3,CORE,^VERIFICATION SUCCESSFUL$,DIFF,49,FAILED,expected=^VERIFICATION SUCCESSFUL$
lambda3_fail,CORE,^VERIFICATION FAILED$,DIFF,51,SUCCESSFUL,expected=^VERIFICATION FAILED$
lambda4,CORE,^VERIFICATION SUCCESSFUL$,PASS,51,SUCCESSFUL,^VERIFICATION SUCCESSFUL$
lambda4_fail,CORE,^VERIFICATION FAILED$,PASS,51,FAILED,^VERIFICATION FAILED$
lambda5,CORE,^VERIFICATION SUCCESSFUL$,DIFF,49,FAILED,expected=^VERIFICATION SUCCESSFUL$
lambda6_fail,CORE,^VERIFICATION FAILED$,PASS,51,FAILED,^VERIFICATION FAILED$
lambda7,CORE,^VERIFICATION SUCCESSFUL$,DIFF,52,FAILED,expected=^VERIFICATION SUCCESSFUL$
lambda7_fail,CORE,^VERIFICATION FAILED$,PASS,50,FAILED,^VERIFICATION FAILED$
lambda8,CORE,^VERIFICATION SUCCESSFUL$,PASS,51,SUCCESSFUL,^VERIFICATION SUCCESSFUL$
lambda9,CORE,^VERIFICATION SUCCESSFUL$,PASS,50,SUCCESSFUL,^VERIFICATION SUCCESSFUL$
lambda9_fail,CORE,^VERIFICATION FAILED$,PASS,52,FAILED,^VERIFICATION FAILED$
lambda_fail,CORE,^VERIFICATION FAILED$,PASS,51,FAILED,^VERIFICATION FAILED$
len,CORE,^VERIFICATION SUCCESSFUL$,PASS,51,SUCCESSFUL,^VERIFICATION SUCCESSFUL$
len-fail,CORE,^VERIFICATION FAILED$,PASS,52,FAILED,^VERIFICATION FAILED$
len-list,THOROUGH,,UNKNOWN,52,SUCCESSFUL,no expected regex
len2,CORE,^VERIFICATION SUCCESSFUL$,PASS,65,SUCCESSFUL,^VERIFICATION SUCCESSFUL$
len2-fail,CORE,^VERIFICATION FAILED$,PASS,67,FAILED,^VERIFICATION FAILED$
list,THOROUGH,^VERIFICATION SUCCESSFUL$,CRASH,3137,,signal=6
list-append,THOROUGH,^VERIFICATION SUCCESSFUL$,DIFF,95,FAILED,expected=^VERIFICATION SUCCESSFUL$
list-clear,THOROUGH,^VERIFICATION SUCCESSFUL$,DIFF,93,FAILED,expected=^VERIFICATION SUCCESSFUL$
list-concat,THOROUGH,^VERIFICATION SUCCESSFUL$,PASS,105,SUCCESSFUL,^VERIFICATION SUCCESSFUL$
list-concat-fail,THOROUGH,^VERIFICATION FAILED$,PASS,103,FAILED,^VERIFICATION FAILED$
list-condition-ifexp,CORE,^VERIFICATION SUCCESSFUL$,PASS,52,SUCCESSFUL,^VERIFICATION SUCCESSFUL$
list-condition-ifexp-fail,CORE,^VERIFICATION FAILED$,PASS,51,FAILED,^VERIFICATION FAILED$
list-depth-exceed,THOROUGH,^VERIFICATION FAILED$,TIMEOUT,30000,,killed after 30s
list-eq1,CORE,^VERIFICATION SUCCESSFUL$,PASS,60,SUCCESSFUL,^VERIFICATION SUCCESSFUL$
list-eq1_fail,CORE,^VERIFICATION FAILED$,PASS,71,FAILED,^VERIFICATION FAILED$
list-eq2,CORE,^VERIFICATION SUCCESSFUL$,PASS,263,SUCCESSFUL,^VERIFICATION SUCCESSFUL$
list-eq2_fail,CORE,^VERIFICATION FAILED$,PASS,281,FAILED,^VERIFICATION FAILED$
list-eq4_fail,CORE,^VERIFICATION FAILED$,CRASH,3999,,signal=11
list-eq5_fail,CORE,^VERIFICATION FAILED$,PASS,70,FAILED,^VERIFICATION FAILED$
list-eq6,CORE,^VERIFICATION SUCCESSFUL$,PASS,60,SUCCESSFUL,^VERIFICATION SUCCESSFUL$
list-eq6_fail,CORE,^VERIFICATION FAILED$,PASS,70,FAILED,^VERIFICATION FAILED$
list-eq7_fail,CORE,^VERIFICATION FAILED$,PASS,851,FAILED,^VERIFICATION FAILED$
list-eq8,CORE,^VERIFICATION SUCCESSFUL$,PASS,510,SUCCESSFUL,^VERIFICATION SUCCESSFUL$
list-eq9,CORE,^VERIFICATION SUCCESSFUL$,PASS,516,SUCCESSFUL,^VERIFICATION SUCCESSFUL$
list-fail,THOROUGH,^VERIFICATION FAILED$,PASS,50,FAILED,^VERIFICATION FAILED$
list-func-call-comp,CORE,^VERIFICATION SUCCESSFUL$,PASS,56,SUCCESSFUL,^VERIFICATION SUCCESSFUL$
list-infer-type,CORE,^VERIFICATION SUCCESSFUL$,PASS,60,SUCCESSFUL,^VERIFICATION SUCCESSFUL$
list-infer-type2,CORE,^VERIFICATION SUCCESSFUL$,PASS,93,SUCCESSFUL,^VERIFICATION SUCCESSFUL$
list-insert,THOROUGH,^VERIFICATION SUCCESSFUL$,PASS,116,SUCCESSFUL,^VERIFICATION SUCCESSFUL$
list-insert-beyond,CORE,^VERIFICATION SUCCESSFUL$,DIFF,54,FAILED,expected=^VERIFICATION SUCCESSFUL$
list-insert-beyond-preserves,CORE,^VERIFICATION SUCCESSFUL$,DIFF,56,FAILED,expected=^VERIFICATION SUCCESSFUL$
list-insert-beyond-preserves_fail,CORE,^VERIFICATION FAILED$,PASS,54,FAILED,^VERIFICATION FAILED$
list-insert-beyond_fail,CORE,^VERIFICATION FAILED$,PASS,55,FAILED,^VERIFICATION FAILED$
list-insert_fail,THOROUGH,^VERIFICATION FAILED$,PASS,85,FAILED,^VERIFICATION FAILED$
list-mult-dim,THOROUGH,^VERIFICATION SUCCESSFUL$,PASS,608,SUCCESSFUL,^VERIFICATION SUCCESSFUL$
list-mult-dim-fail,THOROUGH,^VERIFICATION FAILED$,PASS,312,FAILED,^VERIFICATION FAILED$
list-mult-dim-out-bounds-fail,CORE,^VERIFICATION FAILED$,PASS,310,FAILED,^VERIFICATION FAILED$
list-neg-index-after-append,CORE,^VERIFICATION SUCCESSFUL$,PASS,53,SUCCESSFUL,^VERIFICATION SUCCESSFUL$
list-neg-index-after-append_fail,CORE,^VERIFICATION FAILED$,PASS,53,FAILED,^VERIFICATION FAILED$
list-neg-index-after-insert,CORE,^VERIFICATION SUCCESSFUL$,PASS,66,SUCCESSFUL,^VERIFICATION SUCCESSFUL$
list-neg-index-after-insert_fail,CORE,^VERIFICATION FAILED$,PASS,64,FAILED,^VERIFICATION FAILED$
list-nondet,CORE,^VERIFICATION SUCCESSFUL$,DIFF,56,FAILED,expected=^VERIFICATION SUCCESSFUL$
list-nondet2,CORE,^VERIFICATION SUCCESSFUL$,PASS,53,SUCCESSFUL,^VERIFICATION SUCCESSFUL$
list-nondet2_fail,CORE,^VERIFICATION FAILED$,PASS,54,FAILED,^VERIFICATION FAILED$
list-nondet_fail,CORE,^VERIFICATION FAILED$,PASS,53,FAILED,^VERIFICATION FAILED$
list-or-expression,CORE,,UNKNOWN,54,SUCCESSFUL,no expected regex
list-or-expression-fail,CORE,,UNKNOWN,57,FAILED,no expected regex
list-repetition,THOROUGH,^VERIFICATION SUCCESSFUL$,PASS,149,SUCCESSFUL,^VERIFICATION SUCCESSFUL$
list-repetition-rhs,CORE,^VERIFICATION SUCCESSFUL$,PASS,62,SUCCESSFUL,^VERIFICATION SUCCESSFUL$
list-repetition-symbolic,CORE,,UNKNOWN,61,SUCCESSFUL,no expected regex
list-repetition2,CORE,^VERIFICATION SUCCESSFUL$,DIFF,50,FAILED,expected=^VERIFICATION SUCCESSFUL$
list-return,CORE,^VERIFICATION SUCCESSFUL$,PASS,60,SUCCESSFUL,^VERIFICATION SUCCESSFUL$
list-return_fail,CORE,^VERIFICATION FAILED$,PASS,62,FAILED,^VERIFICATION FAILED$
list-reverse1,CORE,^VERIFICATION SUCCESSFUL$,PASS,58,SUCCESSFUL,^VERIFICATION SUCCESSFUL$
list-reverse2,CORE,^VERIFICATION SUCCESSFUL$,PASS,57,SUCCESSFUL,^VERIFICATION SUCCESSFUL$
list-reverse3,CORE,^VERIFICATION SUCCESSFUL$,PASS,57,SUCCESSFUL,^VERIFICATION SUCCESSFUL$
list-reverse4,CORE,^VERIFICATION SUCCESSFUL$,PASS,58,SUCCESSFUL,^VERIFICATION SUCCESSFUL$
list-reverse6,CORE,^VERIFICATION SUCCESSFUL$,PASS,69,SUCCESSFUL,^VERIFICATION SUCCESSFUL$
list-reverse7-nondet,CORE,^VERIFICATION SUCCESSFUL$,PASS,76,SUCCESSFUL,^VERIFICATION SUCCESSFUL$
list-reverse8-nondet,CORE,^VERIFICATION SUCCESSFUL$,PASS,61,SUCCESSFUL,^VERIFICATION SUCCESSFUL$
list-sort1,CORE,^VERIFICATION SUCCESSFUL$,PASS,2352,SUCCESSFUL,^VERIFICATION SUCCESSFUL$
list-sort10,CORE,^VERIFICATION SUCCESSFUL$,CRASH,15568,,signal=6
list-sort11-nondet,CORE,^VERIFICATION SUCCESSFUL$,PASS,14940,SUCCESSFUL,^VERIFICATION SUCCESSFUL$
list-sort2,CORE,^VERIFICATION SUCCESSFUL$,PASS,4746,SUCCESSFUL,^VERIFICATION SUCCESSFUL$
list-sort3,CORE,^VERIFICATION SUCCESSFUL$,PASS,2328,SUCCESSFUL,^VERIFICATION SUCCESSFUL$
list-sort4,CORE,^VERIFICATION SUCCESSFUL$,PASS,2362,SUCCESSFUL,^VERIFICATION SUCCESSFUL$
list-sort5,CORE,^VERIFICATION SUCCESSFUL$,PASS,2327,SUCCESSFUL,^VERIFICATION SUCCESSFUL$
list-sort6,CORE,^VERIFICATION SUCCESSFUL$,PASS,2305,SUCCESSFUL,^VERIFICATION SUCCESSFUL$
list-sort7,CORE,^VERIFICATION SUCCESSFUL$,DIFF,2909,FAILED,expected=^VERIFICATION SUCCESSFUL$
list-sort8,CORE,^VERIFICATION SUCCESSFUL$,PASS,2396,SUCCESSFUL,^VERIFICATION SUCCESSFUL$
list-sort9,CORE,^VERIFICATION SUCCESSFUL$,CRASH,15341,,signal=6
list-var-undef,CORE,^ERROR\: Variable \'l\' is not defined in function \'max\' at line 4.$,FAIL,52,SUCCESSFUL,expected=^ERROR\: Variable \'l\' is not defined in function \'max\' at line 4.$
list-with-char,THOROUGH,^VERIFICATION SUCCESSFUL$,PASS,58,SUCCESSFUL,^VERIFICATION SUCCESSFUL$
list-with-char_fail,THOROUGH,^Properties\:.*2 failed$,FAIL,58,FAILED,expected=^Properties\:.*2 failed$
list10,THOROUGH,^VERIFICATION SUCCESSFUL$,PASS,106,SUCCESSFUL,^VERIFICATION SUCCESSFUL$
list11-fail,THOROUGH,^VERIFICATION FAILED$,PASS,101,FAILED,^VERIFICATION FAILED$
list12,THOROUGH,^VERIFICATION SUCCESSFUL$,PASS,56,SUCCESSFUL,^VERIFICATION SUCCESSFUL$
list12_fail,THOROUGH,^VERIFICATION FAILED$,PASS,56,FAILED,^VERIFICATION FAILED$
list13,THOROUGH,^VERIFICATION SUCCESSFUL$,PASS,104,SUCCESSFUL,^VERIFICATION SUCCESSFUL$
list14,THOROUGH,^VERIFICATION SUCCESSFUL$,PASS,89,SUCCESSFUL,^VERIFICATION SUCCESSFUL$
list15_fail,THOROUGH,^VERIFICATION FAILED$,PASS,59,FAILED,^VERIFICATION FAILED$
list16,CORE,^VERIFICATION SUCCESSFUL$,DIFF,66,FAILED,expected=^VERIFICATION SUCCESSFUL$
list16_fail,CORE,(?m)^(ERROR:.*)\s*\Z,FAIL,52,FAILED,expected=(?m)^(ERROR:.*)\s*\Z
list17,THOROUGH,^VERIFICATION SUCCESSFUL$,PASS,143,SUCCESSFUL,^VERIFICATION SUCCESSFUL$
list17_fail,CORE,^VERIFICATION FAILED$,PASS,55,FAILED,^VERIFICATION FAILED$
list18,CORE,^VERIFICATION SUCCESSFUL$,PASS,51,SUCCESSFUL,^VERIFICATION SUCCESSFUL$
list18_fail,THOROUGH,^VERIFICATION FAILED$,PASS,51,FAILED,^VERIFICATION FAILED$
list19_fail,CORE,^VERIFICATION FAILED$,PASS,53,FAILED,^VERIFICATION FAILED$
list2-fail,CORE,^VERIFICATION FAILED$,PASS,99,FAILED,^VERIFICATION FAILED$
list20,THOROUGH,^VERIFICATION SUCCESSFUL$,PASS,61,SUCCESSFUL,^VERIFICATION SUCCESSFUL$
list21,CORE,^VERIFICATION SUCCESSFUL$,PASS,55,SUCCESSFUL,^VERIFICATION SUCCESSFUL$
list21_fail,CORE,^VERIFICATION FAILED$,PASS,55,FAILED,^VERIFICATION FAILED$
list22,CORE,^VERIFICATION SUCCESSFUL$,PASS,193,SUCCESSFUL,^VERIFICATION SUCCESSFUL$
list22_fail,CORE,^VERIFICATION FAILED$,PASS,200,FAILED,^VERIFICATION FAILED$
list23,THOROUGH,^VERIFICATION SUCCESSFUL$,PASS,67,SUCCESSFUL,^VERIFICATION SUCCESSFUL$
list23_fail,THOROUGH,^VERIFICATION FAILED$,PASS,67,FAILED,^VERIFICATION FAILED$
list24,THOROUGH,^VERIFICATION SUCCESSFUL$,PASS,59,SUCCESSFUL,^VERIFICATION SUCCESSFUL$
list24_fail,THOROUGH,^VERIFICATION FAILED$,PASS,58,FAILED,^VERIFICATION FAILED$
list25,CORE,^VERIFICATION SUCCESSFUL$,PASS,61,SUCCESSFUL,^VERIFICATION SUCCESSFUL$
list26,CORE,^VERIFICATION SUCCESSFUL$,PASS,60,SUCCESSFUL,^VERIFICATION SUCCESSFUL$
list26_fail,CORE,^VERIFICATION FAILED$,PASS,60,FAILED,^VERIFICATION FAILED$
list27,CORE,^VERIFICATION SUCCESSFUL$,PASS,62,SUCCESSFUL,^VERIFICATION SUCCESSFUL$
list27_fail,CORE,^VERIFICATION FAILED$,PASS,62,FAILED,^VERIFICATION FAILED$
list28,CORE,^VERIFICATION SUCCESSFUL$,PASS,64,SUCCESSFUL,^VERIFICATION SUCCESSFUL$
list28_fail,CORE,^VERIFICATION FAILED$,PASS,74,FAILED,^VERIFICATION FAILED$
list29,CORE,^VERIFICATION SUCCESSFUL$,PASS,63,SUCCESSFUL,^VERIFICATION SUCCESSFUL$
list29_fail,CORE,^VERIFICATION FAILED$,PASS,53,FAILED,^VERIFICATION FAILED$
list3,CORE,^VERIFICATION SUCCESSFUL$,DIFF,257,FAILED,expected=^VERIFICATION SUCCESSFUL$
list30,CORE,^VERIFICATION SUCCESSFUL$,PASS,53,SUCCESSFUL,^VERIFICATION SUCCESSFUL$
list31,CORE,^VERIFICATION SUCCESSFUL$,TIMEOUT,30000,,killed after 30s
list32,CORE,^VERIFICATION SUCCESSFUL$,PASS,63,SUCCESSFUL,^VERIFICATION SUCCESSFUL$
list33,CORE,^VERIFICATION SUCCESSFUL$,PASS,59,SUCCESSFUL,^VERIFICATION SUCCESSFUL$
list34,CORE,^VERIFICATION SUCCESSFUL$,DIFF,222,FAILED,expected=^VERIFICATION SUCCESSFUL$
list34_1,CORE,^VERIFICATION SUCCESSFUL$,PASS,205,SUCCESSFUL,^VERIFICATION SUCCESSFUL$
list34_fail,CORE,^VERIFICATION FAILED$,PASS,129,FAILED,^VERIFICATION FAILED$
list4,CORE,^VERIFICATION SUCCESSFUL$,PASS,201,SUCCESSFUL,^VERIFICATION SUCCESSFUL$
list6,THOROUGH,^VERIFICATION SUCCESSFUL$,PASS,66,SUCCESSFUL,^VERIFICATION SUCCESSFUL$
list6_fail,THOROUGH,^VERIFICATION FAILED$,PASS,58,FAILED,^VERIFICATION FAILED$
list7,THOROUGH,^VERIFICATION SUCCESSFUL$,PASS,58,SUCCESSFUL,^VERIFICATION SUCCESSFUL$
list7-fail,CORE,^VERIFICATION FAILED$,PASS,83,FAILED,^VERIFICATION FAILED$
list8,CORE,^VERIFICATION SUCCESSFUL$,PASS,62,SUCCESSFUL,^VERIFICATION SUCCESSFUL$
list8_fail,CORE,^VERIFICATION FAILED$,PASS,64,FAILED,^VERIFICATION FAILED$
list9,THOROUGH,^VERIFICATION SUCCESSFUL$,PASS,58,SUCCESSFUL,^VERIFICATION SUCCESSFUL$
list_call_chain,CORE,^VERIFICATION SUCCESSFUL$,DIFF,55,FAILED,expected=^VERIFICATION SUCCESSFUL$
list_call_chain_fail,CORE,^VERIFICATION FAILED$,DIFF,54,SUCCESSFUL,expected=^VERIFICATION FAILED$
list_comprehension1,CORE,^VERIFICATION SUCCESSFUL$,PASS,52,SUCCESSFUL,^VERIFICATION SUCCESSFUL$
list_comprehension1_fail,CORE,^VERIFICATION FAILED$,PASS,53,FAILED,^VERIFICATION FAILED$
list_comprehension2,CORE,^VERIFICATION SUCCESSFUL$,PASS,51,SUCCESSFUL,^VERIFICATION SUCCESSFUL$
list_comprehension2_fail,CORE,^VERIFICATION FAILED$,PASS,52,FAILED,^VERIFICATION FAILED$
list_comprehension3,CORE,^VERIFICATION SUCCESSFUL$,PASS,51,SUCCESSFUL,^VERIFICATION SUCCESSFUL$
list_comprehension3_fail,CORE,^VERIFICATION FAILED$,PASS,52,FAILED,^VERIFICATION FAILED$
list_comprehension4,CORE,^VERIFICATION SUCCESSFUL$,PASS,53,SUCCESSFUL,^VERIFICATION SUCCESSFUL$
list_comprehension5,CORE,^VERIFICATION SUCCESSFUL$,PASS,49,SUCCESSFUL,^VERIFICATION SUCCESSFUL$
list_comprehension5_fail,CORE,^VERIFICATION FAILED$,PASS,49,FAILED,^VERIFICATION FAILED$
list_comprehension6,CORE,^VERIFICATION SUCCESSFUL$,PASS,51,SUCCESSFUL,^VERIFICATION SUCCESSFUL$
list_comprehension6_fail,CORE,^VERIFICATION FAILED$,DIFF,49,SUCCESSFUL,expected=^VERIFICATION FAILED$
list_comprehension7,CORE,^VERIFICATION SUCCESSFUL$,DIFF,50,FAILED,expected=^VERIFICATION SUCCESSFUL$
list_comprehension7_fail,CORE,^VERIFICATION FAILED$,PASS,50,FAILED,^VERIFICATION FAILED$
list_copy_1,CORE,^VERIFICATION SUCCESSFUL$,PASS,60,SUCCESSFUL,^VERIFICATION SUCCESSFUL$
list_copy_10,CORE,^VERIFICATION SUCCESSFUL$,PASS,60,SUCCESSFUL,^VERIFICATION SUCCESSFUL$
list_copy_11_fail,CORE,^VERIFICATION FAILED$,PASS,54,FAILED,^VERIFICATION FAILED$
list_copy_12,CORE,^VERIFICATION SUCCESSFUL$,PASS,54,SUCCESSFUL,^VERIFICATION SUCCESSFUL$
list_copy_13,CORE,^VERIFICATION SUCCESSFUL$,DIFF,56,FAILED,expected=^VERIFICATION SUCCESSFUL$
list_copy_14,CORE,^VERIFICATION SUCCESSFUL$,PASS,58,SUCCESSFUL,^VERIFICATION SUCCESSFUL$
list_copy_15,CORE,^VERIFICATION SUCCESSFUL$,DIFF,56,FAILED,expected=^VERIFICATION SUCCESSFUL$
list_copy_2,CORE,^VERIFICATION SUCCESSFUL$,PASS,56,SUCCESSFUL,^VERIFICATION SUCCESSFUL$
list_copy_3,CORE,^VERIFICATION SUCCESSFUL$,PASS,58,SUCCESSFUL,^VERIFICATION SUCCESSFUL$
list_copy_5,CORE,^VERIFICATION SUCCESSFUL$,PASS,60,SUCCESSFUL,^VERIFICATION SUCCESSFUL$
list_copy_6,CORE,^VERIFICATION SUCCESSFUL$,PASS,56,SUCCESSFUL,^VERIFICATION SUCCESSFUL$
list_copy_7,CORE,^VERIFICATION SUCCESSFUL$,PASS,56,SUCCESSFUL,^VERIFICATION SUCCESSFUL$
list_copy_8,CORE,^VERIFICATION SUCCESSFUL$,PASS,56,SUCCESSFUL,^VERIFICATION SUCCESSFUL$
list_copy_9,CORE,^VERIFICATION SUCCESSFUL$,PASS,60,SUCCESSFUL,^VERIFICATION SUCCESSFUL$
list_depth_test,CORE,^VERIFICATION SUCCESSFUL$,TIMEOUT,30000,,killed after 30s
list_extend,THOROUGH,^VERIFICATION SUCCESSFUL$,PASS,55,SUCCESSFUL,^VERIFICATION SUCCESSFUL$
list_extend10,THOROUGH,^VERIFICATION SUCCESSFUL$,PASS,60,SUCCESSFUL,^VERIFICATION SUCCESSFUL$
list_extend10_fail,THOROUGH,^VERIFICATION FAILED$,PASS,56,FAILED,^VERIFICATION FAILED$
list_extend11_fail,THOROUGH,^VERIFICATION FAILED$,PASS,58,FAILED,^VERIFICATION FAILED$
list_extend11_nondet,THOROUGH,^VERIFICATION SUCCESSFUL$,PASS,56,SUCCESSFUL,^VERIFICATION SUCCESSFUL$
list_extend12,CORE,^VERIFICATION SUCCESSFUL$,TIMEOUT,30000,,killed after 30s
list_extend13,CORE,^VERIFICATION SUCCESSFUL$,PASS,1095,SUCCESSFUL,^VERIFICATION SUCCESSFUL$
list_extend14,CORE,^VERIFICATION SUCCESSFUL$,PASS,55,SUCCESSFUL,^VERIFICATION SUCCESSFUL$
list_extend16,CORE,^VERIFICATION SUCCESSFUL$,DIFF,55,FAILED,expected=^VERIFICATION SUCCESSFUL$
list_extend17,CORE,^VERIFICATION SUCCESSFUL$,DIFF,67,FAILED,expected=^VERIFICATION SUCCESSFUL$
list_extend17_fail,CORE,^VERIFICATION FAILED$,PASS,66,FAILED,^VERIFICATION FAILED$
list_extend2,THOROUGH,^VERIFICATION SUCCESSFUL$,PASS,57,SUCCESSFUL,^VERIFICATION SUCCESSFUL$
list_extend3,THOROUGH,^VERIFICATION SUCCESSFUL$,PASS,54,SUCCESSFUL,^VERIFICATION SUCCESSFUL$
list_extend4,THOROUGH,^VERIFICATION SUCCESSFUL$,PASS,68,SUCCESSFUL,^VERIFICATION SUCCESSFUL$
list_extend5,CORE,^VERIFICATION SUCCESSFUL$,PASS,59,SUCCESSFUL,^VERIFICATION SUCCESSFUL$
list_extend5_fail,CORE,^VERIFICATION FAILED$,PASS,98,FAILED,^VERIFICATION FAILED$
list_extend6,CORE,^VERIFICATION SUCCESSFUL$,PASS,90,SUCCESSFUL,^VERIFICATION SUCCESSFUL$
list_extend6_fail,CORE,^VERIFICATION FAILED$,PASS,60,FAILED,^VERIFICATION FAILED$
list_extend7,THOROUGH,^VERIFICATION SUCCESSFUL$,DIFF,55,FAILED,expected=^VERIFICATION SUCCESSFUL$
list_extend7_fail,THOROUGH,^VERIFICATION FAILED$,PASS,55,FAILED,^VERIFICATION FAILED$
list_extend8,THOROUGH,^VERIFICATION SUCCESSFUL$,PASS,59,SUCCESSFUL,^VERIFICATION SUCCESSFUL$
list_extend8_fail,THOROUGH,^VERIFICATION FAILED$,PASS,59,FAILED,^VERIFICATION FAILED$
list_extend9,THOROUGH,^VERIFICATION SUCCESSFUL$,PASS,63,SUCCESSFUL,^VERIFICATION SUCCESSFUL$
list_extend9_fail,THOROUGH,^VERIFICATION FAILED$,PASS,59,FAILED,^VERIFICATION FAILED$
list_objects,CORE,^VERIFICATION SUCCESSFUL$,DIFF,145,FAILED,expected=^VERIFICATION SUCCESSFUL$
list_pop,CORE,^VERIFICATION SUCCESSFUL$,PASS,63,SUCCESSFUL,^VERIFICATION SUCCESSFUL$
list_pop10,CORE,^VERIFICATION SUCCESSFUL$,DIFF,75,FAILED,expected=^VERIFICATION SUCCESSFUL$
list_pop10_fail,CORE,^VERIFICATION FAILED$,PASS,75,FAILED,^VERIFICATION FAILED$
list_pop11_nondet,CORE,^VERIFICATION SUCCESSFUL$,DIFF,116,FAILED,expected=^VERIFICATION SUCCESSFUL$
list_pop11_nondet_fail,CORE,^VERIFICATION FAILED$,DIFF,104,SUCCESSFUL,expected=^VERIFICATION FAILED$
list_pop12,CORE,^VERIFICATION SUCCESSFUL$,PASS,90,SUCCESSFUL,^VERIFICATION SUCCESSFUL$
list_pop12_fail,CORE,^VERIFICATION FAILED$,PASS,91,FAILED,^VERIFICATION FAILED$
list_pop13_nondet,CORE,^VERIFICATION SUCCESSFUL$,PASS,137,SUCCESSFUL,^VERIFICATION SUCCESSFUL$
list_pop14_nondet,CORE,^VERIFICATION SUCCESSFUL$,PASS,137,SUCCESSFUL,^VERIFICATION SUCCESSFUL$
list_pop15,CORE,^VERIFICATION SUCCESSFUL$,PASS,89,SUCCESSFUL,^VERIFICATION SUCCESSFUL$
list_pop16,CORE,^VERIFICATION SUCCESSFUL$,DIFF,68,FAILED,expected=^VERIFICATION SUCCESSFUL$
list_pop17,CORE,^VERIFICATION SUCCESSFUL$,DIFF,61,FAILED,expected=^VERIFICATION SUCCESSFUL$
list_pop18,CORE,^VERIFICATION SUCCESSFUL$,PASS,60,SUCCESSFUL,^VERIFICATION SUCCESSFUL$
list_pop19,CORE,^VERIFICATION SUCCESSFUL$,PASS,116,SUCCESSFUL,^VERIFICATION SUCCESSFUL$
list_pop2,CORE,^VERIFICATION SUCCESSFUL$,PASS,67,SUCCESSFUL,^VERIFICATION SUCCESSFUL$
list_pop2_fail,CORE,^VERIFICATION FAILED$,DIFF,63,SUCCESSFUL,expected=^VERIFICATION FAILED$
list_pop3,CORE,^VERIFICATION SUCCESSFUL$,DIFF,84,FAILED,expected=^VERIFICATION SUCCESSFUL$
list_pop4,CORE,^VERIFICATION SUCCESSFUL$,PASS,82,SUCCESSFUL,^VERIFICATION SUCCESSFUL$
list_pop5,CORE,^VERIFICATION SUCCESSFUL$,PASS,63,SUCCESSFUL,^VERIFICATION SUCCESSFUL$
list_pop6,CORE,^VERIFICATION SUCCESSFUL$,DIFF,95,FAILED,expected=^VERIFICATION SUCCESSFUL$
list_pop7,CORE,^VERIFICATION SUCCESSFUL$,PASS,91,SUCCESSFUL,^VERIFICATION SUCCESSFUL$
list_pop8,CORE,^VERIFICATION SUCCESSFUL$,DIFF,82,FAILED,expected=^VERIFICATION SUCCESSFUL$
list_pop9,CORE,^VERIFICATION SUCCESSFUL$,DIFF,175,FAILED,expected=^VERIFICATION SUCCESSFUL$
list_pop_fail,CORE,^VERIFICATION FAILED$,DIFF,60,SUCCESSFUL,expected=^VERIFICATION FAILED$
list_pop_perf,CORE,^VERIFICATION SUCCESSFUL$,PASS,110,SUCCESSFUL,^VERIFICATION SUCCESSFUL$
list_remove1,CORE,^VERIFICATION SUCCESSFUL$,PASS,88,SUCCESSFUL,^VERIFICATION SUCCESSFUL$
list_remove10-nondet,CORE,^VERIFICATION SUCCESSFUL$,PASS,90,SUCCESSFUL,^VERIFICATION SUCCESSFUL$
list_remove10-nondet_fail,CORE,^VERIFICATION FAILED$,PASS,90,FAILED,^VERIFICATION FAILED$
list_remove11-nondet,CORE,^VERIFICATION SUCCESSFUL$,PASS,87,SUCCESSFUL,^VERIFICATION SUCCESSFUL$
list_remove11-nondet_fail,CORE,^VERIFICATION FAILED$,PASS,88,FAILED,^VERIFICATION FAILED$
list_remove2,CORE,^VERIFICATION SUCCESSFUL$,PASS,87,SUCCESSFUL,^VERIFICATION SUCCESSFUL$
list_remove3,CORE,^VERIFICATION SUCCESSFUL$,PASS,87,SUCCESSFUL,^VERIFICATION SUCCESSFUL$
list_remove4,CORE,^VERIFICATION SUCCESSFUL$,PASS,147,SUCCESSFUL,^VERIFICATION SUCCESSFUL$
list_remove5_fail,CORE,^VERIFICATION FAILED$,PASS,84,FAILED,^VERIFICATION FAILED$
list_remove6-nondet,CORE,^VERIFICATION SUCCESSFUL$,PASS,100,SUCCESSFUL,^VERIFICATION SUCCESSFUL$
list_remove7-nondet,CORE,^VERIFICATION SUCCESSFUL$,PASS,236,SUCCESSFUL,^VERIFICATION SUCCESSFUL$
list_remove8-nondet,CORE,^VERIFICATION SUCCESSFUL$,PASS,147,SUCCESSFUL,^VERIFICATION SUCCESSFUL$
list_remove9_fail-nondet,CORE,^VERIFICATION FAILED$,PASS,124,FAILED,^VERIFICATION FAILED$
listcomp_annotation,THOROUGH,^VERIFICATION SUCCESSFUL$,DIFF,52,FAILED,expected=^VERIFICATION SUCCESSFUL$
listcomp_annotation_fail,THOROUGH,^VERIFICATION FAILED$,PASS,53,FAILED,^VERIFICATION FAILED$
listcomp_basic,THOROUGH,^VERIFICATION SUCCESSFUL$,PASS,53,SUCCESSFUL,^VERIFICATION SUCCESSFUL$
listcomp_basic_fail,THOROUGH,^VERIFICATION FAILED$,PASS,54,FAILED,^VERIFICATION FAILED$
listcomp_filter,THOROUGH,^VERIFICATION SUCCESSFUL$,PASS,54,SUCCESSFUL,^VERIFICATION SUCCESSFUL$
listcomp_filter_fail,THOROUGH,^VERIFICATION FAILED$,PASS,54,FAILED,^VERIFICATION FAILED$
listcomp_func_call,CORE,^VERIFICATION SUCCESSFUL$,PASS,61,SUCCESSFUL,^VERIFICATION SUCCESSFUL$
listcomp_func_call_fail,CORE,^VERIFICATION FAILED$,PASS,61,FAILED,^VERIFICATION FAILED$
listcomp_nested,CORE,^VERIFICATION SUCCESSFUL$,PASS,56,SUCCESSFUL,^VERIFICATION SUCCESSFUL$
literal,CORE,^VERIFICATION SUCCESSFUL$,PASS,53,SUCCESSFUL,^VERIFICATION SUCCESSFUL$
literal_fail,CORE,^VERIFICATION FAILED$,PASS,52,FAILED,^VERIFICATION FAILED$
logical-and-fail,CORE,^VERIFICATION FAILED$,PASS,53,FAILED,^VERIFICATION FAILED$
logical-and-success,CORE,^VERIFICATION SUCCESSFUL$,PASS,53,SUCCESSFUL,^VERIFICATION SUCCESSFUL$
logical-and2-fail,CORE,^VERIFICATION FAILED$,PASS,52,FAILED,^VERIFICATION FAILED$
logical-and3-fail,CORE,^VERIFICATION FAILED$,PASS,54,FAILED,^VERIFICATION FAILED$
logical-and4-fail,CORE,^VERIFICATION FAILED$,PASS,52,FAILED,^VERIFICATION FAILED$
logical-and5,CORE,^VERIFICATION SUCCESSFUL$,DIFF,52,FAILED,expected=^VERIFICATION SUCCESSFUL$
logical-and6-fail,CORE,^VERIFICATION FAILED$,PASS,53,FAILED,^VERIFICATION FAILED$
logical-and7-fail,CORE,^VERIFICATION FAILED$,PASS,53,FAILED,^VERIFICATION FAILED$
logical-and8-fail,CORE,^VERIFICATION FAILED$,PASS,54,FAILED,^VERIFICATION FAILED$
logical-and9-fail,CORE,^VERIFICATION FAILED$,PASS,52,FAILED,^VERIFICATION FAILED$
logical-not-fail,CORE,^VERIFICATION FAILED$,PASS,53,FAILED,^VERIFICATION FAILED$
logical-not-success,CORE,^VERIFICATION SUCCESSFUL$,PASS,53,SUCCESSFUL,^VERIFICATION SUCCESSFUL$
logical-or-fail,CORE,^VERIFICATION FAILED$,PASS,52,FAILED,^VERIFICATION FAILED$
logical-or-success,CORE,^VERIFICATION SUCCESSFUL$,PASS,52,SUCCESSFUL,^VERIFICATION SUCCESSFUL$
loop-invariant,CORE,^VERIFICATION SUCCESSFUL$,PASS,51,SUCCESSFUL,^VERIFICATION SUCCESSFUL$
loop-invariant2,CORE,^VERIFICATION SUCCESSFUL$,DIFF,59,FAILED,expected=^VERIFICATION SUCCESSFUL$
main-function,CORE,^VERIFICATION SUCCESSFUL$,PASS,52,SUCCESSFUL,^VERIFICATION SUCCESSFUL$
main-function_fail,CORE,^VERIFICATION FAILED$,PASS,54,FAILED,^VERIFICATION FAILED$
main-if-guard,CORE,^VERIFICATION SUCCESSFUL$,PASS,51,SUCCESSFUL,^VERIFICATION SUCCESSFUL$
main-if-guard_fail,CORE,^VERIFICATION FAILED$,PASS,50,FAILED,^VERIFICATION FAILED$
main-import,CORE,^VERIFICATION SUCCESSFUL$,PASS,82,SUCCESSFUL,^VERIFICATION SUCCESSFUL$
main-import_fail,CORE,^VERIFICATION FAILED$,PASS,50,FAILED,^VERIFICATION FAILED$
man_bits,CORE,^VERIFICATION SUCCESSFUL$,PASS,53,SUCCESSFUL,^VERIFICATION SUCCESSFUL$
math,CORE,^VERIFICATION SUCCESSFUL$,DIFF,110,FAILED,expected=^VERIFICATION SUCCESSFUL$
math-factorial,CORE,^VERIFICATION SUCCESSFUL$,DIFF,101,FAILED,expected=^VERIFICATION SUCCESSFUL$
math1,CORE,^VERIFICATION SUCCESSFUL$,PASS,102,SUCCESSFUL,^VERIFICATION SUCCESSFUL$
math10,CORE,^VERIFICATION SUCCESSFUL$,PASS,104,SUCCESSFUL,^VERIFICATION SUCCESSFUL$
math11,CORE,^VERIFICATION SUCCESSFUL$,PASS,108,SUCCESSFUL,^VERIFICATION SUCCESSFUL$
math12_fail,CORE,^VERIFICATION FAILED$,PASS,98,FAILED,^VERIFICATION FAILED$
math13,CORE,^VERIFICATION SUCCESSFUL$,PASS,111,SUCCESSFUL,^VERIFICATION SUCCESSFUL$
math14,CORE,^VERIFICATION SUCCESSFUL$,PASS,100,SUCCESSFUL,^VERIFICATION SUCCESSFUL$
math15,CORE,^VERIFICATION SUCCESSFUL$,PASS,100,SUCCESSFUL,^VERIFICATION SUCCESSFUL$
math16,CORE,^VERIFICATION SUCCESSFUL$,PASS,104,SUCCESSFUL,^VERIFICATION SUCCESSFUL$
math17,CORE,^VERIFICATION SUCCESSFUL$,PASS,100,SUCCESSFUL,^VERIFICATION SUCCESSFUL$
math18,CORE,^VERIFICATION SUCCESSFUL$,PASS,99,SUCCESSFUL,^VERIFICATION SUCCESSFUL$
math19_fail,CORE,^VERIFICATION FAILED$,PASS,99,FAILED,^VERIFICATION FAILED$
math1_fail,CORE,^VERIFICATION FAILED$,DIFF,101,SUCCESSFUL,expected=^VERIFICATION FAILED$
math2,CORE,^VERIFICATION SUCCESSFUL$,DIFF,108,FAILED,expected=^VERIFICATION SUCCESSFUL$
math20_fail,CORE,^VERIFICATION FAILED$,PASS,103,FAILED,^VERIFICATION FAILED$
math21,CORE,^VERIFICATION SUCCESSFUL$,PASS,100,SUCCESSFUL,^VERIFICATION SUCCESSFUL$
math22,CORE,^VERIFICATION SUCCESSFUL$,PASS,99,SUCCESSFUL,^VERIFICATION SUCCESSFUL$
math23,CORE,^VERIFICATION SUCCESSFUL$,PASS,102,SUCCESSFUL,^VERIFICATION SUCCESSFUL$
math24,CORE,^VERIFICATION SUCCESSFUL$,PASS,101,SUCCESSFUL,^VERIFICATION SUCCESSFUL$
math25,CORE,^VERIFICATION SUCCESSFUL$,PASS,102,SUCCESSFUL,^VERIFICATION SUCCESSFUL$
math26,CORE,^VERIFICATION SUCCESSFUL$,PASS,107,SUCCESSFUL,^VERIFICATION SUCCESSFUL$
math27_nondet,CORE,^VERIFICATION SUCCESSFUL$,DIFF,110,FAILED,expected=^VERIFICATION SUCCESSFUL$
math28_acos,CORE,^VERIFICATION SUCCESSFUL$,PASS,101,SUCCESSFUL,^VERIFICATION SUCCESSFUL$
math28_acos_fail,CORE,^VERIFICATION FAILED$,PASS,103,FAILED,^VERIFICATION FAILED$
math29_fail,CORE,^VERIFICATION FAILED$,PASS,105,FAILED,^VERIFICATION FAILED$
math29_success,CORE,^VERIFICATION SUCCESSFUL$,PASS,111,SUCCESSFUL,^VERIFICATION SUCCESSFUL$
math2_fail,CORE,^VERIFICATION FAILED$,PASS,99,FAILED,^VERIFICATION FAILED$
math3,CORE,^VERIFICATION SUCCESSFUL$,PASS,106,SUCCESSFUL,^VERIFICATION SUCCESSFUL$
math30_cbrt,CORE,^VERIFICATION SUCCESSFUL$,PASS,104,SUCCESSFUL,^VERIFICATION SUCCESSFUL$
math30_consts,CORE,^VERIFICATION SUCCESSFUL$,PASS,102,SUCCESSFUL,^VERIFICATION SUCCESSFUL$
math31_erf,CORE,^VERIFICATION SUCCESSFUL$,PASS,97,SUCCESSFUL,^VERIFICATION SUCCESSFUL$
math31_int,CORE,^VERIFICATION SUCCESSFUL$,DIFF,206,FAILED,expected=^VERIFICATION SUCCESSFUL$
math32_erfc,CORE,^VERIFICATION SUCCESSFUL$,PASS,99,SUCCESSFUL,^VERIFICATION SUCCESSFUL$
math32_exp,CORE,^VERIFICATION SUCCESSFUL$,PASS,100,SUCCESSFUL,^VERIFICATION SUCCESSFUL$
math33_frexp,CORE,^VERIFICATION SUCCESSFUL$,DIFF,104,FAILED,expected=^VERIFICATION SUCCESSFUL$
math33_hyper_inv,CORE,^VERIFICATION SUCCESSFUL$,PASS,100,SUCCESSFUL,^VERIFICATION SUCCESSFUL$
math34_fsum,CORE,^VERIFICATION SUCCESSFUL$,DIFF,114,FAILED,expected=^VERIFICATION SUCCESSFUL$
math34_geom,CORE,^VERIFICATION SUCCESSFUL$,DIFF,98,FAILED,expected=^VERIFICATION SUCCESSFUL$
math35_fail,CORE,^VERIFICATION FAILED$,PASS,109,FAILED,^VERIFICATION FAILED$
math35_gamma,CORE,^VERIFICATION SUCCESSFUL$,DIFF,99,FAILED,expected=^VERIFICATION SUCCESSFUL$
math36_dist_list,CORE,^VERIFICATION SUCCESSFUL$,PASS,106,SUCCESSFUL,^VERIFICATION SUCCESSFUL$
math36_ldexp,CORE,^VERIFICATION SUCCESSFUL$,DIFF,106,FAILED,expected=^VERIFICATION SUCCESSFUL$
math37_dist_fail,CORE,^VERIFICATION FAILED$,PASS,99,FAILED,^VERIFICATION FAILED$
math37_lgamma,CORE,^VERIFICATION SUCCESSFUL$,PASS,109,SUCCESSFUL,^VERIFICATION SUCCESSFUL$
math38_helpers,CORE,^VERIFICATION SUCCESSFUL$,DIFF,221,FAILED,expected=^VERIFICATION SUCCESSFUL$
math38_nextafter,CORE,^VERIFICATION SUCCESSFUL$,DIFF,111,FAILED,expected=^VERIFICATION SUCCESSFUL$
math39_perm,CORE,^VERIFICATION SUCCESSFUL$,DIFF,109,FAILED,expected=^VERIFICATION SUCCESSFUL$
math39_perm_fail,CORE,^VERIFICATION FAILED$,PASS,99,FAILED,^VERIFICATION FAILED$
math39_remainder,CORE,^VERIFICATION SUCCESSFUL$,PASS,98,SUCCESSFUL,^VERIFICATION SUCCESSFUL$
math4,CORE,^VERIFICATION SUCCESSFUL$,PASS,108,SUCCESSFUL,^VERIFICATION SUCCESSFUL$
math40_modf,CORE,^VERIFICATION SUCCESSFUL$,PASS,99,SUCCESSFUL,^VERIFICATION SUCCESSFUL$
math40_sumprod,CORE,^VERIFICATION SUCCESSFUL$,DIFF,107,FAILED,expected=^VERIFICATION SUCCESSFUL$
math41_ulp,CORE,^VERIFICATION SUCCESSFUL$,DIFF,110,FAILED,expected=^VERIFICATION SUCCESSFUL$
math5,CORE,^VERIFICATION SUCCESSFUL$,PASS,109,SUCCESSFUL,^VERIFICATION SUCCESSFUL$
math6,CORE,^VERIFICATION SUCCESSFUL$,PASS,106,SUCCESSFUL,^VERIFICATION SUCCESSFUL$
math7,CORE,^VERIFICATION SUCCESSFUL$,PASS,106,SUCCESSFUL,^VERIFICATION SUCCESSFUL$
math8,CORE,^VERIFICATION SUCCESSFUL$,PASS,106,SUCCESSFUL,^VERIFICATION SUCCESSFUL$
math9,CORE,^VERIFICATION SUCCESSFUL$,PASS,107,SUCCESSFUL,^VERIFICATION SUCCESSFUL$
math_edge_acos_fail,CORE,^VERIFICATION FAILED$,PASS,111,FAILED,^VERIFICATION FAILED$
math_edge_acos_success,CORE,^VERIFICATION SUCCESSFUL$,PASS,104,SUCCESSFUL,^VERIFICATION SUCCESSFUL$
math_edge_acosh_fail,CORE,^VERIFICATION FAILED$,PASS,102,FAILED,^VERIFICATION FAILED$
math_edge_acosh_success,CORE,^VERIFICATION SUCCESSFUL$,PASS,99,SUCCESSFUL,^VERIFICATION SUCCESSFUL$
math_edge_asin_fail,CORE,^VERIFICATION FAILED$,PASS,99,FAILED,^VERIFICATION FAILED$
math_edge_asin_success,CORE,^VERIFICATION SUCCESSFUL$,PASS,100,SUCCESSFUL,^VERIFICATION SUCCESSFUL$
math_edge_asinh_fail,CORE,^VERIFICATION FAILED$,PASS,99,FAILED,^VERIFICATION FAILED$
math_edge_asinh_success,CORE,^VERIFICATION SUCCESSFUL$,PASS,101,SUCCESSFUL,^VERIFICATION SUCCESSFUL$
math_edge_atan2_fail,CORE,^VERIFICATION FAILED$,PASS,108,FAILED,^VERIFICATION FAILED$
math_edge_atan2_success,CORE,^VERIFICATION SUCCESSFUL$,PASS,107,SUCCESSFUL,^VERIFICATION SUCCESSFUL$
math_edge_atan_fail,CORE,^VERIFICATION FAILED$,PASS,107,FAILED,^VERIFICATION FAILED$
math_edge_atan_success,CORE,^VERIFICATION SUCCESSFUL$,PASS,101,SUCCESSFUL,^VERIFICATION SUCCESSFUL$
math_edge_atanh_fail,CORE,^VERIFICATION FAILED$,PASS,98,FAILED,^VERIFICATION FAILED$
math_edge_atanh_success,CORE,^VERIFICATION SUCCESSFUL$,PASS,100,SUCCESSFUL,^VERIFICATION SUCCESSFUL$
math_edge_cbrt_fail,CORE,^VERIFICATION FAILED$,PASS,103,FAILED,^VERIFICATION FAILED$
math_edge_cbrt_success,CORE,^VERIFICATION SUCCESSFUL$,PASS,109,SUCCESSFUL,^VERIFICATION SUCCESSFUL$
math_edge_ceil_fail,CORE,^VERIFICATION FAILED$,PASS,99,FAILED,^VERIFICATION FAILED$
math_edge_ceil_success,CORE,^VERIFICATION SUCCESSFUL$,PASS,106,SUCCESSFUL,^VERIFICATION SUCCESSFUL$
math_edge_comb_fail,CORE,^VERIFICATION FAILED$,PASS,104,FAILED,^VERIFICATION FAILED$
math_edge_comb_success,CORE,^VERIFICATION SUCCESSFUL$,DIFF,104,FAILED,expected=^VERIFICATION SUCCESSFUL$
math_edge_copysign_fail,CORE,^VERIFICATION FAILED$,PASS,104,FAILED,^VERIFICATION FAILED$
math_edge_copysign_success,CORE,^VERIFICATION SUCCESSFUL$,PASS,99,SUCCESSFUL,^VERIFICATION SUCCESSFUL$
math_edge_cos_fail,CORE,^VERIFICATION FAILED$,PASS,103,FAILED,^VERIFICATION FAILED$
math_edge_cos_success,CORE,^VERIFICATION SUCCESSFUL$,PASS,107,SUCCESSFUL,^VERIFICATION SUCCESSFUL$
math_edge_cosh_fail,CORE,^VERIFICATION FAILED$,PASS,100,FAILED,^VERIFICATION FAILED$
math_edge_cosh_success,CORE,^VERIFICATION SUCCESSFUL$,PASS,109,SUCCESSFUL,^VERIFICATION SUCCESSFUL$
math_edge_degrees_fail,CORE,^VERIFICATION FAILED$,DIFF,107,SUCCESSFUL,expected=^VERIFICATION FAILED$
math_edge_degrees_success,CORE,^VERIFICATION SUCCESSFUL$,DIFF,107,FAILED,expected=^VERIFICATION SUCCESSFUL$
math_edge_dist_fail,CORE,^VERIFICATION FAILED$,PASS,105,FAILED,^VERIFICATION FAILED$
math_edge_dist_success,CORE,^VERIFICATION SUCCESSFUL$,DIFF,112,FAILED,expected=^VERIFICATION SUCCESSFUL$
math_edge_erf_fail,CORE,^VERIFICATION FAILED$,PASS,101,FAILED,^VERIFICATION FAILED$
math_edge_erf_success,CORE,^VERIFICATION SUCCESSFUL$,PASS,102,SUCCESSFUL,^VERIFICATION SUCCESSFUL$
math_edge_erfc_fail,CORE,^VERIFICATION FAILED$,PASS,100,FAILED,^VERIFICATION FAILED$
math_edge_erfc_success,CORE,^VERIFICATION SUCCESSFUL$,PASS,99,SUCCESSFUL,^VERIFICATION SUCCESSFUL$
math_edge_exp2_fail,CORE,^VERIFICATION FAILED$,PASS,106,FAILED,^VERIFICATION FAILED$
math_edge_exp2_success,CORE,^VERIFICATION SUCCESSFUL$,PASS,102,SUCCESSFUL,^VERIFICATION SUCCESSFUL$
math_edge_exp_fail,CORE,^VERIFICATION FAILED$,PASS,106,FAILED,^VERIFICATION FAILED$
math_edge_exp_success,CORE,^VERIFICATION SUCCESSFUL$,PASS,107,SUCCESSFUL,^VERIFICATION SUCCESSFUL$
math_edge_expm1_fail,CORE,^VERIFICATION FAILED$,PASS,110,FAILED,^VERIFICATION FAILED$
math_edge_expm1_success,CORE,^VERIFICATION SUCCESSFUL$,PASS,116,SUCCESSFUL,^VERIFICATION SUCCESSFUL$
math_edge_fabs_fail,CORE,^VERIFICATION FAILED$,PASS,102,FAILED,^VERIFICATION FAILED$
math_edge_fabs_success,CORE,^VERIFICATION SUCCESSFUL$,PASS,105,SUCCESSFUL,^VERIFICATION SUCCESSFUL$
math_edge_factorial_fail,CORE,^VERIFICATION FAILED$,PASS,111,FAILED,^VERIFICATION FAILED$
math_edge_factorial_success,CORE,^VERIFICATION SUCCESSFUL$,DIFF,105,FAILED,expected=^VERIFICATION SUCCESSFUL$
math_edge_floor_fail,CORE,^VERIFICATION FAILED$,PASS,99,FAILED,^VERIFICATION FAILED$
math_edge_floor_success,CORE,^VERIFICATION SUCCESSFUL$,PASS,98,SUCCESSFUL,^VERIFICATION SUCCESSFUL$
math_edge_fmod_fail,CORE,^VERIFICATION FAILED$,PASS,100,FAILED,^VERIFICATION FAILED$
math_edge_fmod_success,CORE,^VERIFICATION SUCCESSFUL$,PASS,100,SUCCESSFUL,^VERIFICATION SUCCESSFUL$
math_edge_frexp_fail,CORE,^VERIFICATION FAILED$,DIFF,108,SUCCESSFUL,expected=^VERIFICATION FAILED$
math_edge_frexp_success,CORE,^VERIFICATION SUCCESSFUL$,DIFF,101,FAILED,expected=^VERIFICATION SUCCESSFUL$
math_edge_fsum_fail,CORE,^VERIFICATION FAILED$,PASS,107,FAILED,^VERIFICATION FAILED$
math_edge_gamma_fail,CORE,^VERIFICATION FAILED$,PASS,104,FAILED,^VERIFICATION FAILED$
math_edge_gamma_success,CORE,^VERIFICATION SUCCESSFUL$,DIFF,101,FAILED,expected=^VERIFICATION SUCCESSFUL$
math_edge_gcd_fail,CORE,^VERIFICATION FAILED$,PASS,175,FAILED,^VERIFICATION FAILED$
math_edge_gcd_success,CORE,^VERIFICATION SUCCESSFUL$,DIFF,213,FAILED,expected=^VERIFICATION SUCCESSFUL$
math_edge_hypot_fail,CORE,^VERIFICATION FAILED$,PASS,120,FAILED,^VERIFICATION FAILED$
math_edge_hypot_success,CORE,^VERIFICATION SUCCESSFUL$,PASS,108,SUCCESSFUL,^VERIFICATION SUCCESSFUL$
math_edge_isclose_fail,CORE,^VERIFICATION FAILED$,PASS,99,FAILED,^VERIFICATION FAILED$
math_edge_isclose_success,CORE,^VERIFICATION SUCCESSFUL$,PASS,103,SUCCESSFUL,^VERIFICATION SUCCESSFUL$
math_edge_isfinite_fail,CORE,^VERIFICATION FAILED$,DIFF,107,SUCCESSFUL,expected=^VERIFICATION FAILED$
math_edge_isfinite_success,CORE,^VERIFICATION SUCCESSFUL$,DIFF,102,FAILED,expected=^VERIFICATION SUCCESSFUL$
math_edge_isinf_fail,CORE,^VERIFICATION FAILED$,PASS,98,FAILED,^VERIFICATION FAILED$
math_edge_isinf_success,CORE,^VERIFICATION SUCCESSFUL$,DIFF,104,FAILED,expected=^VERIFICATION SUCCESSFUL$
math_edge_isnan_fail,CORE,^VERIFICATION FAILED$,PASS,100,FAILED,^VERIFICATION FAILED$
math_edge_isnan_success,CORE,^VERIFICATION SUCCESSFUL$,DIFF,100,FAILED,expected=^VERIFICATION SUCCESSFUL$
math_edge_isqrt_fail,CORE,^VERIFICATION FAILED$,PASS,98,FAILED,^VERIFICATION FAILED$
math_edge_isqrt_success,CORE,^VERIFICATION SUCCESSFUL$,DIFF,99,FAILED,expected=^VERIFICATION SUCCESSFUL$
math_edge_lcm_fail,CORE,^VERIFICATION FAILED$,PASS,155,FAILED,^VERIFICATION FAILED$
math_edge_lcm_success,CORE,^VERIFICATION SUCCESSFUL$,DIFF,170,FAILED,expected=^VERIFICATION SUCCESSFUL$
math_edge_ldexp_fail,CORE,^VERIFICATION FAILED$,PASS,106,FAILED,^VERIFICATION FAILED$
math_edge_ldexp_success,CORE,^VERIFICATION SUCCESSFUL$,DIFF,105,FAILED,expected=^VERIFICATION SUCCESSFUL$
math_edge_lgamma_fail,CORE,^VERIFICATION FAILED$,PASS,106,FAILED,^VERIFICATION FAILED$
math_edge_lgamma_success,CORE,^VERIFICATION SUCCESSFUL$,PASS,100,SUCCESSFUL,^VERIFICATION SUCCESSFUL$
math_edge_log10_fail,CORE,^VERIFICATION FAILED$,PASS,105,FAILED,^VERIFICATION FAILED$
math_edge_log10_success,CORE,^VERIFICATION SUCCESSFUL$,PASS,107,SUCCESSFUL,^VERIFICATION SUCCESSFUL$
math_edge_log1p_fail,CORE,^VERIFICATION FAILED$,PASS,103,FAILED,^VERIFICATION FAILED$
math_edge_log1p_success,CORE,^VERIFICATION SUCCESSFUL$,PASS,107,SUCCESSFUL,^VERIFICATION SUCCESSFUL$
math_edge_log2_fail,CORE,^VERIFICATION FAILED$,PASS,104,FAILED,^VERIFICATION FAILED$
math_edge_log2_success,CORE,^VERIFICATION SUCCESSFUL$,PASS,105,SUCCESSFUL,^VERIFICATION SUCCESSFUL$
math_edge_log_fail,CORE,^VERIFICATION FAILED$,PASS,101,FAILED,^VERIFICATION FAILED$
math_edge_log_success,CORE,^VERIFICATION SUCCESSFUL$,PASS,100,SUCCESSFUL,^VERIFICATION SUCCESSFUL$
math_edge_modf_fail,CORE,^VERIFICATION FAILED$,PASS,106,FAILED,^VERIFICATION FAILED$
math_edge_modf_success,CORE,^VERIFICATION SUCCESSFUL$,PASS,98,SUCCESSFUL,^VERIFICATION SUCCESSFUL$
math_edge_nextafter_fail,CORE,^VERIFICATION FAILED$,PASS,105,FAILED,^VERIFICATION FAILED$
math_edge_nextafter_success,CORE,^VERIFICATION SUCCESSFUL$,DIFF,105,FAILED,expected=^VERIFICATION SUCCESSFUL$
math_edge_perm_fail,CORE,^VERIFICATION FAILED$,PASS,98,FAILED,^VERIFICATION FAILED$
math_edge_perm_success,CORE,^VERIFICATION SUCCESSFUL$,DIFF,101,FAILED,expected=^VERIFICATION SUCCESSFUL$
math_edge_pow_fail,CORE,^VERIFICATION FAILED$,PASS,104,FAILED,^VERIFICATION FAILED$
math_edge_pow_success,CORE,^VERIFICATION SUCCESSFUL$,PASS,115,SUCCESSFUL,^VERIFICATION SUCCESSFUL$
math_edge_prod_fail,CORE,^VERIFICATION FAILED$,PASS,103,FAILED,^VERIFICATION FAILED$
math_edge_prod_success,CORE,^VERIFICATION SUCCESSFUL$,DIFF,100,FAILED,expected=^VERIFICATION SUCCESSFUL$
math_edge_radians_fail,CORE,^VERIFICATION FAILED$,DIFF,106,SUCCESSFUL,expected=^VERIFICATION FAILED$
math_edge_radians_success,CORE,^VERIFICATION SUCCESSFUL$,DIFF,102,FAILED,expected=^VERIFICATION SUCCESSFUL$
math_edge_remainder_fail,CORE,^VERIFICATION FAILED$,PASS,102,FAILED,^VERIFICATION FAILED$
math_edge_remainder_success,CORE,^VERIFICATION SUCCESSFUL$,PASS,101,SUCCESSFUL,^VERIFICATION SUCCESSFUL$
math_edge_sin_fail,CORE,^VERIFICATION FAILED$,PASS,105,FAILED,^VERIFICATION FAILED$
math_edge_sin_success,CORE,^VERIFICATION SUCCESSFUL$,PASS,106,SUCCESSFUL,^VERIFICATION SUCCESSFUL$
math_edge_sinh_fail,CORE,^VERIFICATION FAILED$,PASS,103,FAILED,^VERIFICATION FAILED$
math_edge_sinh_success,CORE,^VERIFICATION SUCCESSFUL$,PASS,101,SUCCESSFUL,^VERIFICATION SUCCESSFUL$
math_edge_sqrt_fail,CORE,^VERIFICATION FAILED$,PASS,100,FAILED,^VERIFICATION FAILED$
math_edge_sqrt_success,CORE,^VERIFICATION SUCCESSFUL$,PASS,99,SUCCESSFUL,^VERIFICATION SUCCESSFUL$
math_edge_sumprod_fail,CORE,^VERIFICATION FAILED$,PASS,107,FAILED,^VERIFICATION FAILED$
math_edge_sumprod_success,CORE,^VERIFICATION SUCCESSFUL$,DIFF,112,FAILED,expected=^VERIFICATION SUCCESSFUL$
math_edge_tan_fail,CORE,^VERIFICATION FAILED$,PASS,107,FAILED,^VERIFICATION FAILED$
math_edge_tan_success,CORE,^VERIFICATION SUCCESSFUL$,PASS,110,SUCCESSFUL,^VERIFICATION SUCCESSFUL$
math_edge_tanh_fail,CORE,^VERIFICATION FAILED$,PASS,100,FAILED,^VERIFICATION FAILED$
math_edge_tanh_success,CORE,^VERIFICATION SUCCESSFUL$,PASS,103,SUCCESSFUL,^VERIFICATION SUCCESSFUL$
math_edge_trunc_fail,CORE,^VERIFICATION FAILED$,PASS,98,FAILED,^VERIFICATION FAILED$
math_edge_trunc_success,CORE,^VERIFICATION SUCCESSFUL$,PASS,99,SUCCESSFUL,^VERIFICATION SUCCESSFUL$
math_edge_ulp_fail,CORE,^VERIFICATION FAILED$,PASS,106,FAILED,^VERIFICATION FAILED$
math_edge_ulp_success,CORE,^VERIFICATION SUCCESSFUL$,DIFF,106,FAILED,expected=^VERIFICATION SUCCESSFUL$
math_import1_fail,CORE,^VERIFICATION FAILED$,PASS,98,FAILED,^VERIFICATION FAILED$
math_import1_success,CORE,^VERIFICATION SUCCESSFUL$,DIFF,98,FAILED,expected=^VERIFICATION SUCCESSFUL$
math_import2_fail,CORE,^VERIFICATION FAILED$,PASS,104,FAILED,^VERIFICATION FAILED$
math_import3_fail,CORE,^VERIFICATION FAILED$,PASS,104,FAILED,^VERIFICATION FAILED$
math_import3_success,CORE,^VERIFICATION SUCCESSFUL$,DIFF,101,FAILED,expected=^VERIFICATION SUCCESSFUL$
math_import4_fail,CORE,^VERIFICATION FAILED$,PASS,105,FAILED,^VERIFICATION FAILED$
math_import4_success,CORE,^VERIFICATION SUCCESSFUL$,PASS,99,SUCCESSFUL,^VERIFICATION SUCCESSFUL$
math_import5_fail,CORE,^VERIFICATION FAILED$,PASS,104,FAILED,^VERIFICATION FAILED$
math_import5_success,CORE,^VERIFICATION SUCCESSFUL$,PASS,98,SUCCESSFUL,^VERIFICATION SUCCESSFUL$
math_import6_fail,CORE,^VERIFICATION FAILED$,PASS,52,FAILED,^VERIFICATION FAILED$
math_import6_success,CORE,^VERIFICATION SUCCESSFUL$,DIFF,108,FAILED,expected=^VERIFICATION SUCCESSFUL$
math_import7_fail,CORE,^VERIFICATION FAILED$,PASS,52,FAILED,^VERIFICATION FAILED$
math_import7_success,CORE,^VERIFICATION SUCCESSFUL$,PASS,109,SUCCESSFUL,^VERIFICATION SUCCESSFUL$
max1,CORE,^VERIFICATION SUCCESSFUL$,PASS,51,SUCCESSFUL,^VERIFICATION SUCCESSFUL$
max10-fail,CORE,^VERIFICATION FAILED$,DIFF,54,SUCCESSFUL,expected=^VERIFICATION FAILED$
max11,CORE,^VERIFICATION SUCCESSFUL$,PASS,67,SUCCESSFUL,^VERIFICATION SUCCESSFUL$
max2,CORE,^VERIFICATION SUCCESSFUL$,PASS,52,SUCCESSFUL,^VERIFICATION SUCCESSFUL$
max3,CORE,^VERIFICATION SUCCESSFUL$,PASS,51,SUCCESSFUL,^VERIFICATION SUCCESSFUL$
max4,CORE,^VERIFICATION SUCCESSFUL$,PASS,52,SUCCESSFUL,^VERIFICATION SUCCESSFUL$
max5,CORE,^VERIFICATION SUCCESSFUL$,PASS,52,SUCCESSFUL,^VERIFICATION SUCCESSFUL$
max6-fail,CORE,^VERIFICATION FAILED$,DIFF,52,SUCCESSFUL,expected=^VERIFICATION FAILED$
max7,CORE,^VERIFICATION SUCCESSFUL$,PASS,62,SUCCESSFUL,^VERIFICATION SUCCESSFUL$
max8,CORE,^VERIFICATION SUCCESSFUL$,PASS,53,SUCCESSFUL,^VERIFICATION SUCCESSFUL$
max9,CORE,^VERIFICATION SUCCESSFUL$,PASS,51,SUCCESSFUL,^VERIFICATION SUCCESSFUL$
max_sublist_sum_fail,THOROUGH,^VERIFICATION FAILED$,PASS,63,FAILED,^VERIFICATION FAILED$
method-instances,CORE,^VERIFICATION SUCCESSFUL$,DIFF,52,FAILED,expected=^VERIFICATION SUCCESSFUL$
method-keywords,CORE,^VERIFICATION SUCCESSFUL$,PASS,55,SUCCESSFUL,^VERIFICATION SUCCESSFUL$
min_max_1,CORE,^VERIFICATION SUCCESSFUL$,PASS,56,SUCCESSFUL,^VERIFICATION SUCCESSFUL$
min_max_1_fail,CORE,^VERIFICATION FAILED$,PASS,56,FAILED,^VERIFICATION FAILED$
min_max_2,CORE,^VERIFICATION SUCCESSFUL$,PASS,50,SUCCESSFUL,^VERIFICATION SUCCESSFUL$
min_max_2_fail,CORE,^VERIFICATION FAILED$,PASS,50,FAILED,^VERIFICATION FAILED$
min_max_3,CORE,^VERIFICATION SUCCESSFUL$,DIFF,49,FAILED,expected=^VERIFICATION SUCCESSFUL$
missing-return10_fail,CORE,^VERIFICATION FAILED$,DIFF,100,SUCCESSFUL,expected=^VERIFICATION FAILED$
missing-return11_fail,CORE,^VERIFICATION FAILED$,DIFF,57,SUCCESSFUL,expected=^VERIFICATION FAILED$
missing-return12_fail,CORE,^VERIFICATION FAILED$,DIFF,53,SUCCESSFUL,expected=^VERIFICATION FAILED$
missing-return13_fail,THOROUGH,^VERIFICATION FAILED$,DIFF,101,SUCCESSFUL,expected=^VERIFICATION FAILED$
missing-return14_fail,CORE,^VERIFICATION FAILED$,PASS,96,FAILED,^VERIFICATION FAILED$
missing-return2_fail,CORE,^VERIFICATION FAILED$,PASS,53,FAILED,^VERIFICATION FAILED$
missing-return3_fail,CORE,^VERIFICATION FAILED$,PASS,50,FAILED,^VERIFICATION FAILED$
missing-return4,CORE,^VERIFICATION SUCCESSFUL$,PASS,52,SUCCESSFUL,^VERIFICATION SUCCESSFUL$
missing-return5_fail,CORE,^VERIFICATION FAILED$,PASS,59,FAILED,^VERIFICATION FAILED$
missing-return6,CORE,^VERIFICATION SUCCESSFUL$,PASS,52,SUCCESSFUL,^VERIFICATION SUCCESSFUL$
missing-return7,CORE,^VERIFICATION SUCCESSFUL$,PASS,51,SUCCESSFUL,^VERIFICATION SUCCESSFUL$
missing-return7_fail,CORE,^VERIFICATION FAILED$,DIFF,53,SUCCESSFUL,expected=^VERIFICATION FAILED$
missing-return8_fail,CORE,^VERIFICATION FAILED$,DIFF,51,SUCCESSFUL,expected=^VERIFICATION FAILED$
missing-return9_fail,CORE,^VERIFICATION FAILED$,DIFF,53,SUCCESSFUL,expected=^VERIFICATION FAILED$
missing-return_fail,CORE,^VERIFICATION FAILED$,DIFF,95,SUCCESSFUL,expected=^VERIFICATION FAILED$
mixed-types,KNOWNBUG,^VERIFICATION SUCCESSFUL$,PASS,53,SUCCESSFUL,^VERIFICATION SUCCESSFUL$
mod,CORE,^VERIFICATION SUCCESSFUL$,PASS,50,SUCCESSFUL,^VERIFICATION SUCCESSFUL$
mod-fail,CORE,^VERIFICATION FAILED$,PASS,51,FAILED,^VERIFICATION FAILED$
mod-fail2,CORE,^VERIFICATION FAILED$,PASS,52,FAILED,^VERIFICATION FAILED$
mod-fail3,CORE,^VERIFICATION FAILED$,PASS,51,FAILED,^VERIFICATION FAILED$
mod-fail4,CORE,^VERIFICATION FAILED$,PASS,52,FAILED,^VERIFICATION FAILED$
mod-fail5,CORE,^VERIFICATION FAILED$,PASS,54,FAILED,^VERIFICATION FAILED$
mod-fail6,CORE,^VERIFICATION FAILED$,PASS,52,FAILED,^VERIFICATION FAILED$
mod-fail7,CORE,^VERIFICATION FAILED$,PASS,50,FAILED,^VERIFICATION FAILED$
mod-fail8,CORE,^VERIFICATION FAILED$,PASS,51,FAILED,^VERIFICATION FAILED$
mod-fail9,CORE,^VERIFICATION FAILED$,PASS,52,FAILED,^VERIFICATION FAILED$
mod2,CORE,^VERIFICATION SUCCESSFUL$,PASS,53,SUCCESSFUL,^VERIFICATION SUCCESSFUL$
mod3,CORE,^VERIFICATION SUCCESSFUL$,PASS,53,SUCCESSFUL,^VERIFICATION SUCCESSFUL$
multiple-assignment,CORE,^VERIFICATION SUCCESSFUL$,PASS,54,SUCCESSFUL,^VERIFICATION SUCCESSFUL$
multiple-assignment10,CORE,^VERIFICATION SUCCESSFUL$,PASS,52,SUCCESSFUL,^VERIFICATION SUCCESSFUL$
multiple-assignment2,CORE,^VERIFICATION SUCCESSFUL$,PASS,53,SUCCESSFUL,^VERIFICATION SUCCESSFUL$
multiple-assignment3,CORE,^VERIFICATION SUCCESSFUL$,PASS,54,SUCCESSFUL,^VERIFICATION SUCCESSFUL$
multiple-assignment4,THOROUGH,^VERIFICATION SUCCESSFUL$,PASS,51,SUCCESSFUL,^VERIFICATION SUCCESSFUL$
multiple-assignment5,CORE,^VERIFICATION SUCCESSFUL$,DIFF,54,FAILED,expected=^VERIFICATION SUCCESSFUL$
multiple-assignment6,CORE,^VERIFICATION SUCCESSFUL$,PASS,52,SUCCESSFUL,^VERIFICATION SUCCESSFUL$
multiple-assignment7,CORE,^VERIFICATION SUCCESSFUL$,PASS,52,SUCCESSFUL,^VERIFICATION SUCCESSFUL$
multiple-assignment8,CORE,^VERIFICATION SUCCESSFUL$,PASS,56,SUCCESSFUL,^VERIFICATION SUCCESSFUL$
multiple-assignment9,CORE,^VERIFICATION SUCCESSFUL$,PASS,55,SUCCESSFUL,^VERIFICATION SUCCESSFUL$
nested-attr-1,CORE,^VERIFICATION SUCCESSFUL$,PASS,55,SUCCESSFUL,^VERIFICATION SUCCESSFUL$
nested-attr-10,CORE,^VERIFICATION SUCCESSFUL$,PASS,58,SUCCESSFUL,^VERIFICATION SUCCESSFUL$
nested-attr-11,CORE,^VERIFICATION SUCCESSFUL$,DIFF,55,FAILED,expected=^VERIFICATION SUCCESSFUL$
nested-attr-12,CORE,^VERIFICATION SUCCESSFUL$,PASS,54,SUCCESSFUL,^VERIFICATION SUCCESSFUL$
nested-attr-13,CORE,^VERIFICATION SUCCESSFUL$,PASS,56,SUCCESSFUL,^VERIFICATION SUCCESSFUL$
nested-attr-14,CORE,^VERIFICATION SUCCESSFUL$,PASS,56,SUCCESSFUL,^VERIFICATION SUCCESSFUL$
nested-attr-15,CORE,^VERIFICATION SUCCESSFUL$,PASS,54,SUCCESSFUL,^VERIFICATION SUCCESSFUL$
nested-attr-1_fail,CORE,^VERIFICATION FAILED$,PASS,56,FAILED,^VERIFICATION FAILED$
nested-attr-2,CORE,^VERIFICATION SUCCESSFUL$,PASS,56,SUCCESSFUL,^VERIFICATION SUCCESSFUL$
nested-attr-2_fail,CORE,^VERIFICATION FAILED$,PASS,54,FAILED,^VERIFICATION FAILED$
nested-attr-3,CORE,^VERIFICATION SUCCESSFUL$,PASS,58,SUCCESSFUL,^VERIFICATION SUCCESSFUL$
nested-attr-4,CORE,^VERIFICATION SUCCESSFUL$,PASS,57,SUCCESSFUL,^VERIFICATION SUCCESSFUL$
nested-attr-5,CORE,^VERIFICATION SUCCESSFUL$,PASS,54,SUCCESSFUL,^VERIFICATION SUCCESSFUL$
nested-attr-6,CORE,^VERIFICATION SUCCESSFUL$,PASS,57,SUCCESSFUL,^VERIFICATION SUCCESSFUL$
nested-attr-7,CORE,^VERIFICATION SUCCESSFUL$,DIFF,56,FAILED,expected=^VERIFICATION SUCCESSFUL$
nested-attr-8,CORE,^VERIFICATION SUCCESSFUL$,PASS,59,SUCCESSFUL,^VERIFICATION SUCCESSFUL$
nested-attr-9,CORE,^VERIFICATION SUCCESSFUL$,PASS,57,SUCCESSFUL,^VERIFICATION SUCCESSFUL$
nested-ctor-calls,CORE,^VERIFICATION SUCCESSFUL$,PASS,55,SUCCESSFUL,^VERIFICATION SUCCESSFUL$
nested-ctor-calls_2,CORE,^VERIFICATION SUCCESSFUL$,PASS,52,SUCCESSFUL,^VERIFICATION SUCCESSFUL$
nested-ctor-calls_2_fail,CORE,^VERIFICATION FAILED$,PASS,55,FAILED,^VERIFICATION FAILED$
nested-dict,CORE,^VERIFICATION SUCCESSFUL$,PASS,6901,SUCCESSFUL,^VERIFICATION SUCCESSFUL$
nested-dict-fail,CORE,^VERIFICATION FAILED$,PASS,6719,FAILED,^VERIFICATION FAILED$
nested-dict2,CORE,^VERIFICATION SUCCESSFUL$,TIMEOUT,30000,,killed after 30s
nested-dict3,THOROUGH,^VERIFICATION SUCCESSFUL$,PASS,27420,SUCCESSFUL,^VERIFICATION SUCCESSFUL$
nested-dict4,CORE,^VERIFICATION SUCCESSFUL$,PASS,13660,SUCCESSFUL,^VERIFICATION SUCCESSFUL$
nested-function-return,CORE,^VERIFICATION SUCCESSFUL$,PASS,54,SUCCESSFUL,^VERIFICATION SUCCESSFUL$
nested-function-return-fail,CORE,^VERIFICATION FAILED$,PASS,50,FAILED,^VERIFICATION FAILED$
nested-list-slice-compare,CORE,^VERIFICATION SUCCESSFUL$,DIFF,93,FAILED,expected=^VERIFICATION SUCCESSFUL$
nested-list-slice-compare-fail,CORE,^VERIFICATION FAILED$,PASS,91,FAILED,^VERIFICATION FAILED$
nested_func_call,CORE,^VERIFICATION SUCCESSFUL$,PASS,52,SUCCESSFUL,^VERIFICATION SUCCESSFUL$
nested_func_call_fail,CORE,^VERIFICATION FAILED$,PASS,52,FAILED,^VERIFICATION FAILED$
neural-net,CORE,^VERIFICATION SUCCESSFUL$,PASS,51,SUCCESSFUL,^VERIFICATION SUCCESSFUL$
neural-net_fail,CORE,^VERIFICATION FAILED$,DIFF,51,SUCCESSFUL,expected=^VERIFICATION FAILED$
nondet,CORE,^VERIFICATION SUCCESSFUL$,PASS,63,SUCCESSFUL,^VERIFICATION SUCCESSFUL$
nondet-fail,CORE,^VERIFICATION FAILED$,PASS,49,FAILED,^VERIFICATION FAILED$
nondet-verifier,CORE,^VERIFICATION SUCCESSFUL$,PASS,64,SUCCESSFUL,^VERIFICATION SUCCESSFUL$
nondet-verifier-fail,CORE,^VERIFICATION FAILED$,PASS,50,FAILED,^VERIFICATION FAILED$
nondet_dict,THOROUGH,^VERIFICATION SUCCESSFUL$,DIFF,145,FAILED,expected=^VERIFICATION SUCCESSFUL$
nondet_dict10,THOROUGH,^VERIFICATION SUCCESSFUL$,PASS,55,SUCCESSFUL,^VERIFICATION SUCCESSFUL$
nondet_dict10_fail,THOROUGH,^VERIFICATION FAILED$,PASS,57,FAILED,^VERIFICATION FAILED$
nondet_dict11,THOROUGH,^VERIFICATION SUCCESSFUL$,PASS,54,SUCCESSFUL,^VERIFICATION SUCCESSFUL$
nondet_dict11_fail,THOROUGH,^VERIFICATION FAILED$,PASS,58,FAILED,^VERIFICATION FAILED$
nondet_dict12,THOROUGH,^VERIFICATION SUCCESSFUL$,PASS,55,SUCCESSFUL,^VERIFICATION SUCCESSFUL$
nondet_dict12_fail,THOROUGH,^VERIFICATION FAILED$,PASS,55,FAILED,^VERIFICATION FAILED$
nondet_dict13,THOROUGH,^VERIFICATION SUCCESSFUL$,PASS,57,SUCCESSFUL,^VERIFICATION SUCCESSFUL$
nondet_dict13_fail,THOROUGH,^VERIFICATION FAILED$,DIFF,56,SUCCESSFUL,expected=^VERIFICATION FAILED$
nondet_dict14,THOROUGH,^VERIFICATION SUCCESSFUL$,TOERR,294,,exit=6; expected=^VERIFICATION SUCCESSFUL$
nondet_dict15,CORE,^VERIFICATION SUCCESSFUL$,PASS,59,SUCCESSFUL,^VERIFICATION SUCCESSFUL$
nondet_dict15_fail,CORE,^VERIFICATION FAILED$,PASS,57,FAILED,^VERIFICATION FAILED$
nondet_dict2,THOROUGH,^VERIFICATION SUCCESSFUL$,CRASH,1353,,signal=6
nondet_dict3,THOROUGH,^VERIFICATION SUCCESSFUL$,PASS,54,SUCCESSFUL,^VERIFICATION SUCCESSFUL$
nondet_dict4,THOROUGH,^VERIFICATION SUCCESSFUL$,PASS,58,SUCCESSFUL,^VERIFICATION SUCCESSFUL$
nondet_dict5,THOROUGH,^VERIFICATION SUCCESSFUL$,PASS,56,SUCCESSFUL,^VERIFICATION SUCCESSFUL$
nondet_dict6,THOROUGH,^VERIFICATION SUCCESSFUL$,DIFF,57,FAILED,expected=^VERIFICATION SUCCESSFUL$
nondet_dict7,THOROUGH,^VERIFICATION SUCCESSFUL$,PASS,56,SUCCESSFUL,^VERIFICATION SUCCESSFUL$
nondet_dict8,THOROUGH,^VERIFICATION SUCCESSFUL$,PASS,107,SUCCESSFUL,^VERIFICATION SUCCESSFUL$
nondet_dict9,THOROUGH,^VERIFICATION SUCCESSFUL$,PASS,57,SUCCESSFUL,^VERIFICATION SUCCESSFUL$
nondet_list,CORE,^VERIFICATION SUCCESSFUL$,PASS,66,SUCCESSFUL,^VERIFICATION SUCCESSFUL$
nondet_list10,CORE,^VERIFICATION SUCCESSFUL$,PASS,55,SUCCESSFUL,^VERIFICATION SUCCESSFUL$
nondet_list11,CORE,^VERIFICATION SUCCESSFUL$,PASS,66,SUCCESSFUL,^VERIFICATION SUCCESSFUL$
nondet_list12,CORE,^VERIFICATION SUCCESSFUL$,PASS,73,SUCCESSFUL,^VERIFICATION SUCCESSFUL$
nondet_list13,CORE,^VERIFICATION SUCCESSFUL$,PASS,73,SUCCESSFUL,^VERIFICATION SUCCESSFUL$
nondet_list14,CORE,^VERIFICATION SUCCESSFUL$,DIFF,75,FAILED,expected=^VERIFICATION SUCCESSFUL$
nondet_list15,CORE,^VERIFICATION SUCCESSFUL$,PASS,59,SUCCESSFUL,^VERIFICATION SUCCESSFUL$
nondet_list16,CORE,^VERIFICATION SUCCESSFUL$,PASS,82,SUCCESSFUL,^VERIFICATION SUCCESSFUL$
nondet_list17,CORE,^VERIFICATION SUCCESSFUL$,DIFF,57,FAILED,expected=^VERIFICATION SUCCESSFUL$
nondet_list18,CORE,^VERIFICATION SUCCESSFUL$,DIFF,62,FAILED,expected=^VERIFICATION SUCCESSFUL$
nondet_list18_fail,CORE,^VERIFICATION FAILED$,PASS,56,FAILED,^VERIFICATION FAILED$
nondet_list19,CORE,^VERIFICATION SUCCESSFUL$,PASS,100,SUCCESSFUL,^VERIFICATION SUCCESSFUL$
nondet_list2,CORE,^VERIFICATION SUCCESSFUL$,PASS,67,SUCCESSFUL,^VERIFICATION SUCCESSFUL$
nondet_list20,CORE,^VERIFICATION SUCCESSFUL$,PASS,108,SUCCESSFUL,^VERIFICATION SUCCESSFUL$
nondet_list21,CORE,^VERIFICATION FAILED$,PASS,108,FAILED,^VERIFICATION FAILED$
nondet_list22_fail,CORE,^VERIFICATION FAILED$,PASS,56,FAILED,^VERIFICATION FAILED$
nondet_list3,CORE,^VERIFICATION SUCCESSFUL$,PASS,77,SUCCESSFUL,^VERIFICATION SUCCESSFUL$
nondet_list4,CORE,^VERIFICATION SUCCESSFUL$,DIFF,74,FAILED,expected=^VERIFICATION SUCCESSFUL$
nondet_list5,CORE,^VERIFICATION SUCCESSFUL$,DIFF,76,FAILED,expected=^VERIFICATION SUCCESSFUL$
nondet_list6,CORE,^VERIFICATION SUCCESSFUL$,TIMEOUT,30000,,killed after 30s
nondet_list7,CORE,^VERIFICATION SUCCESSFUL$,PASS,304,SUCCESSFUL,^VERIFICATION SUCCESSFUL$
nondet_list8,CORE,^VERIFICATION SUCCESSFUL$,PASS,64,SUCCESSFUL,^VERIFICATION SUCCESSFUL$
nondet_list9,CORE,^VERIFICATION SUCCESSFUL$,PASS,59,SUCCESSFUL,^VERIFICATION SUCCESSFUL$
nondet_str,CORE,^VERIFICATION SUCCESSFUL$,DIFF,69,FAILED,expected=^VERIFICATION SUCCESSFUL$
nondet_str10,CORE,^VERIFICATION FAILED$,PASS,56,FAILED,^VERIFICATION FAILED$
nondet_str2,CORE,^VERIFICATION SUCCESSFUL$,PASS,55,SUCCESSFUL,^VERIFICATION SUCCESSFUL$
nondet_str3,CORE,^VERIFICATION SUCCESSFUL$,PASS,65,SUCCESSFUL,^VERIFICATION SUCCESSFUL$
nondet_str4,CORE,^VERIFICATION SUCCESSFUL$,PASS,119,SUCCESSFUL,^VERIFICATION SUCCESSFUL$
nondet_str5,CORE,^VERIFICATION SUCCESSFUL$,PASS,50,SUCCESSFUL,^VERIFICATION SUCCESSFUL$
nondet_str6,CORE,^VERIFICATION FAILED$,DIFF,50,SUCCESSFUL,expected=^VERIFICATION FAILED$
nondet_str7,CORE,^VERIFICATION SUCCESSFUL$,PASS,74,SUCCESSFUL,^VERIFICATION SUCCESSFUL$
nondet_str8,CORE,^VERIFICATION FAILED$,PASS,51,FAILED,^VERIFICATION FAILED$
nondet_str9,CORE,^VERIFICATION FAILED$,PASS,53,FAILED,^VERIFICATION FAILED$
nondetuint,CORE,^VERIFICATION SUCCESSFUL$,PASS,50,SUCCESSFUL,^VERIFICATION SUCCESSFUL$
none,CORE,^VERIFICATION SUCCESSFUL$,PASS,49,SUCCESSFUL,^VERIFICATION SUCCESSFUL$
none-fail,CORE,^VERIFICATION FAILED$,PASS,49,FAILED,^VERIFICATION FAILED$
none2,CORE,^VERIFICATION SUCCESSFUL$,PASS,49,SUCCESSFUL,^VERIFICATION SUCCESSFUL$
none3,CORE,^VERIFICATION SUCCESSFUL$,PASS,54,SUCCESSFUL,^VERIFICATION SUCCESSFUL$
none4,CORE,^VERIFICATION SUCCESSFUL$,PASS,53,SUCCESSFUL,^VERIFICATION SUCCESSFUL$
none4_fail,CORE,^VERIFICATION FAILED$,PASS,52,FAILED,^VERIFICATION FAILED$
none_compare1,CORE,^VERIFICATION SUCCESSFUL$,PASS,50,SUCCESSFUL,^VERIFICATION SUCCESSFUL$
none_compare2,CORE,^VERIFICATION SUCCESSFUL$,PASS,51,SUCCESSFUL,^VERIFICATION SUCCESSFUL$
none_compare3,CORE,^VERIFICATION SUCCESSFUL$,PASS,50,SUCCESSFUL,^VERIFICATION SUCCESSFUL$
none_compare4_fail,CORE,^VERIFICATION FAILED$,PASS,50,FAILED,^VERIFICATION FAILED$
none_compare_is,CORE,^VERIFICATION SUCCESSFUL$,DIFF,51,FAILED,expected=^VERIFICATION SUCCESSFUL$
notin2_fail,CORE,^VERIFICATION FAILED$,PASS,51,FAILED,^VERIFICATION FAILED$
notin_fail,CORE,^VERIFICATION FAILED$,PASS,50,FAILED,^VERIFICATION FAILED$
object-empty-not-found,CORE,^VERIFICATION SUCCESSFUL$,DIFF,50,FAILED,expected=^VERIFICATION SUCCESSFUL$
object_passing_comprehensive,CORE,^VERIFICATION SUCCESSFUL$,DIFF,133,FAILED,expected=^VERIFICATION SUCCESSFUL$
object_passing_comprehensive_fail,THOROUGH,^VERIFICATION FAILED$,PASS,134,FAILED,^VERIFICATION FAILED$
optional,CORE,^VERIFICATION SUCCESSFUL$,PASS,51,SUCCESSFUL,^VERIFICATION SUCCESSFUL$
optional2,CORE,^VERIFICATION SUCCESSFUL$,PASS,82,SUCCESSFUL,^VERIFICATION SUCCESSFUL$
optional3,CORE,^VERIFICATION SUCCESSFUL$,DIFF,52,FAILED,expected=^VERIFICATION SUCCESSFUL$
optional3_fail,CORE,^VERIFICATION FAILED$,PASS,53,FAILED,^VERIFICATION FAILED$
optional4,CORE,^VERIFICATION SUCCESSFUL$,PASS,50,SUCCESSFUL,^VERIFICATION SUCCESSFUL$
optional4_fail,CORE,^VERIFICATION FAILED$,PASS,51,FAILED,^VERIFICATION FAILED$
optional5,CORE,^VERIFICATION SUCCESSFUL$,PASS,51,SUCCESSFUL,^VERIFICATION SUCCESSFUL$
optional5_fail,CORE,^VERIFICATION FAILED$,PASS,52,FAILED,^VERIFICATION FAILED$
optional6,CORE,^VERIFICATION SUCCESSFUL$,PASS,51,SUCCESSFUL,^VERIFICATION SUCCESSFUL$
optional6_fail,CORE,^VERIFICATION FAILED$,PASS,52,FAILED,^VERIFICATION FAILED$
optional7,KNOWNBUG,^VERIFICATION SUCCESSFUL$,PASS,92,SUCCESSFUL,^VERIFICATION SUCCESSFUL$
optional_fail,CORE,^VERIFICATION FAILED$,PASS,52,FAILED,^VERIFICATION FAILED$
optional_union,CORE,^VERIFICATION SUCCESSFUL$,PASS,52,SUCCESSFUL,^VERIFICATION SUCCESSFUL$
ord-var,CORE,^VERIFICATION SUCCESSFUL$,DIFF,51,FAILED,expected=^VERIFICATION SUCCESSFUL$
ord-var-int-fail,CORE,TypeError,FAIL,51,FAILED,expected=TypeError
ord-var-multi-byte,CORE,^VERIFICATION SUCCESSFUL$,PASS,51,SUCCESSFUL,^VERIFICATION SUCCESSFUL$
os1_fail,CORE,^VERIFICATION FAILED$,PASS,89,FAILED,^VERIFICATION FAILED$
pass,CORE,^VERIFICATION SUCCESSFUL$,PASS,50,SUCCESSFUL,^VERIFICATION SUCCESSFUL$
pass2,CORE,^VERIFICATION SUCCESSFUL$,PASS,52,SUCCESSFUL,^VERIFICATION SUCCESSFUL$
pass3,CORE,^VERIFICATION SUCCESSFUL$,PASS,50,SUCCESSFUL,^VERIFICATION SUCCESSFUL$
pass4,CORE,^VERIFICATION SUCCESSFUL$,PASS,51,SUCCESSFUL,^VERIFICATION SUCCESSFUL$
polymorphism01,CORE,^VERIFICATION SUCCESSFUL$,PASS,66,SUCCESSFUL,^VERIFICATION SUCCESSFUL$
polymorphism02,CORE,^VERIFICATION SUCCESSFUL$,PASS,69,SUCCESSFUL,^VERIFICATION SUCCESSFUL$
polymorphism02-fail,CORE,^VERIFICATION FAILED$,PASS,75,FAILED,^VERIFICATION FAILED$
power,CORE,^VERIFICATION SUCCESSFUL$,PASS,50,SUCCESSFUL,^VERIFICATION SUCCESSFUL$
power-fail,CORE,^VERIFICATION FAILED$,PASS,50,FAILED,^VERIFICATION FAILED$
power10,CORE,^VERIFICATION SUCCESSFUL$,PASS,50,SUCCESSFUL,^VERIFICATION SUCCESSFUL$
power11,THOROUGH,^VERIFICATION SUCCESSFUL$,PASS,50,SUCCESSFUL,^VERIFICATION SUCCESSFUL$
power12,THOROUGH,^VERIFICATION SUCCESSFUL$,PASS,49,SUCCESSFUL,^VERIFICATION SUCCESSFUL$
power13,THOROUGH,^VERIFICATION SUCCESSFUL$,PASS,50,SUCCESSFUL,^VERIFICATION SUCCESSFUL$
power14,THOROUGH,^VERIFICATION SUCCESSFUL$,DIFF,51,FAILED,expected=^VERIFICATION SUCCESSFUL$
power15,THOROUGH,^VERIFICATION SUCCESSFUL$,PASS,50,SUCCESSFUL,^VERIFICATION SUCCESSFUL$
power16,CORE,^VERIFICATION SUCCESSFUL$,DIFF,52,FAILED,expected=^VERIFICATION SUCCESSFUL$
power17-fail,CORE,^VERIFICATION FAILED$,PASS,51,FAILED,^VERIFICATION FAILED$
power18,CORE,^VERIFICATION SUCCESSFUL$,DIFF,101,FAILED,expected=^VERIFICATION SUCCESSFUL$
power19,CORE,^VERIFICATION SUCCESSFUL$,PASS,100,SUCCESSFUL,^VERIFICATION SUCCESSFUL$
power2,CORE,^VERIFICATION SUCCESSFUL$,PASS,51,SUCCESSFUL,^VERIFICATION SUCCESSFUL$
power20,CORE,^VERIFICATION SUCCESSFUL$,DIFF,52,FAILED,expected=^VERIFICATION SUCCESSFUL$
power21_fail,THOROUGH,^VERIFICATION FAILED$,PASS,100,FAILED,^VERIFICATION FAILED$
power22,CORE,^VERIFICATION SUCCESSFUL$,DIFF,100,FAILED,expected=^VERIFICATION SUCCESSFUL$
power3,CORE,^VERIFICATION SUCCESSFUL$,PASS,51,SUCCESSFUL,^VERIFICATION SUCCESSFUL$
power4,CORE,^VERIFICATION SUCCESSFUL$,PASS,51,SUCCESSFUL,^VERIFICATION SUCCESSFUL$
power5-fail,CORE,^VERIFICATION FAILED$,PASS,51,FAILED,^VERIFICATION FAILED$
power6,CORE,^VERIFICATION SUCCESSFUL$,PASS,51,SUCCESSFUL,^VERIFICATION SUCCESSFUL$
power7,CORE,^VERIFICATION SUCCESSFUL$,PASS,51,SUCCESSFUL,^VERIFICATION SUCCESSFUL$
power8,CORE,^VERIFICATION SUCCESSFUL$,DIFF,52,FAILED,expected=^VERIFICATION SUCCESSFUL$
power9,CORE,^VERIFICATION SUCCESSFUL$,PASS,50,SUCCESSFUL,^VERIFICATION SUCCESSFUL$
power_large_exponent,CORE,^VERIFICATION SUCCESSFUL$,PASS,51,SUCCESSFUL,^VERIFICATION SUCCESSFUL$
power_large_exponent_fail,CORE,^VERIFICATION FAILED$,PASS,50,FAILED,^VERIFICATION FAILED$
precedence,CORE,^VERIFICATION SUCCESSFUL$,PASS,57,SUCCESSFUL,^VERIFICATION SUCCESSFUL$
precedence2,CORE,^VERIFICATION SUCCESSFUL$,PASS,62,SUCCESSFUL,^VERIFICATION SUCCESSFUL$
print1-fail,CORE,^VERIFICATION FAILED$,DIFF,50,SUCCESSFUL,expected=^VERIFICATION FAILED$
print1_expr_fail,CORE,^VERIFICATION FAILED$,DIFF,50,SUCCESSFUL,expected=^VERIFICATION FAILED$
print1_nested_fail,CORE,^VERIFICATION FAILED$,DIFF,50,SUCCESSFUL,expected=^VERIFICATION FAILED$
print1_safe,CORE,^VERIFICATION SUCCESSFUL$,PASS,49,SUCCESSFUL,^VERIFICATION SUCCESSFUL$
print_call_and_arith_fail,CORE,^VERIFICATION FAILED$,DIFF,53,SUCCESSFUL,expected=^VERIFICATION FAILED$
question_1_002,THOROUGH,^VERIFICATION SUCCESSFUL$,PASS,92,SUCCESSFUL,^VERIFICATION SUCCESSFUL$
question_1_002_fail,THOROUGH,^VERIFICATION FAILED$,PASS,102,FAILED,^VERIFICATION FAILED$
random1,CORE,^VERIFICATION FAILED$,DIFF,146,SUCCESSFUL,expected=^VERIFICATION FAILED$
random1-fail,CORE,^VERIFICATION FAILED$,PASS,93,FAILED,^VERIFICATION FAILED$
random2,CORE,^VERIFICATION SUCCESSFUL$,DIFF,92,FAILED,expected=^VERIFICATION SUCCESSFUL$
random2-fail,THOROUGH,^VERIFICATION FAILED$,DIFF,91,SUCCESSFUL,expected=^VERIFICATION FAILED$
random3,CORE,^VERIFICATION SUCCESSFUL$,DIFF,97,FAILED,expected=^VERIFICATION SUCCESSFUL$
random4_fail,CORE,^VERIFICATION FAILED$,PASS,49,FAILED,^VERIFICATION FAILED$
random5,CORE,^VERIFICATION SUCCESSFUL$,PASS,91,SUCCESSFUL,^VERIFICATION SUCCESSFUL$
random6_fail,CORE,^VERIFICATION FAILED$,PASS,92,FAILED,^VERIFICATION FAILED$
random7,CORE,^VERIFICATION SUCCESSFUL$,DIFF,92,FAILED,expected=^VERIFICATION SUCCESSFUL$
randrange,THOROUGH,^VERIFICATION SUCCESSFUL$,DIFF,100,FAILED,expected=^VERIFICATION SUCCESSFUL$
randrange2,CORE,^VERIFICATION SUCCESSFUL$,DIFF,93,FAILED,expected=^VERIFICATION SUCCESSFUL$
randrange_fail,CORE,^VERIFICATION FAILED$,PASS,93,FAILED,^VERIFICATION FAILED$
range,CORE,^VERIFICATION SUCCESSFUL$,PASS,50,SUCCESSFUL,^VERIFICATION SUCCESSFUL$
range-fail,CORE,^VERIFICATION FAILED$,PASS,50,FAILED,^VERIFICATION FAILED$
range10,CORE,^VERIFICATION SUCCESSFUL$,PASS,49,SUCCESSFUL,^VERIFICATION SUCCESSFUL$
range11,CORE,^VERIFICATION SUCCESSFUL$,PASS,50,SUCCESSFUL,^VERIFICATION SUCCESSFUL$
range12,CORE,^VERIFICATION SUCCESSFUL$,PASS,48,SUCCESSFUL,^VERIFICATION SUCCESSFUL$
range13,CORE,^VERIFICATION SUCCESSFUL$,PASS,50,SUCCESSFUL,^VERIFICATION SUCCESSFUL$
range14,CORE,^VERIFICATION SUCCESSFUL$,PASS,49,SUCCESSFUL,^VERIFICATION SUCCESSFUL$
range15,CORE,^VERIFICATION SUCCESSFUL$,PASS,51,SUCCESSFUL,^VERIFICATION SUCCESSFUL$
range16,CORE,^VERIFICATION SUCCESSFUL$,PASS,50,SUCCESSFUL,^VERIFICATION SUCCESSFUL$
range17,CORE,^VERIFICATION SUCCESSFUL$,PASS,51,SUCCESSFUL,^VERIFICATION SUCCESSFUL$
range18,CORE,^VERIFICATION SUCCESSFUL$,PASS,69,SUCCESSFUL,^VERIFICATION SUCCESSFUL$
range18_fail,THOROUGH,^VERIFICATION FAILED$,PASS,71,FAILED,^VERIFICATION FAILED$
range19-nondet,CORE,^VERIFICATION SUCCESSFUL$,PASS,94,SUCCESSFUL,^VERIFICATION SUCCESSFUL$
range19_2,CORE,^VERIFICATION SUCCESSFUL$,PASS,94,SUCCESSFUL,^VERIFICATION SUCCESSFUL$
range19_2_fail,CORE,^VERIFICATION FAILED$,PASS,93,FAILED,^VERIFICATION FAILED$
range19_fail,CORE,^VERIFICATION FAILED$,PASS,95,FAILED,^VERIFICATION FAILED$
range2,CORE,^VERIFICATION SUCCESSFUL$,PASS,51,SUCCESSFUL,^VERIFICATION SUCCESSFUL$
range2-fail,CORE,^ValueError\: range\(\) arg 3 must not be zero$,FAIL,51,SUCCESSFUL,expected=^ValueError\: range\(\) arg 3 must not be zero$
range20_fail,CORE,"^SyntaxError\: range expected at least 1 argument, got 0$",FAIL,48,SUCCESSFUL,"expected=^SyntaxError\: range expected at least 1 argument, got 0$"
range21_fail,CORE,"^SyntaxError\: range expected at most 3 arguments, got 4$",FAIL,52,SUCCESSFUL,"expected=^SyntaxError\: range expected at most 3 arguments, got 4$"
range22_fail,CORE,^ValueError: range\(\) arg 3 must not be zero$,FAIL,52,SUCCESSFUL,expected=^ValueError: range\(\) arg 3 must not be zero$
range23_fail,CORE,^  step != 0$,FAIL,51,SUCCESSFUL,expected=^  step != 0$
range24,CORE,^VERIFICATION SUCCESSFUL$,PASS,59,SUCCESSFUL,^VERIFICATION SUCCESSFUL$
range24_fail,CORE,^VERIFICATION FAILED$,PASS,59,FAILED,^VERIFICATION FAILED$
range25,CORE,^VERIFICATION SUCCESSFUL$,PASS,58,SUCCESSFUL,^VERIFICATION SUCCESSFUL$
range25_fail,CORE,^VERIFICATION FAILED$,PASS,59,FAILED,^VERIFICATION FAILED$
range26,CORE,^VERIFICATION SUCCESSFUL$,PASS,58,SUCCESSFUL,^VERIFICATION SUCCESSFUL$
range26_fail,CORE,^VERIFICATION FAILED$,PASS,58,FAILED,^VERIFICATION FAILED$
range27,CORE,^VERIFICATION SUCCESSFUL$,PASS,57,SUCCESSFUL,^VERIFICATION SUCCESSFUL$
range27_fail,CORE,^VERIFICATION FAILED$,PASS,57,FAILED,^VERIFICATION FAILED$
range28,CORE,^VERIFICATION SUCCESSFUL$,DIFF,68,FAILED,expected=^VERIFICATION SUCCESSFUL$
range28_fail,CORE,^VERIFICATION FAILED$,PASS,72,FAILED,^VERIFICATION FAILED$
range29,CORE,^VERIFICATION SUCCESSFUL$,PASS,61,SUCCESSFUL,^VERIFICATION SUCCESSFUL$
range29_fail,CORE,^VERIFICATION FAILED$,PASS,58,FAILED,^VERIFICATION FAILED$
range3,CORE,^VERIFICATION SUCCESSFUL$,PASS,50,SUCCESSFUL,^VERIFICATION SUCCESSFUL$
range3-fail,CORE,^VERIFICATION FAILED$,PASS,51,FAILED,^VERIFICATION FAILED$
range30,CORE,^VERIFICATION SUCCESSFUL$,PASS,59,SUCCESSFUL,^VERIFICATION SUCCESSFUL$
range30_fail,CORE,^VERIFICATION FAILED$,PASS,59,FAILED,^VERIFICATION FAILED$
range31,CORE,^VERIFICATION SUCCESSFUL$,PASS,59,SUCCESSFUL,^VERIFICATION SUCCESSFUL$
range31_fail,CORE,^VERIFICATION FAILED$,PASS,65,FAILED,^VERIFICATION FAILED$
range32,CORE,^VERIFICATION SUCCESSFUL$,PASS,56,SUCCESSFUL,^VERIFICATION SUCCESSFUL$
range32_fail,CORE,^VERIFICATION FAILED$,PASS,57,FAILED,^VERIFICATION FAILED$
range33,CORE,^VERIFICATION SUCCESSFUL$,DIFF,69,FAILED,expected=^VERIFICATION SUCCESSFUL$
range33_fail,CORE,^VERIFICATION FAILED$,PASS,69,FAILED,^VERIFICATION FAILED$
range34,CORE,^VERIFICATION SUCCESSFUL$,PASS,68,SUCCESSFUL,^VERIFICATION SUCCESSFUL$
range34_fail,CORE,^VERIFICATION FAILED$,PASS,69,FAILED,^VERIFICATION FAILED$
range35,CORE,^VERIFICATION SUCCESSFUL$,PASS,63,SUCCESSFUL,^VERIFICATION SUCCESSFUL$
range36-nondet,CORE,^VERIFICATION SUCCESSFUL$,DIFF,83,FAILED,expected=^VERIFICATION SUCCESSFUL$
range4,CORE,^VERIFICATION SUCCESSFUL$,PASS,49,SUCCESSFUL,^VERIFICATION SUCCESSFUL$
range5,CORE,^VERIFICATION SUCCESSFUL$,PASS,48,SUCCESSFUL,^VERIFICATION SUCCESSFUL$
range6,CORE,^VERIFICATION SUCCESSFUL$,PASS,50,SUCCESSFUL,^VERIFICATION SUCCESSFUL$
range7,CORE,^VERIFICATION SUCCESSFUL$,PASS,50,SUCCESSFUL,^VERIFICATION SUCCESSFUL$
range8,CORE,^VERIFICATION SUCCESSFUL$,PASS,49,SUCCESSFUL,^VERIFICATION SUCCESSFUL$
range_int_cast,CORE,,UNKNOWN,50,SUCCESSFUL,no expected regex
re1,CORE,^VERIFICATION SUCCESSFUL$,DIFF,105,FAILED,expected=^VERIFICATION SUCCESSFUL$
re10,CORE,^VERIFICATION SUCCESSFUL$,DIFF,96,FAILED,expected=^VERIFICATION SUCCESSFUL$
re10_fail,CORE,^VERIFICATION FAILED$,DIFF,184,SUCCESSFUL,expected=^VERIFICATION FAILED$
re11,THOROUGH,^VERIFICATION SUCCESSFUL$,DIFF,139,FAILED,expected=^VERIFICATION SUCCESSFUL$
re12,CORE,^VERIFICATION SUCCESSFUL$,DIFF,127,FAILED,expected=^VERIFICATION SUCCESSFUL$
re13_fail,CORE,^VERIFICATION FAILED$,PASS,120,FAILED,^VERIFICATION FAILED$
re2,CORE,^VERIFICATION SUCCESSFUL$,PASS,97,SUCCESSFUL,^VERIFICATION SUCCESSFUL$
re3,THOROUGH,^VERIFICATION SUCCESSFUL$,DIFF,97,FAILED,expected=^VERIFICATION SUCCESSFUL$
re4,THOROUGH,^VERIFICATION SUCCESSFUL$,DIFF,100,FAILED,expected=^VERIFICATION SUCCESSFUL$
re5,THOROUGH,^VERIFICATION SUCCESSFUL$,DIFF,105,FAILED,expected=^VERIFICATION SUCCESSFUL$
re6,THOROUGH,^VERIFICATION SUCCESSFUL$,PASS,96,SUCCESSFUL,^VERIFICATION SUCCESSFUL$
re7_fail,THOROUGH,^VERIFICATION FAILED$,DIFF,112,SUCCESSFUL,expected=^VERIFICATION FAILED$
re8,THOROUGH,^VERIFICATION SUCCESSFUL$,DIFF,106,FAILED,expected=^VERIFICATION SUCCESSFUL$
re9,THOROUGH,^VERIFICATION SUCCESSFUL$,DIFF,111,FAILED,expected=^VERIFICATION SUCCESSFUL$
recursion,CORE,,UNKNOWN,64,SUCCESSFUL,no expected regex
recursion-fail,CORE,,UNKNOWN,162,FAILED,no expected regex
recursion10_fail,CORE,^VERIFICATION FAILED$,PASS,59,FAILED,^VERIFICATION FAILED$
recursion11_nondet,CORE,^VERIFICATION FAILED$,PASS,160,FAILED,^VERIFICATION FAILED$
recursion1_fail,CORE,^VERIFICATION FAILED$,PASS,59,FAILED,^VERIFICATION FAILED$
recursion2,CORE,^VERIFICATION SUCCESSFUL$,PASS,55,SUCCESSFUL,^VERIFICATION SUCCESSFUL$
recursion3,CORE,^VERIFICATION SUCCESSFUL$,PASS,51,SUCCESSFUL,^VERIFICATION SUCCESSFUL$
recursion4,CORE,^VERIFICATION SUCCESSFUL$,PASS,53,SUCCESSFUL,^VERIFICATION SUCCESSFUL$
recursion5,CORE,^VERIFICATION SUCCESSFUL$,PASS,52,SUCCESSFUL,^VERIFICATION SUCCESSFUL$
recursion6,CORE,^VERIFICATION SUCCESSFUL$,PASS,51,SUCCESSFUL,^VERIFICATION SUCCESSFUL$
recursion7,CORE,^VERIFICATION SUCCESSFUL$,PASS,52,SUCCESSFUL,^VERIFICATION SUCCESSFUL$
recursion9_fail,CORE,^VERIFICATION FAILED$,PASS,52,FAILED,^VERIFICATION FAILED$
recursive,CORE,^VERIFICATION SUCCESSFUL$,PASS,263,SUCCESSFUL,^VERIFICATION SUCCESSFUL$
recursive_join_genexp,CORE,^VERIFICATION SUCCESSFUL$,PASS,194,SUCCESSFUL,^VERIFICATION SUCCESSFUL$
redundancy,CORE,^VERIFICATION SUCCESSFUL$,PASS,103,SUCCESSFUL,^VERIFICATION SUCCESSFUL$
return1,CORE,^VERIFICATION SUCCESSFUL$,PASS,50,SUCCESSFUL,^VERIFICATION SUCCESSFUL$
return10,CORE,^VERIFICATION SUCCESSFUL$,PASS,52,SUCCESSFUL,^VERIFICATION SUCCESSFUL$
return10_2,CORE,^VERIFICATION SUCCESSFUL$,PASS,50,SUCCESSFUL,^VERIFICATION SUCCESSFUL$
return11,CORE,^VERIFICATION SUCCESSFUL$,PASS,55,SUCCESSFUL,^VERIFICATION SUCCESSFUL$
return12,CORE,^VERIFICATION SUCCESSFUL$,PASS,50,SUCCESSFUL,^VERIFICATION SUCCESSFUL$
return13-fail,CORE,^VERIFICATION FAILED$,PASS,51,FAILED,^VERIFICATION FAILED$
return2,CORE,^VERIFICATION SUCCESSFUL$,PASS,50,SUCCESSFUL,^VERIFICATION SUCCESSFUL$
return3,CORE,^VERIFICATION SUCCESSFUL$,PASS,52,SUCCESSFUL,^VERIFICATION SUCCESSFUL$
return4,THOROUGH,^VERIFICATION SUCCESSFUL$,PASS,54,SUCCESSFUL,^VERIFICATION SUCCESSFUL$
return4_fail,THOROUGH,^VERIFICATION FAILED$,PASS,62,FAILED,^VERIFICATION FAILED$
return5,CORE,^VERIFICATION SUCCESSFUL$,PASS,50,SUCCESSFUL,^VERIFICATION SUCCESSFUL$
return6,CORE,^VERIFICATION SUCCESSFUL$,PASS,52,SUCCESSFUL,^VERIFICATION SUCCESSFUL$
return7,CORE,^VERIFICATION SUCCESSFUL$,PASS,52,SUCCESSFUL,^VERIFICATION SUCCESSFUL$
return8,CORE,^VERIFICATION SUCCESSFUL$,PASS,50,SUCCESSFUL,^VERIFICATION SUCCESSFUL$
return9-fail,CORE,^ERROR: NameError: name 'UnknownType' is not defined$,FAIL,50,SUCCESSFUL,expected=^ERROR: NameError: name 'UnknownType' is not defined$
reversed1,CORE,^VERIFICATION SUCCESSFUL$,PASS,113,SUCCESSFUL,^VERIFICATION SUCCESSFUL$
rover,KNOWNBUG,^VERIFICATION SUCCESSFUL$,PASS,1012,SUCCESSFUL,^VERIFICATION SUCCESSFUL$
search1,THOROUGH,^VERIFICATION SUCCESSFUL$,PASS,56,SUCCESSFUL,^VERIFICATION SUCCESSFUL$
search1_fail,THOROUGH,^VERIFICATION FAILED$,PASS,62,FAILED,^VERIFICATION FAILED$
search2,THOROUGH,^VERIFICATION SUCCESSFUL$,PASS,86,SUCCESSFUL,^VERIFICATION SUCCESSFUL$
search2_fail,THOROUGH,^VERIFICATION FAILED$,PASS,85,FAILED,^VERIFICATION FAILED$
search3,THOROUGH,^VERIFICATION SUCCESSFUL$,PASS,81,SUCCESSFUL,^VERIFICATION SUCCESSFUL$
search4,THOROUGH,^VERIFICATION SUCCESSFUL$,PASS,99,SUCCESSFUL,^VERIFICATION SUCCESSFUL$
search4_fail,THOROUGH,^VERIFICATION FAILED$,PASS,111,FAILED,^VERIFICATION FAILED$
sequence,CORE,^VERIFICATION SUCCESSFUL$,PASS,51,SUCCESSFUL,^VERIFICATION SUCCESSFUL$
sequence_2,CORE,^VERIFICATION SUCCESSFUL$,PASS,156,SUCCESSFUL,^VERIFICATION SUCCESSFUL$
sequence_2_fail,CORE,^VERIFICATION FAILED$,PASS,53,FAILED,^VERIFICATION FAILED$
sequence_3,CORE,^VERIFICATION SUCCESSFUL$,DIFF,73,FAILED,expected=^VERIFICATION SUCCESSFUL$
sequence_3_fail,CORE,^VERIFICATION FAILED$,PASS,73,FAILED,^VERIFICATION FAILED$
sequence_4,CORE,^VERIFICATION SUCCESSFUL$,DIFF,90,FAILED,expected=^VERIFICATION SUCCESSFUL$
sequence_4_fail,CORE,^VERIFICATION FAILED$,PASS,98,FAILED,^VERIFICATION FAILED$
sequence_fail,CORE,^VERIFICATION FAILED$,PASS,52,FAILED,^VERIFICATION FAILED$
set_difference,CORE,^VERIFICATION SUCCESSFUL$,PASS,53,SUCCESSFUL,^VERIFICATION SUCCESSFUL$
set_difference_fail,THOROUGH,^VERIFICATION FAILED$,PASS,52,FAILED,^VERIFICATION FAILED$
set_eq_order,THOROUGH,^VERIFICATION SUCCESSFUL$,DIFF,11832,FAILED,expected=^VERIFICATION SUCCESSFUL$
set_from_list,CORE,,UNKNOWN,1725,SUCCESSFUL,no expected regex
set_from_param,CORE,,UNKNOWN,55,FAILED,no expected regex
set_from_string,CORE,,UNKNOWN,63,FAILED,no expected regex
set_intersection,CORE,^VERIFICATION SUCCESSFUL$,PASS,52,SUCCESSFUL,^VERIFICATION SUCCESSFUL$
set_intersection_fail,THOROUGH,^VERIFICATION FAILED$,PASS,52,FAILED,^VERIFICATION FAILED$
shedskin,KNOWNBUG,^VERIFICATION SUCCESSFUL$,TIMEOUT,30000,,killed after 30s
single-char1,CORE,^VERIFICATION SUCCESSFUL$,PASS,51,SUCCESSFUL,^VERIFICATION SUCCESSFUL$
single-char1_fail,CORE,^VERIFICATION FAILED$,PASS,53,FAILED,^VERIFICATION FAILED$
sleep,CORE,^VERIFICATION SUCCESSFUL$,PASS,266,SUCCESSFUL,^VERIFICATION SUCCESSFUL$
sleep_fail,CORE,^VERIFICATION FAILED$,PASS,89,FAILED,^VERIFICATION FAILED$
slicing,THOROUGH,^VERIFICATION SUCCESSFUL$,PASS,92,SUCCESSFUL,^VERIFICATION SUCCESSFUL$
slicing-bounds-fail,CORE,^  out-of-bounds read in list$,FAIL,66,FAILED,expected=^  out-of-bounds read in list$
slicing-fail,THOROUGH,^VERIFICATION FAILED$,PASS,68,FAILED,^VERIFICATION FAILED$
sorted,CORE,^VERIFICATION SUCCESSFUL$,PASS,60,SUCCESSFUL,^VERIFICATION SUCCESSFUL$
sorted2,THOROUGH,^VERIFICATION SUCCESSFUL$,PASS,78,SUCCESSFUL,^VERIFICATION SUCCESSFUL$
sorted3,CORE,^VERIFICATION SUCCESSFUL$,PASS,2390,SUCCESSFUL,^VERIFICATION SUCCESSFUL$
sorted3_fail,CORE,^VERIFICATION FAILED$,PASS,2393,FAILED,^VERIFICATION FAILED$
sorted4,CORE,^VERIFICATION SUCCESSFUL$,TIMEOUT,30000,,killed after 30s
sorted4_fail,CORE,^VERIFICATION FAILED$,TIMEOUT,30000,,killed after 30s
sorted5,CORE,^VERIFICATION SUCCESSFUL$,PASS,53,SUCCESSFUL,^VERIFICATION SUCCESSFUL$
sorted6,CORE,^VERIFICATION SUCCESSFUL$,PASS,2391,SUCCESSFUL,^VERIFICATION SUCCESSFUL$
sorted7,CORE,^VERIFICATION SUCCESSFUL$,PASS,2338,SUCCESSFUL,^VERIFICATION SUCCESSFUL$
sorted_fail,CORE,^VERIFICATION FAILED$,PASS,57,FAILED,^VERIFICATION FAILED$
sqrt,THOROUGH,^VERIFICATION SUCCESSFUL$,PASS,159,SUCCESSFUL,^VERIFICATION SUCCESSFUL$
sqrt2,CORE,^VERIFICATION SUCCESSFUL$,PASS,50,SUCCESSFUL,^VERIFICATION SUCCESSFUL$
sqrt3,CORE,^VERIFICATION SUCCESSFUL$,PASS,49,SUCCESSFUL,^VERIFICATION SUCCESSFUL$
sqrt4,CORE,^VERIFICATION SUCCESSFUL$,PASS,50,SUCCESSFUL,^VERIFICATION SUCCESSFUL$
sqrt5,CORE,^VERIFICATION SUCCESSFUL$,DIFF,376,FAILED,expected=^VERIFICATION SUCCESSFUL$
sqrt_fail,CORE,^VERIFICATION FAILED$,PASS,105,FAILED,^VERIFICATION FAILED$
str-concat1,CORE,^VERIFICATION SUCCESSFUL$,PASS,54,SUCCESSFUL,^VERIFICATION SUCCESSFUL$
str-concat2,CORE,^VERIFICATION SUCCESSFUL$,PASS,53,SUCCESSFUL,^VERIFICATION SUCCESSFUL$
str-find,CORE,,UNKNOWN,51,SUCCESSFUL,no expected regex
str-find_fail,CORE,,UNKNOWN,51,FAILED,no expected regex
str1,CORE,^VERIFICATION SUCCESSFUL$,PASS,50,SUCCESSFUL,^VERIFICATION SUCCESSFUL$
str2,CORE,^VERIFICATION SUCCESSFUL$,PASS,56,SUCCESSFUL,^VERIFICATION SUCCESSFUL$
strict-type-checking_fail,CORE,^VERIFICATION FAILED$,DIFF,53,SUCCESSFUL,expected=^VERIFICATION FAILED$
string-annotation,CORE,^VERIFICATION SUCCESSFUL$,DIFF,64,FAILED,expected=^VERIFICATION SUCCESSFUL$
string-annotation_fail,CORE,^VERIFICATION FAILED$,PASS,70,FAILED,^VERIFICATION FAILED$
string-augmented-concat,CORE,,UNKNOWN,50,SUCCESSFUL,no expected regex
string-augmented-repeat,CORE,,UNKNOWN,57,FAILED,no expected regex
string-basic-1,CORE,^VERIFICATION SUCCESSFUL$,PASS,50,SUCCESSFUL,^VERIFICATION SUCCESSFUL$
string-basic-2,CORE,^VERIFICATION SUCCESSFUL$,PASS,53,SUCCESSFUL,^VERIFICATION SUCCESSFUL$
string-basic-3,CORE,^VERIFICATION SUCCESSFUL$,PASS,52,SUCCESSFUL,^VERIFICATION SUCCESSFUL$
string-basic-4,CORE,^VERIFICATION SUCCESSFUL$,PASS,52,SUCCESSFUL,^VERIFICATION SUCCESSFUL$
string-basic-5,CORE,^VERIFICATION SUCCESSFUL$,PASS,50,SUCCESSFUL,^VERIFICATION SUCCESSFUL$
string-basic-6,CORE,^VERIFICATION SUCCESSFUL$,PASS,54,SUCCESSFUL,^VERIFICATION SUCCESSFUL$
string-basic-7,CORE,^VERIFICATION SUCCESSFUL$,PASS,51,SUCCESSFUL,^VERIFICATION SUCCESSFUL$
string-basic-8,CORE,^VERIFICATION SUCCESSFUL$,PASS,55,SUCCESSFUL,^VERIFICATION SUCCESSFUL$
string-capitalize,CORE,,UNKNOWN,52,SUCCESSFUL,no expected regex
string-capitalize-already,CORE,,UNKNOWN,52,SUCCESSFUL,no expected regex
string-capitalize-empty,CORE,,UNKNOWN,52,SUCCESSFUL,no expected regex
string-capitalize-nonalpha,CORE,,UNKNOWN,50,SUCCESSFUL,no expected regex
string-case-methods,CORE,,UNKNOWN,52,SUCCESSFUL,no expected regex
string-casefold,CORE,,UNKNOWN,52,SUCCESSFUL,no expected regex
string-casefold-accent,CORE,,UNKNOWN,55,FAILED,no expected regex
string-casefold-empty,CORE,,UNKNOWN,54,SUCCESSFUL,no expected regex
string-casefold-lower,CORE,,UNKNOWN,51,SUCCESSFUL,no expected regex
string-casefold-nonalpha,CORE,,UNKNOWN,55,SUCCESSFUL,no expected regex
string-center,CORE,,UNKNOWN,51,SUCCESSFUL,no expected regex
string-center-empty,CORE,,UNKNOWN,51,SUCCESSFUL,no expected regex
string-center-even,CORE,,UNKNOWN,54,SUCCESSFUL,no expected regex
string-center-narrow,CORE,,UNKNOWN,51,SUCCESSFUL,no expected regex
string-char-case,CORE,,UNKNOWN,52,SUCCESSFUL,no expected regex
string-char-fail,CORE,,UNKNOWN,50,FAILED,no expected regex
string-char-ord-chr,CORE,,UNKNOWN,54,FAILED,no expected regex
string-char-special,CORE,,UNKNOWN,59,SUCCESSFUL,no expected regex
string-char-success,CORE,,UNKNOWN,51,SUCCESSFUL,no expected regex
string-char-symbolic-fail,CORE,,UNKNOWN,53,FAILED,no expected regex
string-char-symbolic-success,CORE,,TOERR,83,,"exit=6; no expected regex, no verdict"
string-comparison,CORE,,UNKNOWN,54,SUCCESSFUL,no expected regex
string-comparison-fail,CORE,,UNKNOWN,49,FAILED,no expected regex
string-concat,CORE,^VERIFICATION SUCCESSFUL$,PASS,52,SUCCESSFUL,^VERIFICATION SUCCESSFUL$
string-concat-type-fail,CORE,,UNKNOWN,49,FAILED,no expected regex
string-concat10,CORE,^VERIFICATION SUCCESSFUL$,PASS,50,SUCCESSFUL,^VERIFICATION SUCCESSFUL$
string-concat11,CORE,^VERIFICATION SUCCESSFUL$,PASS,51,SUCCESSFUL,^VERIFICATION SUCCESSFUL$
string-concat12,CORE,^VERIFICATION SUCCESSFUL$,PASS,87,SUCCESSFUL,^VERIFICATION SUCCESSFUL$
string-concat13,CORE,^VERIFICATION SUCCESSFUL$,TOERR,94,,exit=6; expected=^VERIFICATION SUCCESSFUL$
string-concat13_fail,CORE,^VERIFICATION FAILED$,TOERR,101,,exit=6; expected=^VERIFICATION FAILED$
string-concat2,CORE,^VERIFICATION SUCCESSFUL$,PASS,53,SUCCESSFUL,^VERIFICATION SUCCESSFUL$
string-concat3,CORE,^VERIFICATION SUCCESSFUL$,PASS,50,SUCCESSFUL,^VERIFICATION SUCCESSFUL$
string-concat4,CORE,^VERIFICATION SUCCESSFUL$,DIFF,51,FAILED,expected=^VERIFICATION SUCCESSFUL$
string-concat5,CORE,^VERIFICATION SUCCESSFUL$,DIFF,57,FAILED,expected=^VERIFICATION SUCCESSFUL$
string-concat6,CORE,^VERIFICATION SUCCESSFUL$,DIFF,66,FAILED,expected=^VERIFICATION SUCCESSFUL$
string-concat7,CORE,^VERIFICATION SUCCESSFUL$,PASS,53,SUCCESSFUL,^VERIFICATION SUCCESSFUL$
string-concat8,CORE,^VERIFICATION SUCCESSFUL$,PASS,50,SUCCESSFUL,^VERIFICATION SUCCESSFUL$
string-concat9,CORE,^VERIFICATION SUCCESSFUL$,PASS,50,SUCCESSFUL,^VERIFICATION SUCCESSFUL$
string-count,CORE,,UNKNOWN,50,SUCCESSFUL,no expected regex
string-count-absent,CORE,,UNKNOWN,51,SUCCESSFUL,no expected regex
string-count-empty,CORE,,UNKNOWN,55,SUCCESSFUL,no expected regex
string-count-overlap,CORE,,UNKNOWN,50,SUCCESSFUL,no expected regex
string-count-range,CORE,,UNKNOWN,49,SUCCESSFUL,no expected regex
string-empty-edge,CORE,,UNKNOWN,56,SUCCESSFUL,no expected regex
string-endswith,THOROUGH,^VERIFICATION SUCCESSFUL$,PASS,54,SUCCESSFUL,^VERIFICATION SUCCESSFUL$
string-escape-1,CORE,,UNKNOWN,53,SUCCESSFUL,no expected regex
string-expandtabs,CORE,,UNKNOWN,50,SUCCESSFUL,no expected regex
string-expandtabs-default,CORE,,UNKNOWN,50,SUCCESSFUL,no expected regex
string-expandtabs-multiple,CORE,,UNKNOWN,51,SUCCESSFUL,no expected regex
string-expandtabs-none,CORE,,UNKNOWN,51,SUCCESSFUL,no expected regex
string-find-basic,CORE,,UNKNOWN,51,SUCCESSFUL,no expected regex
string-find-range,CORE,^VERIFICATION SUCCESSFUL$,PASS,52,SUCCESSFUL,^VERIFICATION SUCCESSFUL$
string-format,CORE,,UNKNOWN,52,SUCCESSFUL,no expected regex
string-format-bool,CORE,,TOERR,66,,"exit=6; no expected regex, no verdict"
string-format-escape,CORE,,UNKNOWN,58,FAILED,no expected regex
string-format-escape-mixed,CORE,,TOERR,70,,"exit=6; no expected regex, no verdict"
string-format-extra,CORE,,UNKNOWN,52,SUCCESSFUL,no expected regex
string-format-index-oob_fail,CORE,,UNKNOWN,49,SUCCESSFUL,no expected regex
string-format-indexed,CORE,,UNKNOWN,50,SUCCESSFUL,no expected regex
string-format-map,CORE,,TOERR,61,,"exit=6; no expected regex, no verdict"
string-format-map-empty_fail,CORE,,UNKNOWN,50,SUCCESSFUL,no expected regex
string-format-map-missing-key_fail,CORE,,UNKNOWN,49,SUCCESSFUL,no expected regex
string-format-missing-arg_fail,CORE,,UNKNOWN,49,SUCCESSFUL,no expected regex
string-format-missing-key_fail,CORE,,UNKNOWN,51,SUCCESSFUL,no expected regex
string-format-multiple,CORE,,TOERR,76,,"exit=6; no expected regex, no verdict"
string-format-named,CORE,,TOERR,68,,"exit=6; no expected regex, no verdict"
string-format-none,CORE,,UNKNOWN,52,FAILED,no expected regex
string-format-number,CORE,,UNKNOWN,51,SUCCESSFUL,no expected regex
string-immutable-fail,CORE,,UNKNOWN,50,FAILED,no expected regex
string-in,THOROUGH,^VERIFICATION SUCCESSFUL$,PASS,55,SUCCESSFUL,^VERIFICATION SUCCESSFUL$
string-in-operator,CORE,,UNKNOWN,54,SUCCESSFUL,no expected regex
string-index-char,CORE,^VERIFICATION SUCCESSFUL$,PASS,53,SUCCESSFUL,^VERIFICATION SUCCESSFUL$
string-index-char_fail,CORE,^VERIFICATION FAILED$,PASS,51,FAILED,^VERIFICATION FAILED$
string-index-edge,CORE,^VERIFICATION SUCCESSFUL$,PASS,52,SUCCESSFUL,^VERIFICATION SUCCESSFUL$
string-index-edge_fail,CORE,^VERIFICATION FAILED$,PASS,50,FAILED,^VERIFICATION FAILED$
string-index-empty,CORE,^VERIFICATION SUCCESSFUL$,PASS,51,SUCCESSFUL,^VERIFICATION SUCCESSFUL$
string-index-empty-inverted,CORE,^VERIFICATION SUCCESSFUL$,DIFF,54,FAILED,expected=^VERIFICATION SUCCESSFUL$
string-index-empty-range,CORE,^VERIFICATION SUCCESSFUL$,DIFF,54,FAILED,expected=^VERIFICATION SUCCESSFUL$
string-index-empty-range_fail,CORE,^VERIFICATION FAILED$,PASS,52,FAILED,^VERIFICATION FAILED$
string-index-empty-startlen,CORE,^VERIFICATION SUCCESSFUL$,DIFF,58,FAILED,expected=^VERIFICATION SUCCESSFUL$
string-index-empty_fail,CORE,^VERIFICATION FAILED$,PASS,50,FAILED,^VERIFICATION FAILED$
string-index-end-gtlen,CORE,^VERIFICATION SUCCESSFUL$,PASS,51,SUCCESSFUL,^VERIFICATION SUCCESSFUL$
string-index-full,CORE,^VERIFICATION SUCCESSFUL$,PASS,51,SUCCESSFUL,^VERIFICATION SUCCESSFUL$
string-index-full_fail,CORE,^VERIFICATION FAILED$,PASS,51,FAILED,^VERIFICATION FAILED$
string-index-neg-range,CORE,^VERIFICATION SUCCESSFUL$,PASS,51,SUCCESSFUL,^VERIFICATION SUCCESSFUL$
string-index-negative,CORE,^VERIFICATION SUCCESSFUL$,PASS,55,SUCCESSFUL,^VERIFICATION SUCCESSFUL$
string-index-negative_fail,CORE,^VERIFICATION FAILED$,DIFF,49,SUCCESSFUL,expected=^VERIFICATION FAILED$
string-index-nondet,CORE,^VERIFICATION SUCCESSFUL$,DIFF,58,FAILED,expected=^VERIFICATION SUCCESSFUL$
string-index-nondet_fail,CORE,^VERIFICATION FAILED$,PASS,55,FAILED,^VERIFICATION FAILED$
string-index-not-found-fail,CORE,,UNKNOWN,54,FAILED,no expected regex
string-index-notfound_fail,CORE,^VERIFICATION FAILED$,PASS,53,FAILED,^VERIFICATION FAILED$
string-index-outofrange_fail,CORE,^VERIFICATION FAILED$,DIFF,51,SUCCESSFUL,expected=^VERIFICATION FAILED$
string-index-range,CORE,^VERIFICATION SUCCESSFUL$,DIFF,54,FAILED,expected=^VERIFICATION SUCCESSFUL$
string-index-range_fail,CORE,^VERIFICATION FAILED$,PASS,51,FAILED,^VERIFICATION FAILED$
string-index-repeat,CORE,^VERIFICATION SUCCESSFUL$,DIFF,50,FAILED,expected=^VERIFICATION SUCCESSFUL$
string-index-repeat-mid,CORE,^VERIFICATION SUCCESSFUL$,PASS,51,SUCCESSFUL,^VERIFICATION SUCCESSFUL$
string-index-repeat_fail,CORE,^VERIFICATION FAILED$,DIFF,50,SUCCESSFUL,expected=^VERIFICATION FAILED$
string-index-simple,CORE,^VERIFICATION SUCCESSFUL$,PASS,54,SUCCESSFUL,^VERIFICATION SUCCESSFUL$
string-index-simple_fail,CORE,^VERIFICATION FAILED$,PASS,51,FAILED,^VERIFICATION FAILED$
string-index-single-char,CORE,^VERIFICATION SUCCESSFUL$,PASS,51,SUCCESSFUL,^VERIFICATION SUCCESSFUL$
string-index-startend,CORE,^VERIFICATION SUCCESSFUL$,PASS,49,SUCCESSFUL,^VERIFICATION SUCCESSFUL$
string-index-startend_fail,CORE,^VERIFICATION FAILED$,PASS,52,FAILED,^VERIFICATION FAILED$
string-indexing,CORE,^VERIFICATION SUCCESSFUL$,PASS,54,SUCCESSFUL,^VERIFICATION SUCCESSFUL$
string-indexing2,CORE,^VERIFICATION SUCCESSFUL$,PASS,52,SUCCESSFUL,^VERIFICATION SUCCESSFUL$
string-indexing2_fail,CORE,^VERIFICATION FAILED$,PASS,51,FAILED,^VERIFICATION FAILED$
string-indexing3_fail,CORE,^VERIFICATION FAILED$,PASS,52,FAILED,^VERIFICATION FAILED$
string-indexing4,CORE,^VERIFICATION SUCCESSFUL$,PASS,52,SUCCESSFUL,^VERIFICATION SUCCESSFUL$
string-indexing4_fail,CORE,^VERIFICATION FAILED$,PASS,52,FAILED,^VERIFICATION FAILED$
string-indexing_fail,CORE,^VERIFICATION FAILED$,PASS,52,FAILED,^VERIFICATION FAILED$
string-is-methods,CORE,,UNKNOWN,56,SUCCESSFUL,no expected regex
string-isalnum,CORE,,UNKNOWN,50,SUCCESSFUL,no expected regex
string-isalnum-empty,CORE,,UNKNOWN,51,SUCCESSFUL,no expected regex
string-isalnum-space,CORE,,UNKNOWN,51,SUCCESSFUL,no expected regex
string-isalnum-underscore,CORE,,UNKNOWN,55,SUCCESSFUL,no expected regex
string-isidentifier,CORE,,UNKNOWN,52,FAILED,no expected regex
string-isidentifier-empty,CORE,,UNKNOWN,51,FAILED,no expected regex
string-isidentifier-hyphen,CORE,,UNKNOWN,51,FAILED,no expected regex
string-isidentifier-keyword,CORE,,UNKNOWN,52,FAILED,no expected regex
string-isidentifier-space,CORE,,UNKNOWN,51,FAILED,no expected regex
string-isidentifier-start-digit,CORE,,UNKNOWN,51,FAILED,no expected regex
string-isnumeric,CORE,,UNKNOWN,51,FAILED,no expected regex
string-isnumeric-alpha,CORE,,UNKNOWN,51,FAILED,no expected regex
string-isnumeric-empty,CORE,,UNKNOWN,54,FAILED,no expected regex
string-isnumeric-space,CORE,,UNKNOWN,51,FAILED,no expected regex
string-isnumeric-underscore,CORE,,UNKNOWN,50,FAILED,no expected regex
string-isupper,CORE,,UNKNOWN,50,SUCCESSFUL,no expected regex
string-isupper-empty,CORE,,UNKNOWN,50,SUCCESSFUL,no expected regex
string-isupper-lower,CORE,,UNKNOWN,53,SUCCESSFUL,no expected regex
string-isupper-mixed,CORE,,UNKNOWN,50,SUCCESSFUL,no expected regex
string-isupper-nonalpha,CORE,,UNKNOWN,50,SUCCESSFUL,no expected regex
string-join,CORE,,UNKNOWN,129,FAILED,no expected regex
string-ljust,CORE,,UNKNOWN,50,SUCCESSFUL,no expected regex
string-ljust-empty,CORE,,UNKNOWN,66,SUCCESSFUL,no expected regex
string-ljust-fill,CORE,,UNKNOWN,50,SUCCESSFUL,no expected regex
string-ljust-narrow,CORE,,UNKNOWN,51,SUCCESSFUL,no expected regex
string-lstrip-chars-fail,CORE,^VERIFICATION FAILED$,PASS,51,FAILED,^VERIFICATION FAILED$
string-lstrip-chars-success,CORE,^VERIFICATION SUCCESSFUL$,PASS,54,SUCCESSFUL,^VERIFICATION SUCCESSFUL$
string-many-ops,CORE,^VERIFICATION SUCCESSFUL$,TOERR,80,,exit=6; expected=^VERIFICATION SUCCESSFUL$
string-methods-1,CORE,,UNKNOWN,55,SUCCESSFUL,no expected regex
string-methods-2,CORE,,UNKNOWN,51,SUCCESSFUL,no expected regex
string-min-max,CORE,,UNKNOWN,54,SUCCESSFUL,no expected regex
string-module-constants,CORE,,UNKNOWN,95,FAILED,no expected regex
string-multi-concat,CORE,,UNKNOWN,57,SUCCESSFUL,no expected regex
string-negative-index,CORE,,UNKNOWN,53,SUCCESSFUL,no expected regex
string-negative-index-fail,CORE,,UNKNOWN,54,FAILED,no expected regex
string-nondet-assume-success,CORE,,UNKNOWN,60,SUCCESSFUL,no expected regex
string-nondet-basic-fail,CORE,,UNKNOWN,54,FAILED,no expected regex
string-nondet-compare-fail,CORE,,TOERR,57,,"exit=6; no expected regex, no verdict"
string-nondet-compare-success,CORE,,UNKNOWN,55,SUCCESSFUL,no expected regex
string-nondet-concat-fail,CORE,,TOERR,76,,"exit=6; no expected regex, no verdict"
string-nondet-concat-success,CORE,,UNKNOWN,67,SUCCESSFUL,no expected regex
string-nondet-double-fail,CORE,,UNKNOWN,56,FAILED,no expected regex
string-nondet-double-success,CORE,,UNKNOWN,65,SUCCESSFUL,no expected regex
string-nondet-empty-success,CORE,,UNKNOWN,69,SUCCESSFUL,no expected regex
string-nondet-in-embedded-null-empty-success,CORE,,CRASH,1187,,signal=6
string-nondet-in-embedded-null-longer-fail,CORE,,CRASH,2206,,signal=6
string-nondet-in-embedded-null-success,CORE,,CRASH,4249,,signal=6
string-nondet-in-fail,CORE,,CRASH,3210,,signal=6
string-nondet-in-success,CORE,,CRASH,5253,,signal=6
string-nondet-index-fail,CORE,,UNKNOWN,52,FAILED,no expected regex
string-nondet-index-success,CORE,,TOERR,86,,"exit=6; no expected regex, no verdict"
string-nondet-length-success,CORE,,UNKNOWN,53,SUCCESSFUL,no expected regex
string-nondet-methods-fail,CORE,,UNKNOWN,57,FAILED,no expected regex
string-nondet-methods-success,CORE,,UNKNOWN,58,SUCCESSFUL,no expected regex
string-nondet-slice-fail,CORE,,UNKNOWN,52,FAILED,no expected regex
string-nondet-slice-success,CORE,,TOERR,70,,"exit=6; no expected regex, no verdict"
string-not-in,CORE,,UNKNOWN,50,SUCCESSFUL,no expected regex
string-padding,CORE,,UNKNOWN,50,SUCCESSFUL,no expected regex
string-partition,CORE,,UNKNOWN,52,FAILED,no expected regex
string-partition-absent,CORE,,TOERR,92,,"exit=6; no expected regex, no verdict"
string-partition-empty,CORE,,TOERR,92,,"exit=6; no expected regex, no verdict"
string-partition-prefix,CORE,,TOERR,93,,"exit=6; no expected regex, no verdict"
string-partition-suffix,CORE,,TOERR,93,,"exit=6; no expected regex, no verdict"
string-removeprefix,CORE,,UNKNOWN,50,SUCCESSFUL,no expected regex
string-removeprefix-absent,CORE,,UNKNOWN,51,SUCCESSFUL,no expected regex
string-removeprefix-empty,CORE,,UNKNOWN,50,SUCCESSFUL,no expected regex
string-removeprefix-prefix-empty,CORE,,UNKNOWN,51,SUCCESSFUL,no expected regex
string-removesuffix,CORE,,UNKNOWN,50,SUCCESSFUL,no expected regex
string-removesuffix-absent,CORE,,UNKNOWN,50,SUCCESSFUL,no expected regex
string-removesuffix-empty,CORE,,UNKNOWN,51,SUCCESSFUL,no expected regex
string-removesuffix-suffix-empty,CORE,,UNKNOWN,50,SUCCESSFUL,no expected regex
string-repetition,CORE,^VERIFICATION SUCCESSFUL$,DIFF,54,FAILED,expected=^VERIFICATION SUCCESSFUL$
string-repetition-edge,CORE,,UNKNOWN,58,FAILED,no expected regex
string-replace,CORE,^VERIFICATION SUCCESSFUL$,PASS,50,SUCCESSFUL,^VERIFICATION SUCCESSFUL$
string-replace-count,CORE,^VERIFICATION SUCCESSFUL$,DIFF,53,FAILED,expected=^VERIFICATION SUCCESSFUL$
string-replace-count-big,CORE,^VERIFICATION SUCCESSFUL$,PASS,49,SUCCESSFUL,^VERIFICATION SUCCESSFUL$
string-replace-count-nondet-success,CORE,^VERIFICATION SUCCESSFUL$,TOERR,62,,exit=6; expected=^VERIFICATION SUCCESSFUL$
string-replace-count0,CORE,^VERIFICATION SUCCESSFUL$,DIFF,49,FAILED,expected=^VERIFICATION SUCCESSFUL$
string-replace-count2,CORE,^VERIFICATION SUCCESSFUL$,DIFF,53,FAILED,expected=^VERIFICATION SUCCESSFUL$
string-replace-count_fail,CORE,^VERIFICATION FAILED$,DIFF,49,SUCCESSFUL,expected=^VERIFICATION FAILED$
string-replace-empty-nondet-success,CORE,^VERIFICATION SUCCESSFUL$,TOERR,54,,exit=6; expected=^VERIFICATION SUCCESSFUL$
string-replace-empty_fail,CORE,^VERIFICATION FAILED$,PASS,52,FAILED,^VERIFICATION FAILED$
string-replace-expand,CORE,^VERIFICATION SUCCESSFUL$,DIFF,49,FAILED,expected=^VERIFICATION SUCCESSFUL$
string-replace-simple,CORE,,UNKNOWN,50,SUCCESSFUL,no expected regex
string-replace-symbolic2_fail,CORE,^VERIFICATION SUCCESSFUL$,PASS,48,SUCCESSFUL,^VERIFICATION SUCCESSFUL$
string-replace-symbolic_fail,CORE,^VERIFICATION SUCCESSFUL$,PASS,51,SUCCESSFUL,^VERIFICATION SUCCESSFUL$
string-replace2,CORE,^VERIFICATION SUCCESSFUL$,PASS,48,SUCCESSFUL,^VERIFICATION SUCCESSFUL$
string-replace2_fail,CORE,^VERIFICATION FAILED$,PASS,48,FAILED,^VERIFICATION FAILED$
string-replace3,CORE,^VERIFICATION SUCCESSFUL$,PASS,49,SUCCESSFUL,^VERIFICATION SUCCESSFUL$
string-replace3_fail,CORE,^VERIFICATION FAILED$,PASS,49,FAILED,^VERIFICATION FAILED$
string-replace4,CORE,^VERIFICATION SUCCESSFUL$,PASS,48,SUCCESSFUL,^VERIFICATION SUCCESSFUL$
string-replace5,CORE,^VERIFICATION SUCCESSFUL$,DIFF,56,FAILED,expected=^VERIFICATION SUCCESSFUL$
string-replace_fail,CORE,^VERIFICATION FAILED$,PASS,49,FAILED,^VERIFICATION FAILED$
string-rfind,CORE,^VERIFICATION SUCCESSFUL$,PASS,51,SUCCESSFUL,^VERIFICATION SUCCESSFUL$
string-rfind-empty,CORE,^VERIFICATION SUCCESSFUL$,PASS,49,SUCCESSFUL,^VERIFICATION SUCCESSFUL$
string-rfind-fail,CORE,^VERIFICATION FAILED$,PASS,48,FAILED,^VERIFICATION FAILED$
string-rfind-func,CORE,^VERIFICATION SUCCESSFUL$,DIFF,54,FAILED,expected=^VERIFICATION SUCCESSFUL$
string-rfind-longer,CORE,^VERIFICATION SUCCESSFUL$,PASS,48,SUCCESSFUL,^VERIFICATION SUCCESSFUL$
string-rfind-more-fail,CORE,^VERIFICATION FAILED$,PASS,51,FAILED,^VERIFICATION FAILED$
string-rfind-nondet,CORE,^VERIFICATION SUCCESSFUL$,DIFF,51,FAILED,expected=^VERIFICATION SUCCESSFUL$
string-rfind-nondet_fail,CORE,^VERIFICATION FAILED$,PASS,55,FAILED,^VERIFICATION FAILED$
string-rfind-overlap,CORE,^VERIFICATION SUCCESSFUL$,PASS,48,SUCCESSFUL,^VERIFICATION SUCCESSFUL$
string-rfind-single,CORE,^VERIFICATION SUCCESSFUL$,PASS,49,SUCCESSFUL,^VERIFICATION SUCCESSFUL$
string-rfind-success2,CORE,^VERIFICATION SUCCESSFUL$,PASS,50,SUCCESSFUL,^VERIFICATION SUCCESSFUL$
string-rfind-whitespace,CORE,^VERIFICATION SUCCESSFUL$,PASS,49,SUCCESSFUL,^VERIFICATION SUCCESSFUL$
string-rjust,CORE,,UNKNOWN,49,SUCCESSFUL,no expected regex
string-rjust-empty,CORE,,UNKNOWN,48,SUCCESSFUL,no expected regex
string-rjust-fill,CORE,,UNKNOWN,50,SUCCESSFUL,no expected regex
string-rjust-narrow,CORE,,UNKNOWN,50,SUCCESSFUL,no expected regex
string-rstrip,CORE,^VERIFICATION SUCCESSFUL$,PASS,51,SUCCESSFUL,^VERIFICATION SUCCESSFUL$
string-rstrip-chars-fail,CORE,^VERIFICATION FAILED$,PASS,49,FAILED,^VERIFICATION FAILED$
string-rstrip-chars-success,CORE,^VERIFICATION SUCCESSFUL$,PASS,50,SUCCESSFUL,^VERIFICATION SUCCESSFUL$
string-rstrip-nondet,CORE,^VERIFICATION SUCCESSFUL$,DIFF,125,FAILED,expected=^VERIFICATION SUCCESSFUL$
string-rstrip-nondet_fail,CORE,^VERIFICATION FAILED$,PASS,54,FAILED,^VERIFICATION FAILED$
string-rstrip-vars,CORE,^VERIFICATION SUCCESSFUL$,PASS,51,SUCCESSFUL,^VERIFICATION SUCCESSFUL$
string-rstrip_fail,CORE,^VERIFICATION FAILED$,PASS,50,FAILED,^VERIFICATION FAILED$
string-single-char-edge,CORE,,UNKNOWN,52,SUCCESSFUL,no expected regex
string-slice-step,CORE,,UNKNOWN,55,FAILED,no expected regex
string-slice1,CORE,^VERIFICATION SUCCESSFUL$,PASS,51,SUCCESSFUL,^VERIFICATION SUCCESSFUL$
string-slice1_fail,CORE,^VERIFICATION FAILED$,PASS,50,FAILED,^VERIFICATION FAILED$
string-slice2,CORE,^VERIFICATION SUCCESSFUL$,PASS,55,SUCCESSFUL,^VERIFICATION SUCCESSFUL$
string-slice2_fail,CORE,^VERIFICATION FAILED$,PASS,52,FAILED,^VERIFICATION FAILED$
string-split,CORE,,UNKNOWN,67,SUCCESSFUL,no expected regex
string-split-basic,CORE,,UNKNOWN,68,SUCCESSFUL,no expected regex
string-split-count,CORE,^VERIFICATION SUCCESSFUL$,TOERR,76,,exit=6; expected=^VERIFICATION SUCCESSFUL$
string-split-count-negative,CORE,,UNKNOWN,64,SUCCESSFUL,no expected regex
string-split-count2,CORE,^VERIFICATION SUCCESSFUL$,TOERR,87,,exit=6; expected=^VERIFICATION SUCCESSFUL$
string-split-count_fail,CORE,^VERIFICATION FAILED$,DIFF,56,SUCCESSFUL,expected=^VERIFICATION FAILED$
string-split-empty-sep,CORE,^VERIFICATION SUCCESSFUL$,PASS,59,SUCCESSFUL,^VERIFICATION SUCCESSFUL$
string-split-empty-sep_fail,CORE,^VERIFICATION FAILED$,PASS,58,FAILED,^VERIFICATION FAILED$
string-split-empty-whitespace,CORE,^VERIFICATION SUCCESSFUL$,DIFF,60,FAILED,expected=^VERIFICATION SUCCESSFUL$
string-split-empty-whitespace_fail,CORE,^VERIFICATION FAILED$,PASS,55,FAILED,^VERIFICATION FAILED$
string-split-leading-trailing_fail,CORE,,UNKNOWN,127,FAILED,no expected regex
string-split-leading_fail,CORE,,UNKNOWN,190,FAILED,no expected regex
string-split-middle-empty_fail,CORE,,UNKNOWN,197,FAILED,no expected regex
string-split-multichar-count,CORE,,UNKNOWN,61,FAILED,no expected regex
string-split-not-found-count,CORE,,UNKNOWN,62,SUCCESSFUL,no expected regex
string-split-sep-consecutive,CORE,^VERIFICATION SUCCESSFUL$,PASS,67,SUCCESSFUL,^VERIFICATION SUCCESSFUL$
string-split-sep-consecutive_fail,CORE,^VERIFICATION FAILED$,PASS,57,FAILED,^VERIFICATION FAILED$
string-split-sep-leading-trailing,CORE,^VERIFICATION SUCCESSFUL$,PASS,62,SUCCESSFUL,^VERIFICATION SUCCESSFUL$
string-split-sep-leading-trailing_fail,CORE,^VERIFICATION FAILED$,PASS,58,FAILED,^VERIFICATION FAILED$
string-split-sep-maxsplit,CORE,^VERIFICATION SUCCESSFUL$,DIFF,61,FAILED,expected=^VERIFICATION SUCCESSFUL$
string-split-sep-maxsplit-large,CORE,^VERIFICATION SUCCESSFUL$,PASS,68,SUCCESSFUL,^VERIFICATION SUCCESSFUL$
string-split-sep-maxsplit-large_fail,CORE,^VERIFICATION FAILED$,PASS,65,FAILED,^VERIFICATION FAILED$
string-split-sep-maxsplit_fail,CORE,^VERIFICATION FAILED$,PASS,64,FAILED,^VERIFICATION FAILED$
string-split-sep-not-found,CORE,^VERIFICATION SUCCESSFUL$,PASS,61,SUCCESSFUL,^VERIFICATION SUCCESSFUL$
string-split-sep-not-found_fail,CORE,^VERIFICATION FAILED$,PASS,57,FAILED,^VERIFICATION FAILED$
string-split-sep-single,CORE,^VERIFICATION SUCCESSFUL$,PASS,64,SUCCESSFUL,^VERIFICATION SUCCESSFUL$
string-split-sep-single_fail,CORE,^VERIFICATION FAILED$,PASS,62,FAILED,^VERIFICATION FAILED$
string-split-symbolic_fail,CORE,^VERIFICATION SUCCESSFUL$,PASS,49,SUCCESSFUL,^VERIFICATION SUCCESSFUL$
string-split-trailing-simple_fail,CORE,,UNKNOWN,186,FAILED,no expected regex
string-split-trailing_fail,CORE,,UNKNOWN,68,FAILED,no expected regex
string-split-whitespace,CORE,^VERIFICATION SUCCESSFUL$,DIFF,64,FAILED,expected=^VERIFICATION SUCCESSFUL$
string-split-whitespace-empty,CORE,^VERIFICATION SUCCESSFUL$,DIFF,59,FAILED,expected=^VERIFICATION SUCCESSFUL$
string-split-whitespace-leading-token,CORE,^VERIFICATION SUCCESSFUL$,DIFF,65,FAILED,expected=^VERIFICATION SUCCESSFUL$
string-split-whitespace-leading-token_fail,CORE,^VERIFICATION FAILED$,PASS,58,FAILED,^VERIFICATION FAILED$
string-split-whitespace-leading-trailing,CORE,^VERIFICATION SUCCESSFUL$,DIFF,66,FAILED,expected=^VERIFICATION SUCCESSFUL$
string-split-whitespace-leading-trailing_fail,CORE,^VERIFICATION FAILED$,PASS,63,FAILED,^VERIFICATION FAILED$
string-split-whitespace-maxsplit,CORE,^VERIFICATION SUCCESSFUL$,DIFF,61,FAILED,expected=^VERIFICATION SUCCESSFUL$
string-split-whitespace-maxsplit-negative,CORE,^VERIFICATION SUCCESSFUL$,DIFF,68,FAILED,expected=^VERIFICATION SUCCESSFUL$
string-split-whitespace-maxsplit-negative_fail,CORE,^VERIFICATION FAILED$,PASS,58,FAILED,^VERIFICATION FAILED$
string-split-whitespace-maxsplit0,CORE,^VERIFICATION SUCCESSFUL$,DIFF,67,FAILED,expected=^VERIFICATION SUCCESSFUL$
string-split-whitespace-maxsplit0_fail,CORE,^VERIFICATION FAILED$,PASS,62,FAILED,^VERIFICATION FAILED$
string-split-whitespace-maxsplit2,CORE,^VERIFICATION SUCCESSFUL$,DIFF,74,FAILED,expected=^VERIFICATION SUCCESSFUL$
string-split-whitespace-maxsplit2_fail,CORE,^VERIFICATION FAILED$,PASS,57,FAILED,^VERIFICATION FAILED$
string-split-whitespace-none,CORE,^VERIFICATION SUCCESSFUL$,DIFF,75,FAILED,expected=^VERIFICATION SUCCESSFUL$
string-split-whitespace-none_fail,CORE,^VERIFICATION FAILED$,PASS,57,FAILED,^VERIFICATION FAILED$
string-split-whitespace-only-maxsplit0,CORE,^VERIFICATION SUCCESSFUL$,DIFF,56,FAILED,expected=^VERIFICATION SUCCESSFUL$
string-split-whitespace-only-maxsplit0_fail,CORE,^VERIFICATION FAILED$,PASS,61,FAILED,^VERIFICATION FAILED$
string-split-whitespace-only-maxsplit1,CORE,^VERIFICATION SUCCESSFUL$,DIFF,56,FAILED,expected=^VERIFICATION SUCCESSFUL$
string-split-whitespace-only-maxsplit1_fail,CORE,^VERIFICATION FAILED$,PASS,60,FAILED,^VERIFICATION FAILED$
string-split-whitespace-sep-none,CORE,^VERIFICATION SUCCESSFUL$,DIFF,71,FAILED,expected=^VERIFICATION SUCCESSFUL$
string-split-whitespace-single,CORE,^VERIFICATION SUCCESSFUL$,DIFF,66,FAILED,expected=^VERIFICATION SUCCESSFUL$
string-split-whitespace-tabs-newlines,CORE,^VERIFICATION SUCCESSFUL$,DIFF,67,FAILED,expected=^VERIFICATION SUCCESSFUL$
string-split-whitespace-tabs-newlines_fail,CORE,^VERIFICATION FAILED$,PASS,59,FAILED,^VERIFICATION FAILED$
string-split-whitespace_fail,CORE,^VERIFICATION FAILED$,PASS,58,FAILED,^VERIFICATION FAILED$
string-split2,CORE,,UNKNOWN,88,SUCCESSFUL,no expected regex
string-split3,CORE,,UNKNOWN,62,SUCCESSFUL,no expected regex
string-split4,CORE,,UNKNOWN,59,SUCCESSFUL,no expected regex
string-split5,CORE,,UNKNOWN,74,SUCCESSFUL,no expected regex
string-split_fail,CORE,,UNKNOWN,67,FAILED,no expected regex
string-splitlines,CORE,,UNKNOWN,53,FAILED,no expected regex
string-splitlines-crlf,CORE,,TOERR,91,,"exit=6; no expected regex, no verdict"
string-splitlines-empty,CORE,,TOERR,90,,"exit=6; no expected regex, no verdict"
string-splitlines-trailing,CORE,,TOERR,124,,"exit=6; no expected regex, no verdict"
string-start-end,CORE,,UNKNOWN,50,SUCCESSFUL,no expected regex
string-startswith,CORE,^VERIFICATION SUCCESSFUL$,PASS,54,SUCCESSFUL,^VERIFICATION SUCCESSFUL$
string-strip-chars-fail,CORE,^VERIFICATION FAILED$,PASS,51,FAILED,^VERIFICATION FAILED$
string-strip-chars-success,CORE,^VERIFICATION SUCCESSFUL$,PASS,57,SUCCESSFUL,^VERIFICATION SUCCESSFUL$
string-strip-combination-fail,CORE,^VERIFICATION FAILED$,PASS,53,FAILED,^VERIFICATION FAILED$
string-strip-combination-success,CORE,^VERIFICATION SUCCESSFUL$,PASS,52,SUCCESSFUL,^VERIFICATION SUCCESSFUL$
string-strip-empty-chars-success,CORE,^VERIFICATION SUCCESSFUL$,PASS,53,SUCCESSFUL,^VERIFICATION SUCCESSFUL$
string-strip-multichar-success,CORE,^VERIFICATION SUCCESSFUL$,PASS,54,SUCCESSFUL,^VERIFICATION SUCCESSFUL$
string-strip-order-matters-success,CORE,^VERIFICATION SUCCESSFUL$,PASS,57,SUCCESSFUL,^VERIFICATION SUCCESSFUL$
string-strip-variants,CORE,,UNKNOWN,52,SUCCESSFUL,no expected regex
string-swapcase,CORE,,UNKNOWN,49,SUCCESSFUL,no expected regex
string-swapcase-empty,CORE,,UNKNOWN,51,SUCCESSFUL,no expected regex
string-swapcase-lower,CORE,,UNKNOWN,53,SUCCESSFUL,no expected regex
string-swapcase-nonalpha,CORE,,UNKNOWN,50,SUCCESSFUL,no expected regex
string-swapcase-upper,CORE,,UNKNOWN,51,SUCCESSFUL,no expected regex
string-symbolic-1,CORE,,UNKNOWN,55,FAILED,no expected regex
string-symbolic-2,CORE,,UNKNOWN,62,SUCCESSFUL,no expected regex
string-symbolic-3,CORE,,UNKNOWN,66,SUCCESSFUL,no expected regex
string-symbolic-4,CORE,,UNKNOWN,56,FAILED,no expected regex
string-symbolic-5,CORE,,UNKNOWN,51,SUCCESSFUL,no expected regex
string-symbolic-6,CORE,,UNKNOWN,52,SUCCESSFUL,no expected regex
string-symbolic-7,CORE,,TOERR,76,,"exit=6; no expected regex, no verdict"
string-symbolic-8,CORE,,UNKNOWN,74,SUCCESSFUL,no expected regex
string-symbolic-ops-fail,CORE,,UNKNOWN,55,FAILED,no expected regex
string-title,CORE,,UNKNOWN,51,SUCCESSFUL,no expected regex
string-title-accent,CORE,,UNKNOWN,52,SUCCESSFUL,no expected regex
string-title-already,CORE,,UNKNOWN,51,SUCCESSFUL,no expected regex
string-title-empty,CORE,,UNKNOWN,50,SUCCESSFUL,no expected regex
string-title-hyphen,CORE,,UNKNOWN,56,SUCCESSFUL,no expected regex
string-title-multispace,CORE,,UNKNOWN,52,SUCCESSFUL,no expected regex
string-title-numbers,CORE,,UNKNOWN,51,SUCCESSFUL,no expected regex
string-title-underscore,CORE,,UNKNOWN,51,SUCCESSFUL,no expected regex
string-unicode-basic,CORE,,UNKNOWN,51,FAILED,no expected regex
string-upper-already,CORE,^VERIFICATION SUCCESSFUL$,PASS,56,SUCCESSFUL,^VERIFICATION SUCCESSFUL$
string-upper-empty,CORE,^VERIFICATION SUCCESSFUL$,PASS,51,SUCCESSFUL,^VERIFICATION SUCCESSFUL$
string-upper-fail,CORE,^VERIFICATION FAILED$,PASS,51,FAILED,^VERIFICATION FAILED$
string-upper-fail2,CORE,^VERIFICATION FAILED$,PASS,51,FAILED,^VERIFICATION FAILED$
string-upper-mixed,CORE,^VERIFICATION SUCCESSFUL$,PASS,50,SUCCESSFUL,^VERIFICATION SUCCESSFUL$
string-upper-nondet,CORE,^VERIFICATION SUCCESSFUL$,PASS,58,SUCCESSFUL,^VERIFICATION SUCCESSFUL$
string-upper-nondet_fail,CORE,^VERIFICATION FAILED$,PASS,62,FAILED,^VERIFICATION FAILED$
string-upper-nonletters,CORE,^VERIFICATION SUCCESSFUL$,PASS,51,SUCCESSFUL,^VERIFICATION SUCCESSFUL$
string-upper-simple,CORE,^VERIFICATION SUCCESSFUL$,PASS,51,SUCCESSFUL,^VERIFICATION SUCCESSFUL$
string-upper-single-char,CORE,^VERIFICATION SUCCESSFUL$,PASS,56,SUCCESSFUL,^VERIFICATION SUCCESSFUL$
string-upper-single-char_fail,CORE,^VERIFICATION FAILED$,PASS,51,FAILED,^VERIFICATION FAILED$
string-upper-whitespace,CORE,^VERIFICATION SUCCESSFUL$,PASS,54,SUCCESSFUL,^VERIFICATION SUCCESSFUL$
string-zfill,CORE,,UNKNOWN,52,SUCCESSFUL,no expected regex
string-zfill-already,CORE,,UNKNOWN,50,SUCCESSFUL,no expected regex
string-zfill-empty,CORE,,UNKNOWN,50,SUCCESSFUL,no expected regex
string-zfill-narrow,CORE,,UNKNOWN,52,SUCCESSFUL,no expected regex
string-zfill-negative,CORE,,UNKNOWN,50,SUCCESSFUL,no expected regex
string1,CORE,^VERIFICATION SUCCESSFUL$,PASS,55,SUCCESSFUL,^VERIFICATION SUCCESSFUL$
string10,CORE,^VERIFICATION SUCCESSFUL$,PASS,70,SUCCESSFUL,^VERIFICATION SUCCESSFUL$
string11,CORE,^VERIFICATION SUCCESSFUL$,PASS,56,SUCCESSFUL,^VERIFICATION SUCCESSFUL$
string12,CORE,^VERIFICATION SUCCESSFUL$,PASS,57,SUCCESSFUL,^VERIFICATION SUCCESSFUL$
string13,CORE,^VERIFICATION SUCCESSFUL$,PASS,52,SUCCESSFUL,^VERIFICATION SUCCESSFUL$
string14,CORE,^VERIFICATION SUCCESSFUL$,PASS,84,SUCCESSFUL,^VERIFICATION SUCCESSFUL$
string15,CORE,^VERIFICATION SUCCESSFUL$,PASS,56,SUCCESSFUL,^VERIFICATION SUCCESSFUL$
string16,CORE,^VERIFICATION SUCCESSFUL$,PASS,57,SUCCESSFUL,^VERIFICATION SUCCESSFUL$
string17,CORE,^VERIFICATION SUCCESSFUL$,PASS,644,SUCCESSFUL,^VERIFICATION SUCCESSFUL$
string18,CORE,^VERIFICATION SUCCESSFUL$,PASS,59,SUCCESSFUL,^VERIFICATION SUCCESSFUL$
string19,CORE,^VERIFICATION SUCCESSFUL$,PASS,56,SUCCESSFUL,^VERIFICATION SUCCESSFUL$
string19_fail,CORE,^VERIFICATION FAILED$,PASS,55,FAILED,^VERIFICATION FAILED$
string1_fail,CORE,^VERIFICATION FAILED$,PASS,53,FAILED,^VERIFICATION FAILED$
string2,CORE,^VERIFICATION SUCCESSFUL$,PASS,54,SUCCESSFUL,^VERIFICATION SUCCESSFUL$
string20,CORE,^VERIFICATION SUCCESSFUL$,PASS,59,SUCCESSFUL,^VERIFICATION SUCCESSFUL$
string21_2_fail,CORE,^VERIFICATION FAILED$,PASS,54,FAILED,^VERIFICATION FAILED$
string21_fail,CORE,^VERIFICATION FAILED$,PASS,53,FAILED,^VERIFICATION FAILED$
string22,THOROUGH,^VERIFICATION SUCCESSFUL$,PASS,92,SUCCESSFUL,^VERIFICATION SUCCESSFUL$
string22_fail,THOROUGH,^VERIFICATION FAILED$,PASS,104,FAILED,^VERIFICATION FAILED$
string23,CORE,^VERIFICATION SUCCESSFUL$,PASS,52,SUCCESSFUL,^VERIFICATION SUCCESSFUL$
string23_fail,CORE,^VERIFICATION FAILED$,PASS,51,FAILED,^VERIFICATION FAILED$
string2_fail,CORE,^VERIFICATION FAILED$,PASS,50,FAILED,^VERIFICATION FAILED$
string3,CORE,^VERIFICATION SUCCESSFUL$,PASS,50,SUCCESSFUL,^VERIFICATION SUCCESSFUL$
string3_fail,CORE,^VERIFICATION FAILED$,PASS,51,FAILED,^VERIFICATION FAILED$
string4,CORE,^VERIFICATION SUCCESSFUL$,PASS,50,SUCCESSFUL,^VERIFICATION SUCCESSFUL$
string4_fail,CORE,^VERIFICATION FAILED$,PASS,50,FAILED,^VERIFICATION FAILED$
string5,CORE,^VERIFICATION SUCCESSFUL$,PASS,53,SUCCESSFUL,^VERIFICATION SUCCESSFUL$
string5_fail,CORE,^VERIFICATION FAILED$,PASS,51,FAILED,^VERIFICATION FAILED$
string6,CORE,^VERIFICATION SUCCESSFUL$,PASS,49,SUCCESSFUL,^VERIFICATION SUCCESSFUL$
string6_fail,CORE,^VERIFICATION FAILED$,PASS,49,FAILED,^VERIFICATION FAILED$
string7,CORE,^VERIFICATION SUCCESSFUL$,PASS,52,SUCCESSFUL,^VERIFICATION SUCCESSFUL$
string7_fail,CORE,^VERIFICATION FAILED$,PASS,52,FAILED,^VERIFICATION FAILED$
string8,CORE,^VERIFICATION SUCCESSFUL$,PASS,52,SUCCESSFUL,^VERIFICATION SUCCESSFUL$
string8_fail,CORE,^VERIFICATION FAILED$,PASS,55,FAILED,^VERIFICATION FAILED$
string9,CORE,^VERIFICATION SUCCESSFUL$,PASS,51,SUCCESSFUL,^VERIFICATION SUCCESSFUL$
string9_fail,CORE,^VERIFICATION FAILED$,PASS,54,FAILED,^VERIFICATION FAILED$
strings,CORE,^VERIFICATION SUCCESSFUL$,PASS,56,SUCCESSFUL,^VERIFICATION SUCCESSFUL$
strings-bounds-fail,CORE,^VERIFICATION FAILED$,PASS,52,FAILED,^VERIFICATION FAILED$
strings-concat,CORE,^VERIFICATION SUCCESSFUL$,PASS,50,SUCCESSFUL,^VERIFICATION SUCCESSFUL$
strings-concat-fail,CORE,^VERIFICATION FAILED$,PASS,50,FAILED,^VERIFICATION FAILED$
strings-easy,CORE,^VERIFICATION SUCCESSFUL$,PASS,50,SUCCESSFUL,^VERIFICATION SUCCESSFUL$
strings-eq-fail,CORE,^VERIFICATION FAILED$,PASS,51,FAILED,^VERIFICATION FAILED$
strings2,CORE,^VERIFICATION SUCCESSFUL$,PASS,88,SUCCESSFUL,^VERIFICATION SUCCESSFUL$
strings2_str_multifield,CORE,^VERIFICATION SUCCESSFUL$,PASS,152,SUCCESSFUL,^VERIFICATION SUCCESSFUL$
strings2_str_no_dunder,CORE,^VERIFICATION SUCCESSFUL$,PASS,72,SUCCESSFUL,^VERIFICATION SUCCESSFUL$
strings2_str_plain,CORE,^VERIFICATION SUCCESSFUL$,PASS,56,SUCCESSFUL,^VERIFICATION SUCCESSFUL$
syntax-error-fail,CORE,,UNKNOWN,55,SUCCESSFUL,no expected regex
ternary_comprehensive,THOROUGH,^VERIFICATION SUCCESSFUL$,PASS,76,SUCCESSFUL,^VERIFICATION SUCCESSFUL$
ternary_fail,CORE,"^Properties\: 6 verified, \✗ 6 failed$",FAIL,53,FAILED,"expected=^Properties\: 6 verified, \✗ 6 failed$"
ternary_operator,CORE,^VERIFICATION SUCCESSFUL$,PASS,50,SUCCESSFUL,^VERIFICATION SUCCESSFUL$
ternary_operator2,CORE,^VERIFICATION SUCCESSFUL$,PASS,66,SUCCESSFUL,^VERIFICATION SUCCESSFUL$
ternary_operator3,CORE,^VERIFICATION SUCCESSFUL$,PASS,72,SUCCESSFUL,^VERIFICATION SUCCESSFUL$
ternary_operator4,CORE,^VERIFICATION SUCCESSFUL$,PASS,52,SUCCESSFUL,^VERIFICATION SUCCESSFUL$
ternary_string,CORE,^VERIFICATION SUCCESSFUL$,PASS,124,SUCCESSFUL,^VERIFICATION SUCCESSFUL$
ternary_string_fail,CORE,^VERIFICATION FAILED$,PASS,58,FAILED,^VERIFICATION FAILED$
ternary_symbolic,CORE,^VERIFICATION SUCCESSFUL$,PASS,70,SUCCESSFUL,^VERIFICATION SUCCESSFUL$
tuple1,CORE,^VERIFICATION SUCCESSFUL$,PASS,51,SUCCESSFUL,^VERIFICATION SUCCESSFUL$
tuple10,CORE,^VERIFICATION SUCCESSFUL$,PASS,48,SUCCESSFUL,^VERIFICATION SUCCESSFUL$
tuple10_fail,CORE,^VERIFICATION FAILED$,PASS,50,FAILED,^VERIFICATION FAILED$
tuple11,CORE,^VERIFICATION SUCCESSFUL$,PASS,50,SUCCESSFUL,^VERIFICATION SUCCESSFUL$
tuple11_fail,CORE,^VERIFICATION FAILED$,DIFF,55,SUCCESSFUL,expected=^VERIFICATION FAILED$
tuple12,CORE,^VERIFICATION SUCCESSFUL$,PASS,54,SUCCESSFUL,^VERIFICATION SUCCESSFUL$
tuple12_fail,CORE,^VERIFICATION FAILED$,PASS,51,FAILED,^VERIFICATION FAILED$
tuple14,CORE,^VERIFICATION SUCCESSFUL$,DIFF,52,FAILED,expected=^VERIFICATION SUCCESSFUL$
tuple14_fail,CORE,^VERIFICATION FAILED$,PASS,55,FAILED,^VERIFICATION FAILED$
tuple15,CORE,^VERIFICATION SUCCESSFUL$,DIFF,55,FAILED,expected=^VERIFICATION SUCCESSFUL$
tuple15_fail,CORE,^VERIFICATION FAILED$,PASS,51,FAILED,^VERIFICATION FAILED$
tuple16-nondet,CORE,^VERIFICATION SUCCESSFUL$,PASS,54,SUCCESSFUL,^VERIFICATION SUCCESSFUL$
tuple16-nondet_fail,CORE,^VERIFICATION FAILED$,DIFF,52,SUCCESSFUL,expected=^VERIFICATION FAILED$
tuple17-nondet,CORE,^VERIFICATION SUCCESSFUL$,PASS,60,SUCCESSFUL,^VERIFICATION SUCCESSFUL$
tuple18,CORE,^VERIFICATION SUCCESSFUL$,DIFF,51,FAILED,expected=^VERIFICATION SUCCESSFUL$
tuple18_fail,CORE,^VERIFICATION FAILED$,DIFF,52,SUCCESSFUL,expected=^VERIFICATION FAILED$
tuple19,CORE,^VERIFICATION SUCCESSFUL$,DIFF,51,FAILED,expected=^VERIFICATION SUCCESSFUL$
tuple2,CORE,^VERIFICATION SUCCESSFUL$,PASS,51,SUCCESSFUL,^VERIFICATION SUCCESSFUL$
tuple4,CORE,^VERIFICATION SUCCESSFUL$,PASS,51,SUCCESSFUL,^VERIFICATION SUCCESSFUL$
tuple5,CORE,^VERIFICATION SUCCESSFUL$,PASS,53,SUCCESSFUL,^VERIFICATION SUCCESSFUL$
tuple6,CORE,^VERIFICATION SUCCESSFUL$,DIFF,55,FAILED,expected=^VERIFICATION SUCCESSFUL$
tuple6_fail,CORE,^VERIFICATION FAILED$,PASS,51,FAILED,^VERIFICATION FAILED$
tuple9,CORE,^VERIFICATION SUCCESSFUL$,PASS,50,SUCCESSFUL,^VERIFICATION SUCCESSFUL$
tuple9_fail,CORE,^VERIFICATION FAILED$,PASS,51,FAILED,^VERIFICATION FAILED$
tuple_index_fail,CORE,^VERIFICATION FAILED$,PASS,52,FAILED,^VERIFICATION FAILED$
tuple_index_method,CORE,^VERIFICATION SUCCESSFUL$,DIFF,51,FAILED,expected=^VERIFICATION SUCCESSFUL$
tuples,KNOWNBUG,^VERIFICATION SUCCESSFUL$,PASS,102,SUCCESSFUL,^VERIFICATION SUCCESSFUL$
type-annotation,CORE,^VERIFICATION SUCCESSFUL$,PASS,51,SUCCESSFUL,^VERIFICATION SUCCESSFUL$
type-annotation-assign-check,CORE,^VERIFICATION FAILED$,DIFF,51,SUCCESSFUL,expected=^VERIFICATION FAILED$
type-annotation-call-check,CORE,^VERIFICATION FAILED$,DIFF,52,SUCCESSFUL,expected=^VERIFICATION FAILED$
type-annotation-check,CORE,^VERIFICATION FAILED$,DIFF,52,SUCCESSFUL,expected=^VERIFICATION FAILED$
type-annotation-class,CORE,^VERIFICATION SUCCESSFUL$,PASS,77,SUCCESSFUL,^VERIFICATION SUCCESSFUL$
type-annotation-class10,CORE,^VERIFICATION SUCCESSFUL$,DIFF,52,FAILED,expected=^VERIFICATION SUCCESSFUL$
type-annotation-class2,CORE,^VERIFICATION SUCCESSFUL$,PASS,52,SUCCESSFUL,^VERIFICATION SUCCESSFUL$
type-annotation-class3,CORE,^VERIFICATION SUCCESSFUL$,PASS,53,SUCCESSFUL,^VERIFICATION SUCCESSFUL$
type-annotation-class4,CORE,^VERIFICATION SUCCESSFUL$,PASS,53,SUCCESSFUL,^VERIFICATION SUCCESSFUL$
type-annotation-class5,CORE,^VERIFICATION SUCCESSFUL$,PASS,55,SUCCESSFUL,^VERIFICATION SUCCESSFUL$
type-annotation-class6,CORE,^VERIFICATION SUCCESSFUL$,PASS,55,SUCCESSFUL,^VERIFICATION SUCCESSFUL$
type-annotation-class7-fail,CORE,^TypeError\: \_\_init\_\_\(\) takes 2 positional arguments but 3 were given$,FAIL,56,SUCCESSFUL,expected=^TypeError\: \_\_init\_\_\(\) takes 2 positional arguments but 3 were given$
type-annotation-class8,CORE,^VERIFICATION SUCCESSFUL$,PASS,52,SUCCESSFUL,^VERIFICATION SUCCESSFUL$
type-annotation-class9,CORE,^VERIFICATION SUCCESSFUL$,PASS,55,SUCCESSFUL,^VERIFICATION SUCCESSFUL$
type-annotation-generics-fail,CORE,^VERIFICATION FAILED$,DIFF,55,SUCCESSFUL,expected=^VERIFICATION FAILED$
type-annotation-generics-pass,CORE,^VERIFICATION SUCCESSFUL$,PASS,52,SUCCESSFUL,^VERIFICATION SUCCESSFUL$
type-annotation-inheritance-check,CORE,^VERIFICATION FAILED$,DIFF,51,SUCCESSFUL,expected=^VERIFICATION FAILED$
type-annotation-reassign-check,CORE,^VERIFICATION FAILED$,DIFF,52,SUCCESSFUL,expected=^VERIFICATION FAILED$
type-annotation-reassign-check-1,CORE,^VERIFICATION SUCCESSFUL$,PASS,50,SUCCESSFUL,^VERIFICATION SUCCESSFUL$
type-annotation-reassign-check-2,CORE,^VERIFICATION SUCCESSFUL$,PASS,49,SUCCESSFUL,^VERIFICATION SUCCESSFUL$
type-annotation-union-check,CORE,^VERIFICATION FAILED$,DIFF,53,SUCCESSFUL,expected=^VERIFICATION FAILED$
type-annotation2,CORE,^VERIFICATION SUCCESSFUL$,PASS,57,SUCCESSFUL,^VERIFICATION SUCCESSFUL$
type-annotation3,CORE,^VERIFICATION SUCCESSFUL$,PASS,53,SUCCESSFUL,^VERIFICATION SUCCESSFUL$
type-inference-for-len,CORE,^VERIFICATION SUCCESSFUL$,DIFF,85,FAILED,expected=^VERIFICATION SUCCESSFUL$
type_alias,CORE,^VERIFICATION SUCCESSFUL$,DIFF,56,FAILED,expected=^VERIFICATION SUCCESSFUL$
type_alias_2,CORE,^VERIFICATION SUCCESSFUL$,DIFF,54,FAILED,expected=^VERIFICATION SUCCESSFUL$
type_alias_fail,CORE,^VERIFICATION FAILED$,PASS,52,FAILED,^VERIFICATION FAILED$
type_annotation2_fail,CORE,^VERIFICATION FAILED$,PASS,126,FAILED,^VERIFICATION FAILED$
type_annotation3_fail,CORE,^VERIFICATION FAILED$,PASS,56,FAILED,^VERIFICATION FAILED$
type_annotation4,CORE,^VERIFICATION SUCCESSFUL$,DIFF,63,FAILED,expected=^VERIFICATION SUCCESSFUL$
type_annotation4_fail,CORE,^VERIFICATION FAILED$,PASS,62,FAILED,^VERIFICATION FAILED$
type_annotation5,CORE,^VERIFICATION SUCCESSFUL$,PASS,50,SUCCESSFUL,^VERIFICATION SUCCESSFUL$
type_annotation_fail,CORE,^VERIFICATION FAILED$,PASS,65,FAILED,^VERIFICATION FAILED$
typing_typevar,CORE,^VERIFICATION SUCCESSFUL$,PASS,58,SUCCESSFUL,^VERIFICATION SUCCESSFUL$
typing_typevar_fail,CORE,^VERIFICATION FAILED$,PASS,52,FAILED,^VERIFICATION FAILED$
unary,CORE,^VERIFICATION SUCCESSFUL$,PASS,51,SUCCESSFUL,^VERIFICATION SUCCESSFUL$
unary+,CORE,^VERIFICATION SUCCESSFUL$,PASS,52,SUCCESSFUL,^VERIFICATION SUCCESSFUL$
unary+_fail,CORE,^VERIFICATION FAILED$,PASS,51,FAILED,^VERIFICATION FAILED$
uniform,THOROUGH,^VERIFICATION SUCCESSFUL$,PASS,106,SUCCESSFUL,^VERIFICATION SUCCESSFUL$
uniform_fail,CORE,^VERIFICATION FAILED$,PASS,94,FAILED,^VERIFICATION FAILED$
union,CORE,^VERIFICATION SUCCESSFUL$,PASS,53,SUCCESSFUL,^VERIFICATION SUCCESSFUL$
union2,THOROUGH,^VERIFICATION SUCCESSFUL$,PASS,65,SUCCESSFUL,^VERIFICATION SUCCESSFUL$
union2_fail,CORE,^VERIFICATION FAILED$,PASS,58,FAILED,^VERIFICATION FAILED$
union3,CORE,^VERIFICATION SUCCESSFUL$,PASS,67,SUCCESSFUL,^VERIFICATION SUCCESSFUL$
union3_fail,CORE,^VERIFICATION FAILED$,PASS,53,FAILED,^VERIFICATION FAILED$
union4,CORE,^VERIFICATION SUCCESSFUL$,PASS,53,SUCCESSFUL,^VERIFICATION SUCCESSFUL$
union4_fail,CORE,^VERIFICATION FAILED$,PASS,53,FAILED,^VERIFICATION FAILED$
union5,CORE,^VERIFICATION SUCCESSFUL$,PASS,55,SUCCESSFUL,^VERIFICATION SUCCESSFUL$
union5_fail,CORE,^VERIFICATION FAILED$,PASS,51,FAILED,^VERIFICATION FAILED$
union6,CORE,^VERIFICATION SUCCESSFUL$,PASS,52,SUCCESSFUL,^VERIFICATION SUCCESSFUL$
union6_fail,CORE,^VERIFICATION FAILED$,PASS,54,FAILED,^VERIFICATION FAILED$
union_fail,CORE,^VERIFICATION FAILED$,PASS,52,FAILED,^VERIFICATION FAILED$
var-declarations,CORE,^VERIFICATION SUCCESSFUL$,PASS,53,SUCCESSFUL,^VERIFICATION SUCCESSFUL$
verifier-assume,CORE,^VERIFICATION SUCCESSFUL$,PASS,51,SUCCESSFUL,^VERIFICATION SUCCESSFUL$
verifier-assume-fail,CORE,^VERIFICATION FAILED$,PASS,53,FAILED,^VERIFICATION FAILED$
while,CORE,^VERIFICATION SUCCESSFUL$,PASS,52,SUCCESSFUL,^VERIFICATION SUCCESSFUL$
while-break,CORE,^VERIFICATION SUCCESSFUL$,PASS,51,SUCCESSFUL,^VERIFICATION SUCCESSFUL$
while-break-fail,CORE,^VERIFICATION FAILED$,PASS,50,FAILED,^VERIFICATION FAILED$
while-break2,CORE,^VERIFICATION SUCCESSFUL$,PASS,53,SUCCESSFUL,^VERIFICATION SUCCESSFUL$
while-break3,CORE,^VERIFICATION SUCCESSFUL$,PASS,52,SUCCESSFUL,^VERIFICATION SUCCESSFUL$
while-break4,CORE,^VERIFICATION SUCCESSFUL$,PASS,53,SUCCESSFUL,^VERIFICATION SUCCESSFUL$
while-break5,CORE,^VERIFICATION SUCCESSFUL$,PASS,51,SUCCESSFUL,^VERIFICATION SUCCESSFUL$
while-break6,CORE,^VERIFICATION SUCCESSFUL$,PASS,96,SUCCESSFUL,^VERIFICATION SUCCESSFUL$
while-continue,CORE,^VERIFICATION SUCCESSFUL$,PASS,54,SUCCESSFUL,^VERIFICATION SUCCESSFUL$
while-continue-fail,CORE,^VERIFICATION FAILED$,PASS,52,FAILED,^VERIFICATION FAILED$
while-fail,CORE,^VERIFICATION FAILED$,PASS,53,FAILED,^VERIFICATION FAILED$
while-fail_GtE,CORE,^VERIFICATION FAILED$,PASS,57,FAILED,^VERIFICATION FAILED$
while-fail_LtE,CORE,^VERIFICATION FAILED$,PASS,56,FAILED,^VERIFICATION FAILED$
while-random,CORE,^VERIFICATION SUCCESSFUL$,PASS,99,SUCCESSFUL,^VERIFICATION SUCCESSFUL$
while-random-fail,CORE,^VERIFICATION FAILED$,PASS,99,FAILED,^VERIFICATION FAILED$
while-random-fail2,CORE,^VERIFICATION FAILED$,PASS,105,FAILED,^VERIFICATION FAILED$
while-random-fail3,CORE,^VERIFICATION FAILED$,PASS,95,FAILED,^VERIFICATION FAILED$
while-random2,CORE,^VERIFICATION SUCCESSFUL$,PASS,100,SUCCESSFUL,^VERIFICATION SUCCESSFUL$
while2,CORE,^VERIFICATION SUCCESSFUL$,PASS,51,SUCCESSFUL,^VERIFICATION SUCCESSFUL$
while3,CORE,^VERIFICATION SUCCESSFUL$,PASS,52,SUCCESSFUL,^VERIFICATION SUCCESSFUL$
while_GtE,CORE,^VERIFICATION SUCCESSFUL$,PASS,52,SUCCESSFUL,^VERIFICATION SUCCESSFUL$
while_LtE,CORE,^VERIFICATION SUCCESSFUL$,PASS,50,SUCCESSFUL,^VERIFICATION SUCCESSFUL$
